review_id,product_id,product_name,service_category,review_text,mapping_scope,consumer_expression,normalized_concept,existing_facet_match,existing_value_match,discovery_type,proposed_facet,proposed_value,evidence_sentence,confidence,medical_outcome_flag
430,134,뉴트리미 마이팩 하루 한 포 맞춤영양제,health-functional-food,멀티비타민과 다른 영양제 골고루 넣어서 신청했어요~ 마이팩으로 필요한 영양제 위주로 구성하니 좋네요. 약처럼 한 봉지 안에 들어 있어서 한 포씩 뜯어서 휴대하기도 좋고 구매하면 상담을 통해 필요한 영양성분을 추천해주니 더 좋았습니다.,HFF_MAPPED,성분,ingredient_inclusion:ingredient_mentioned,ingredient_inclusion,ingredient_mentioned,EXISTING_FACET,,,제 골고루 넣어서 신청했어요~ 마이팩으로 필요한 영양제 위주로 구성하니 좋네요. 약처럼 한 봉지 안에 들어 있어서 한 포씩 뜯어서 휴대하기도 좋고 구매하면 상담을 통해 필요한 영양성분을 추천해주니 더 좋았습니다.,HIGH,False
430,134,뉴트리미 마이팩 하루 한 포 맞춤영양제,health-functional-food,멀티비타민과 다른 영양제 골고루 넣어서 신청했어요~ 마이팩으로 필요한 영양제 위주로 구성하니 좋네요. 약처럼 한 봉지 안에 들어 있어서 한 포씩 뜯어서 휴대하기도 좋고 구매하면 상담을 통해 필요한 영양성분을 추천해주니 더 좋았습니다.,HFF_MAPPED,휴대,packaging:portable,packaging,portable,EXISTING_FACET,,,골고루 넣어서 신청했어요~ 멀티비타민과 다른 영양제 골고루 넣어서 신청했어요~ 마이팩으로 필요한 영양제 위주로 구성하니 좋네요. 약처럼 한 봉지 안에 들어 있어서 한 포씩 뜯어서 휴대하기도 좋고 구매하면 상담을 통해 필요한 영양성분을 추천해주니 더 좋았습니다.,HIGH,False
429,134,뉴트리미 마이팩 하루 한 포 맞춤영양제,health-functional-food,개별적으로 먹던 영양제를 한봉씩 소포장 되어있어서 이것저것 잊어버리지 않고 챙겨먹을 수 있어서 좋습니다. 특히 이렇게 먹으니 약 창고?가 정리가 되네요. 너무 정리가 안되어있었거든요 무튼 하나씩 챙겨 먹었던것을 이렇게 약챙겨 먹듯이 먹으니 너무 좋습니다 !!!,HFF_MAPPED,챙겨,intake_convenience:convenient,intake_convenience,convenient,EXISTING_FACET,,,좋아 개별적으로 먹던 영양제를 한봉씩 소포장 되어있어서 이것저것 잊어버리지 않고 챙겨먹을 수 있어서 좋습니다. 특히 이렇게 먹으니 약 창고?가 정리가 되네요. 너무 정리가 안되어있었거든요 무튼 하나씩 챙겨 먹었던것을 이렇게 약챙겨 먹듯이 먹으니 너무 좋습니다 !!,HIGH,False
429,134,뉴트리미 마이팩 하루 한 포 맞춤영양제,health-functional-food,개별적으로 먹던 영양제를 한봉씩 소포장 되어있어서 이것저것 잊어버리지 않고 챙겨먹을 수 있어서 좋습니다. 특히 이렇게 먹으니 약 창고?가 정리가 되네요. 너무 정리가 안되어있었거든요 무튼 하나씩 챙겨 먹었던것을 이렇게 약챙겨 먹듯이 먹으니 너무 좋습니다 !!!,HFF_MAPPED,포장,packaging:packaging,packaging,packaging,EXISTING_FACET,,,좋아 개별적으로 먹던 영양제를 한봉씩 소포장 되어있어서 이것저것 잊어버리지 않고 챙겨먹을 수 있어서 좋습니다. 특히 이렇게 먹으니 약 창고?가 정리가 되네요. 너무 정리가 안되어있었거든요 무튼 하나씩 챙겨 먹었던것을 이렇게,HIGH,False
428,134,뉴트리미 마이팩 하루 한 포 맞춤영양제,health-functional-food,전문상담사님과 꼼꼼하게 통화한 후에 나에게 필요한 영양제들만 추천받을 수 있어서 좋아요. 그리고 매일 영양제 챙겨먹기 힘들었는데 이렇게 하루 한포로 소분되어있어서 매일 잘 챙겨먹고 있네요^^,HFF_MAPPED,하루 한,intake_frequency,,,NEW_FACET_CANDIDATE,intake_frequency,,편하고 정말 좋아요! 전문상담사님과 꼼꼼하게 통화한 후에 나에게 필요한 영양제들만 추천받을 수 있어서 좋아요. 그리고 매일 영양제 챙겨먹기 힘들었는데 이렇게 하루 한포로 소분되어있어서 매일 잘 챙겨먹고 있네요^^,MEDIUM,False
428,134,뉴트리미 마이팩 하루 한 포 맞춤영양제,health-functional-food,전문상담사님과 꼼꼼하게 통화한 후에 나에게 필요한 영양제들만 추천받을 수 있어서 좋아요. 그리고 매일 영양제 챙겨먹기 힘들었는데 이렇게 하루 한포로 소분되어있어서 매일 잘 챙겨먹고 있네요^^,HFF_MAPPED,챙겨,intake_convenience:convenient,intake_convenience,convenient,EXISTING_FACET,,,편하고 정말 좋아요! 전문상담사님과 꼼꼼하게 통화한 후에 나에게 필요한 영양제들만 추천받을 수 있어서 좋아요. 그리고 매일 영양제 챙겨먹기 힘들었는데 이렇게 하루 한포로 소분되어있어서 매일 잘 챙겨먹고 있네요^^,HIGH,False
428,134,뉴트리미 마이팩 하루 한 포 맞춤영양제,health-functional-food,전문상담사님과 꼼꼼하게 통화한 후에 나에게 필요한 영양제들만 추천받을 수 있어서 좋아요. 그리고 매일 영양제 챙겨먹기 힘들었는데 이렇게 하루 한포로 소분되어있어서 매일 잘 챙겨먹고 있네요^^,HFF_MAPPED,먹기 힘,intake_convenience:inconvenient,intake_convenience,inconvenient,EXISTING_FACET,,,편하고 정말 좋아요! 전문상담사님과 꼼꼼하게 통화한 후에 나에게 필요한 영양제들만 추천받을 수 있어서 좋아요. 그리고 매일 영양제 챙겨먹기 힘들었는데 이렇게 하루 한포로 소분되어있어서 매일 잘 챙겨먹고 있네요^^,HIGH,False
427,134,뉴트리미 마이팩 하루 한 포 맞춤영양제,health-functional-food,"전문가가 디테일한 상담을 통해 필요한 것만 추천해가지고, 내영양에 필요한 것만 한번에 제공되니 편하고 좋습니다. 크기도 클까 걱정되었는데! 생각보다 아담하니 자리차지도 많이 하지않아 더 좋습니다.",HFF_MAPPED,,non_facet,,,NON_FACET,,,"전문가가 디테일한 상담을 통해 필요한 것만 추천해가지고, 내영양에 필요한 것만 한번에 제공되니 편하고 좋습니다. 크기도 클까 걱정되었는데! 생각보다 아담하니 자리차지도 많이 하지않아 더 좋습니다. 전문가가 디테일한 상담을 통해 필요한 것만 추천해가지고, 내영양에 필요한 것만 한번에 제공되니 편하고 좋습니다. 크기도 클까 걱정되었는데! 생각보다 아담하니 자리차지도 많이 하지않아 더 좋습니다.",LOW,False
426,134,뉴트리미 마이팩 하루 한 포 맞춤영양제,health-functional-food,나에게 맞는 영양제라니 디테일한 상담에 빠른배송 감사해요!,HFF_MAPPED,배송,non_facet,,,NON_FACET,,,나에게 맞는 영양제라니 디테일한 상담에 빠른배송 감사해요! 나에게 맞는 영양제라니 디테일한 상담에 빠른배송 감사해요!,LOW,False
425,134,뉴트리미 마이팩 하루 한 포 맞춤영양제,health-functional-food,친절하게 상담 해주시고 몸에 적합한 영양제를 추천해주셨어요. 포장도 깔끔해요,HFF_MAPPED,포장,packaging:packaging,packaging,packaging,EXISTING_FACET,,,친절하게 상담 해주시고 몸에 적합한 영양제를 추천해주셨어요. 포장도 깔끔해요 친절하게 상담 해주시고 몸에 적합한 영양제를 추천해주셨어요. 포장도 깔끔해요,HIGH,False
424,134,뉴트리미 마이팩 하루 한 포 맞춤영양제,health-functional-food,내가 원하는 영양소만 먹을 수 있어서 좋아요!,HFF_MAPPED,,non_facet,,,NON_FACET,,,내가 원하는 영양소만 먹을 수 있어서 좋아요! 내가 원하는 영양소만 먹을 수 있어서 좋아요!,LOW,False
423,134,뉴트리미 마이팩 하루 한 포 맞춤영양제,health-functional-food,3교대하다 보니 생체리듬깨지고 몸상태 별로 않조은데 요즘 영양제 먹으니카 몸도 가뿐하고좋네요~~~,HFF_MAPPED,,non_facet,,,NON_FACET,,,3교대하다 보니 생체리듬깨지고 몸상태 별로 않조은데 요즘 영양제 먹으니카 몸도 가뿐하고좋네요~~~ 3교대하다 보니 생체리듬깨지고 몸상태 별로 않조은데 요즘 영양제 먹으니카 몸도 가뿐하고좋네요~~~,LOW,False
422,134,뉴트리미 마이팩 하루 한 포 맞춤영양제,health-functional-food,교대근무하면서 영양제 첑겨먹기 힘들얻는데 3개월동안 진짜 꼬박꼬박 챙커먹을수잏어서 좋아어요~~~,HFF_MAPPED,먹기 힘,intake_convenience:inconvenient,intake_convenience,inconvenient,EXISTING_FACET,,,교대근무하면서 영양제 첑겨먹기 힘들얻는데 3개월동안 진짜 꼬박꼬박 챙커먹을수잏어서 좋아어요~~~ 교대근무하면서 영양제 첑겨먹기 힘들얻는데 3개월동안 진짜 꼬박꼬박 챙커먹을수잏어서 좋아어요~~~,HIGH,False
421,134,뉴트리미 마이팩 하루 한 포 맞춤영양제,health-functional-food,만족해서 재구매 합니다,HFF_MAPPED,재구매,non_facet,,,NON_FACET,,,만족해서 재구매 합니다 만족해서 재구매 합니다,LOW,False
420,134,뉴트리미 마이팩 하루 한 포 맞춤영양제,health-functional-food,먹기 너무 간편해요~! 친절하게 상담도 해주시고 잘 먹어보겠습니당,HFF_MAPPED,간편,intake_convenience:convenient,intake_convenience,convenient,EXISTING_FACET,,,먹기 너무 간편해요~! 친절하게 상담도 해주시고 잘 먹어보겠습니당 먹기 너무 간편해요~! 친절하게 상담도 해주시고 잘 먹어보겠습니당,HIGH,False
419,134,뉴트리미 마이팩 하루 한 포 맞춤영양제,health-functional-food,편하게 섭취 가능해서 좋습니다,HFF_MAPPED,,non_facet,,,NON_FACET,,,편하게 섭취 가능해서 좋습니다 편하게 섭취 가능해서 좋습니다,LOW,False
418,1,"뉴트리미 에센셜 팩, 1개 150정(30포)",health-functional-food,다른 영양제와는 다른 느낌이네요 하루가 다릅니다 이제 가족이 함께 먹기로했습니다. 감사합니다~,HFF_MAPPED,,non_facet,,,NON_FACET,,,건강 다른 영양제와는 다른 느낌이네요 하루가 다릅니다 이제 가족이 함께 먹기로했습니다. 감사합니다~,LOW,False
417,1,"뉴트리미 에센셜 팩, 1개 150정(30포)",health-functional-food,항상 구매 해서 정말 잘 먹고 있습니다. 감사해요.,HFF_MAPPED,,non_facet,,,NON_FACET,,,좋아요 항상 구매 해서 정말 잘 먹고 있습니다. 감사해요.,LOW,False
415,72,뉴트리미 에센셜팩 2개월분 60포 (30포*2개) (개당 150정),health-functional-food,내가 꾸준이 복용해보고 좋아서 지인추천해 드렸어요~~,HFF_MAPPED,,non_facet,,,NON_FACET,,,지인추천 내가 꾸준이 복용해보고 좋아서 지인추천해 드렸어요~~,LOW,False
414,72,뉴트리미 에센셜팩 2개월분 60포 (30포*2개) (개당 150정),health-functional-food,늘 복용하고 있는데 좋은걸 느낍니다~~~,HFF_MAPPED,,non_facet,,,NON_FACET,,,잘복용하고 있어요~~ 늘 복용하고 있는데 좋은걸 느낍니다~~~,LOW,False
413,,,UNKNOWN,늘먹는 단백질 입니다~~,UNMAPPED_REFERENCE,,non_facet,,,NON_FACET,,,잘받았읍니다~~~ 늘먹는 단백질 입니다~~,LOW,False
412,73,뉴트리미 에센셜팩 3개월분 90포 (30포*3개) (개당 150정),health-functional-food,지인께 선물했는데 좋아하네요~~~,HFF_MAPPED,선물,non_facet,,,NON_FACET,,,잘받았읍니다~~~ 지인께 선물했는데 좋아하네요~~~,LOW,False
410,15,칼마디앤K2,health-functional-food,나이들어 칼슘.마그네슘이 필요성이 느껴서 구매했습니다 전에 대표님이 귄해 주시기도 했으며 산사람의 고객이라도 성의껏 답변 주신 대표님의 성의가 감사해서 믿고 복용하려 합니다 감사합니다,HFF_MAPPED,,non_facet,,,NON_FACET,,,칼마디 나이들어 칼슘.마그네슘이 필요성이 느껴서 구매했습니다 전에 대표님이 귄해 주시기도 했으며 산사람의 고객이라도 성의껏 답변 주신 대표님의 성의가 감사해서 믿고 복용하려 합니다 감사합니다,LOW,False
409,16,뉴트리미 오메가3 (500정),health-functional-food,좋은상품 으로 해주셔서 너무 감사히 잘 복용하고 있어요~~ 감사합니다~~^*6,HFF_MAPPED,,non_facet,,,NON_FACET,,,질 좋은 오메가3 좋은상품 으로 해주셔서 너무 감사히 잘 복용하고 있어요~~ 감사합니다~~^*6,LOW,False
408,16,뉴트리미 오메가3 (500정),health-functional-food,다른 제품 복용하다 교체 해서 복용중입니다~~`,HFF_MAPPED,,non_facet,,,NON_FACET,,,질 좋은 오메가3 다른 제품 복용하다 교체 해서 복용중입니다~~`,LOW,False
407,1,"뉴트리미 에센셜 팩, 1개 150정(30포)",health-functional-food,좋은 영양제 주셔서 감사히 잘 복용하고 건강해져가고 있어서 감사드립니다~~ 번창하세요~~^*,HFF_MAPPED,,non_facet,,,NON_FACET,,,복용중이예요~` 좋은 영양제 주셔서 감사히 잘 복용하고 건강해져가고 있어서 감사드립니다~~ 번창하세요~~^*,LOW,False
406,1,"뉴트리미 에센셜 팩, 1개 150정(30포)",health-functional-food,먹기 편하고 한번에 여러 영양소를 먹을수 있으니 좋은거 같아요,HFF_MAPPED,먹기 편,intake_convenience:convenient,intake_convenience,convenient,EXISTING_FACET,,,먹기 편하고 한번에 여러 영양소를 먹을수 있으니 좋은거 같아요 먹기 편하고 한번에 여러 영양소를 먹을수 있으니 좋은거 같아요,HIGH,False
405,22,뉴트리미 프로바이오텍트 플러스 이뮨,health-functional-food,복용중입니다~~ 대표님을 믿고요~~ 감사합니다~~`,HFF_MAPPED,,non_facet,,,NON_FACET,,,복용중이예요~` 복용중입니다~~ 대표님을 믿고요~~ 감사합니다~~`,LOW,False
404,16,뉴트리미 오메가3 (500정),health-functional-food,다른데걸 먹다가 이상품으로 바꾸었어요~~~ 감사합니다~~,HFF_MAPPED,,non_facet,,,NON_FACET,,,질 좋은 오메가3 다른데걸 먹다가 이상품으로 바꾸었어요~~~ 감사합니다~~,LOW,False
403,,,UNKNOWN,좋은 단백질 꾸준이 복용 건강해지기위해 노력중입니다 감사합니다,UNMAPPED_REFERENCE,,non_facet,,,NON_FACET,,,좋은 단백질 좋은 단백질 꾸준이 복용 건강해지기위해 노력중입니다 감사합니다,LOW,False
402,73,뉴트리미 에센셜팩 3개월분 90포 (30포*3개) (개당 150정),health-functional-food,꾸준히 잘 드시고 계십니다~~~,HFF_MAPPED,,non_facet,,,NON_FACET,,,계속 먹고있는데 좋아요~~ 꾸준히 잘 드시고 계십니다~~~,LOW,False
401,73,뉴트리미 에센셜팩 3개월분 90포 (30포*3개) (개당 150정),health-functional-food,에센셜팩은 항상 준비해 두고 여분을 갖고 있을 만큼 애용하고 있습니다. 이번에 네이버와 홈피에서 프로모션해서 6개월치 구매했습니다 같이 복용하면 3 ㅡ4 개월 분입니다 항상 모니터링하고 있습니다. 대표님도 많이 친절하시고요 다만 홈피에서는 대응이 좀 느립니다. 또 프로모션 기다리겠습니다,HFF_MAPPED,프로모션,non_facet,,,NON_FACET,,,잘받았습니다 에센셜팩은 항상 준비해 두고 여분을 갖고 있을 만큼 애용하고 있습니다. 이번에 네이버와 홈피에서 프로모션해서 6개월치 구매했습니다 같이 복용하면 3 ㅡ4 개월 분입니다 항상 모니터링하고 있습니다. 대표님도 많이 친절하시고요 다만 홈피에서는 대응이 좀 느립니다. 또 프로모션 기다리겠습니다,LOW,False
400,16,뉴트리미 오메가3 (500정),health-functional-food,영양제 실허하는 남편 설득해서 구매해줬더니 열심히 잘드시고 계시네요~~,HFF_MAPPED,,non_facet,,,NON_FACET,,,남편 복용용으로~~~~~~ 영양제 실허하는 남편 설득해서 구매해줬더니 열심히 잘드시고 계시네요~~,LOW,False
399,,,UNKNOWN,계속 먹고있는데 좋아요~~ 고기가 잘안먹혀서 단백질 보충용으로 꾸준이 복용중입니다,UNMAPPED_REFERENCE,,non_facet,,,NON_FACET,,,계속 먹고있는데 좋아요~~ 계속 먹고있는데 좋아요~~ 고기가 잘안먹혀서 단백질 보충용으로 꾸준이 복용중입니다,LOW,False
398,1,"뉴트리미 에센셜 팩, 1개 150정(30포)",health-functional-food,내가 복용해보고 좋타고 했더니 먹어보구 싶다해서요,HFF_MAPPED,선물,non_facet,,,NON_FACET,,,지인에게 선물~~ 내가 복용해보고 좋타고 했더니 먹어보구 싶다해서요,LOW,False
397,1,"뉴트리미 에센셜 팩, 1개 150정(30포)",health-functional-food,게속복용중입니다.,HFF_MAPPED,,non_facet,,,NON_FACET,,,엣션설팩 후기 게속복용중입니다.,LOW,False
396,1,"뉴트리미 에센셜 팩, 1개 150정(30포)",health-functional-food,복용하니 좋아서 꾸준히 복용중입니다,HFF_MAPPED,,non_facet,,,NON_FACET,,,엣션설팩 후기 복용하니 좋아서 꾸준히 복용중입니다,LOW,False
395,1,"뉴트리미 에센셜 팩, 1개 150정(30포)",health-functional-food,복용해보니 좋아서 재주문합니다,HFF_MAPPED,,non_facet,,,NON_FACET,,,엣션설팩 후기 복용해보니 좋아서 재주문합니다,LOW,False
394,80,관절케어 MSM 2000,health-functional-food,50대 중반 여성입니다 최근들어 점점 더 관절이 불편해져서 지난 1~2개월 동안 MSM 먹어보았고 이번에 다시 주문하게 되었습니다 나이 듦에 따라 관절이 전체적으로 붓고 뻑뻑하다는 느낌이 있고 손목과 어깨 관절에 약간의 염증이 있는데 MSM 복용하며 한결 부드러워졌습니다 당분간 계속 복용할 생각입니다^^,HFF_MAPPED,관절,medical_outcome,,,SUBJECTIVE_MEDICAL_OUTCOME,,,MSM 복용 후기 50대 중반 여성입니다 최근들어 점점 더 관절이 불편해져서 지난 1~2개월 동안 MSM 먹어보았고 이번에 다시 주문하게 되었습니다 나이 듦에 따라 관절이 전체적으로 붓고 뻑뻑하다는 느낌이 있고 손목과 어깨 관절에 약간의 염증,HIGH,True
393,,,UNKNOWN,"딸기나 바나나, 진저랑 이것 저것 섞으려면 우유맛 프로틴이 제일 좋은데 이게 그래요. 아이도 먹을 수 있게 무항생제, 무호르몬이예요. 유당도 없고 유청단백에 자연방목. 최고예요!",UNMAPPED_REFERENCE,맛,taste:taste,taste,taste,NEW_ALIAS,taste,taste,"항상 먹는 프로틴이예요 딸기나 바나나, 진저랑 이것 저것 섞으려면 우유맛 프로틴이 제일 좋은데 이게 그래요. 아이도 먹을 수 있게 무항생제, 무호르몬이예요. 유당도 없고 유청단백에 자연방목. 최고예요!",HIGH,False
392,,,UNKNOWN,나이가 들어가니 단백질 수치가 너무 약하고 골다공증이 있어서 병원에 가면 고기 많이 드세요~` 의사 선생님에 늘 하시는 말씀에 신경이 쓰였었는데 여기 단백질을 꾸준히 먹었더니 얼마전 검사에서 단백질 수치가 좋아져서 기분이 좋았어요~~ 영양학 박사님 이신 대표님에 단백질 너무 좋아요~~ 에센셜 팩 제품도 좋은거 같아요~~ 아는 지인에 권유로 암00 더000도 먹어 봤는데 여기 대표님에 제품이 저에겐 더 좋은거 같습니다~~ 감사히 잘 먹으며 건강해지렵니다~~ 대표님 좋은 제품 개발해 주셔서 너무 감사합니다~~ 꾸준이 이용할게요~~,UNMAPPED_REFERENCE,,non_facet,,,NON_FACET,,,꾸준이 먹었더니 단백질 수치가 좋아지고 있어요~~^*^ 나이가 들어가니 단백질 수치가 너무 약하고 골다공증이 있어서 병원에 가면 고기 많이 드세요~` 의사 선생님에 늘 하시는 말씀에 신경이 쓰였었는데 여기 단백질을 꾸준히 먹었더니 얼마전 검사에서 단백질 수치가 좋아져서 기분이 좋았어요~~ 영양학 박사님 이신 대표님에 단백질 너무 좋아요~~ 에센셜 팩 제품도 좋은거 같아요~~ 아는 지인에 권유,LOW,False
391,1,"뉴트리미 에센셜 팩, 1개 150정(30포)",health-functional-food,항상 먹고 있는 제품이고 원하는 영양제가 같이 포함되어 있고 복용하기 편리하고 좋습니다,HFF_MAPPED,,non_facet,,,NON_FACET,,,엣션설팩 후기 항상 먹고 있는 제품이고 원하는 영양제가 같이 포함되어 있고 복용하기 편리하고 좋습니다,LOW,False
390,,,UNKNOWN,꾸준히 이용중입니다~,UNMAPPED_REFERENCE,,non_facet,,,NON_FACET,,,꾸준히 이용중입니다~ 꾸준히 이용중입니다~,LOW,False
388,,,UNKNOWN,재료선별부터 믿음직합니다..많은 도움 받고 있어요,UNMAPPED_REFERENCE,,non_facet,,,NON_FACET,,,좋아요 재료선별부터 믿음직합니다..많은 도움 받고 있어요,LOW,False
387,,,UNKNOWN,저렴하게 잘 먹고 있어요..재료선별부터 신경쓰신것 같아 신뢰가 갑니다.,UNMAPPED_REFERENCE,,non_facet,,,NON_FACET,,,좋아요 저렴하게 잘 먹고 있어요..재료선별부터 신경쓰신것 같아 신뢰가 갑니다.,LOW,False
386,16,뉴트리미 오메가3 (500정),health-functional-food,늘 주문해 먹고 있는 제품이에요. 생선 비린내가 많이 나지 않아서 좋아요~,HFF_MAPPED,비린내,odor:fishy,odor,fishy,EXISTING_FACET,,,늘 주문해 먹고 있는 제품이에요. 생선 비린내가 많이 나지 않아서 좋아요~ 늘 주문해 먹고 있는 제품이에요. 생선 비린내가 많이 나지 않아서 좋아요~,HIGH,False
386,16,뉴트리미 오메가3 (500정),health-functional-food,늘 주문해 먹고 있는 제품이에요. 생선 비린내가 많이 나지 않아서 좋아요~,HFF_MAPPED,비린,odor:fishy,odor,fishy,EXISTING_FACET,,,늘 주문해 먹고 있는 제품이에요. 생선 비린내가 많이 나지 않아서 좋아요~ 늘 주문해 먹고 있는 제품이에요. 생선 비린내가 많이 나지 않아서 좋아요~,HIGH,False
385,,,UNKNOWN,먹는 동안 살은 안찌고 유지된거같아요,UNMAPPED_REFERENCE,,non_facet,,,NON_FACET,,,먹는 동안 살은 안찌고 유지된거같아요 먹는 동안 살은 안찌고 유지된거같아요,LOW,False
383,,,UNKNOWN,선물받았는데 맛도 괜찮고 무엇보다 주위에서 얼굴이 좋아졌다고 많이 합니다,UNMAPPED_REFERENCE,맛,taste:taste,taste,taste,NEW_ALIAS,taste,taste,선물받았는데 맛도 괜찮고 무엇보다 주위에서 얼굴이 좋아졌다고 많이 합니다 선물받았는데 맛도 괜찮고 무엇보다 주위에서 얼굴이 좋아졌다고 많이 합니다,HIGH,False
382,,,UNKNOWN,꾸준히 먹어볼게요 ㅎㅎ,UNMAPPED_REFERENCE,,non_facet,,,NON_FACET,,,꾸준히 먹어볼게요 ㅎㅎ 꾸준히 먹어볼게요 ㅎㅎ,LOW,False
381,,,UNKNOWN,많이 먹으면 얼굴이랑 하체에 바로 살 붙는 타입이어서 관리 엄청 해야하는데 이거 꾸준히 먹고나서부터는 따로 신경 안 써도 몸무게 유지해주는 거 같아요,UNMAPPED_REFERENCE,,non_facet,,,NON_FACET,,,유지어터 추천 많이 먹으면 얼굴이랑 하체에 바로 살 붙는 타입이어서 관리 엄청 해야하는데 이거 꾸준히 먹고나서부터는 따로 신경 안 써도 몸무게 유지해주는 거 같아요,LOW,False
380,16,뉴트리미 오메가3 (500정),health-functional-food,알이 정말 작아서 삼키기 쉽고 타사 오메가 먹으면 비린내가 너무 나는데 안나서 넘 조하요!!,HFF_MAPPED,비린내,odor:fishy,odor,fishy,EXISTING_FACET,,,굳굳 알이 정말 작아서 삼키기 쉽고 타사 오메가 먹으면 비린내가 너무 나는데 안나서 넘 조하요!!,HIGH,False
380,16,뉴트리미 오메가3 (500정),health-functional-food,알이 정말 작아서 삼키기 쉽고 타사 오메가 먹으면 비린내가 너무 나는데 안나서 넘 조하요!!,HFF_MAPPED,비린,odor:fishy,odor,fishy,EXISTING_FACET,,,굳굳 알이 정말 작아서 삼키기 쉽고 타사 오메가 먹으면 비린내가 너무 나는데 안나서 넘 조하요!!,HIGH,False
380,16,뉴트리미 오메가3 (500정),health-functional-food,알이 정말 작아서 삼키기 쉽고 타사 오메가 먹으면 비린내가 너무 나는데 안나서 넘 조하요!!,HFF_MAPPED,삼키기,swallowability:easy,swallowability,easy,EXISTING_FACET,,,굳굳 알이 정말 작아서 삼키기 쉽고 타사 오메가 먹으면 비린내가 너무 나는데 안나서 넘 조하요!!,HIGH,False
379,17,혈압밸런스 코엔자임 Q10,health-functional-food,알약 사이즈가 작아서 삼킬 때 너무 편하고 좋아요 !! 소비기한 행사 때 저렴하게 구매한 거 같네요,HFF_MAPPED,효과,medical_outcome,,,SUBJECTIVE_MEDICAL_OUTCOME,,,효과 좋아요 알약 사이즈가 작아서 삼킬 때 너무 편하고 좋아요 !! 소비기한 행사 때 저렴하게 구매한 거 같네요,HIGH,True
378,,,UNKNOWN,배송도 빠르고 포장도 엄청 예쁘고 맛도 좋아요 !!!! 지인추천으로 구매한 거라 꾸준히 먹어보려고 일단 두통 주문했어요 ㅎ,UNMAPPED_REFERENCE,맛,taste:taste,taste,taste,NEW_ALIAS,taste,taste,맛있어요! 배송도 빠르고 포장도 엄청 예쁘고 맛도 좋아요 !!!! 지인추천으로 구매한 거라 꾸준히 먹어보려고 일단 두통 주문했어요 ㅎ,HIGH,False
378,,,UNKNOWN,배송도 빠르고 포장도 엄청 예쁘고 맛도 좋아요 !!!! 지인추천으로 구매한 거라 꾸준히 먹어보려고 일단 두통 주문했어요 ㅎ,UNMAPPED_REFERENCE,포장,packaging:packaging,packaging,packaging,EXISTING_FACET,,,맛있어요! 배송도 빠르고 포장도 엄청 예쁘고 맛도 좋아요 !!!! 지인추천으로 구매한 거라 꾸준히 먹어보려고 일단 두통 주문했어요 ㅎ,HIGH,False
377,,,UNKNOWN,이벤트 너무 좋네요 약 크기도 딱좋아요 좋은약을 좋은가격으로 살수있어서 잘 먹어볼께요,UNMAPPED_REFERENCE,가격,non_facet,,,NON_FACET,,,이벤트 이벤트 너무 좋네요 약 크기도 딱좋아요 좋은약을 좋은가격으로 살수있어서 잘 먹어볼께요,LOW,False
376,20,간건강 밀크씨슬,health-functional-food,을 이제는 챙겨야 할 거 같아서 먹기 시작했어용 !!!,HFF_MAPPED,간 건강,medical_outcome,,,SUBJECTIVE_MEDICAL_OUTCOME,,,간 건강 을 이제는 챙겨야 할 거 같아서 먹기 시작했어용 !!!,HIGH,True
375,13,눈건강 루테인 지아잔틴 솔루션,health-functional-food,좋은 거 같아요 포장이 꼼꼼해용 배송도 빠르구,HFF_MAPPED,포장,packaging:packaging,packaging,packaging,EXISTING_FACET,,,good 좋은 거 같아요 포장이 꼼꼼해용 배송도 빠르구,HIGH,False
374,22,뉴트리미 프로바이오텍트 플러스 이뮨,health-functional-food,제가 변비가 심해서 모든 브랜드 제품 프로바이오틱스나 가루형 제품도 다 먹어봣는데 우연히 네이버 쇼핑에서 뉴트리미를 발견해서 먹게 되었는데 효과 짱이에요 !!!!! 매일 먹음 내성 생길 거 같아서 변비심할 때 먹으면 효과 직빵입니다!!,HFF_MAPPED,효과,medical_outcome,,,SUBJECTIVE_MEDICAL_OUTCOME,,,효과 짱이에요 제가 변비가 심해서 모든 브랜드 제품 프로바이오틱스나 가루형 제품도 다 먹어봣는데 우연히 네이버 쇼핑에서 뉴트리미를 발견해서 먹게 되었는데 효과 짱이에요 !!!!! 매일,HIGH,True
373,,,UNKNOWN,작년부터 꾸준히 먹고 있는 마이슬림 꾸준히 먹으면 아무리 많이 먹어도 체중이 항상 유지되는 거 같아서 너무 좋아요,UNMAPPED_REFERENCE,,non_facet,,,NON_FACET,,,좋아요 !! 작년부터 꾸준히 먹고 있는 마이슬림 꾸준히 먹으면 아무리 많이 먹어도 체중이 항상 유지되는 거 같아서 너무 좋아요,LOW,False
369,73,뉴트리미 에센셜팩 3개월분 90포 (30포*3개) (개당 150정),health-functional-food,잠시 텀을 띄어 봤는데 역시 복용하면 도움을 줍니다. 3개월치 주문했는데 칼맥D 권유하셔서 또 3개월치 구매합니다 믿고 복용하고 믿음이 가는 뉴트리미 입니다. 꾸준하게 복용하고 느낀 점입니다. 물론 드라마틱 하진 않지요,HFF_MAPPED,,non_facet,,,NON_FACET,,,잠시 텀을 띄어 봤는데 잠시 텀을 띄어 봤는데 역시 복용하면 도움을 줍니다. 3개월치 주문했는데 칼맥D 권유하셔서 또 3개월치 구매합니다 믿고 복용하고 믿음이 가는 뉴트리미 입니다. 꾸준하게 복용하고 느낀 점입니다. 물론 드라마틱 하진 않지요,LOW,False
368,,,UNKNOWN,먹기 부담없이 편하고 즐거운 맘으로 잘 먹고 있습니다 수 개월 먹고 있습니다만 앞으로도 꾸준히 먹을 생각입니다 피부 탄력과 느낌이 안 먹었을 때에 비교해 훨씬 좋습니다 우연의 효과인지 아침에 일어날 때 손 마디 아픈 것도 사라졌습니다,UNMAPPED_REFERENCE,효과,medical_outcome,,,SUBJECTIVE_MEDICAL_OUTCOME,,,로 먹기 부담없이 편하고 즐거운 맘으로 잘 먹고 있습니다 수 개월 먹고 있습니다만 앞으로도 꾸준히 먹을 생각입니다 피부 탄력과 느낌이 안 먹었을 때에 비교해 훨씬 좋습니다 우연의 효과인지 아침에 일어날 때 손 마디 아픈 것도 사라졌습니다,HIGH,True
367,,,UNKNOWN,항암치료를 앞두고 계시는 아버지께 영양보충용으로 구매했어요~ 감사합니다~!,UNMAPPED_REFERENCE,치료,medical_outcome,,,SUBJECTIVE_MEDICAL_OUTCOME,,,항암치료를 앞두고 계시는 아버지께 영 항암치료를 앞두고 계시는 아버지께 영양보충용으로 구매했어요~ 감사합니다~!,HIGH,True
366,1,"뉴트리미 에센셜 팩, 1개 150정(30포)",health-functional-food,이거 거르면 큰일 나신다고 생각하시는 엄마를 위해 매번 구매해요 좋은 제품 감사해요~^^,HFF_MAPPED,,non_facet,,,NON_FACET,,,이거 거르면 큰일 나신다고 생각하시는 이거 거르면 큰일 나신다고 생각하시는 엄마를 위해 매번 구매해요 좋은 제품 감사해요~^^,LOW,False
365,1,"뉴트리미 에센셜 팩, 1개 150정(30포)",health-functional-food,공구가로 잘 산거 같아요. 한포에 필요한 영양제가 있어서 복용하기 편해요.,HFF_MAPPED,,non_facet,,,NON_FACET,,,공구가로 잘 산거 같아요. 한포에 필 공구가로 잘 산거 같아요. 한포에 필요한 영양제가 있어서 복용하기 편해요.,LOW,False
364,16,뉴트리미 오메가3 (500정),health-functional-food,배송 누락되었는데 확인후 다시 보내주셨어요,HFF_MAPPED,배송,non_facet,,,NON_FACET,,,배송 누락되었는데 확인후 다시 보내주 배송 누락되었는데 확인후 다시 보내주셨어요,LOW,False
363,16,뉴트리미 오메가3 (500정),health-functional-food,40이 넘으니 꼭 챙겨먹어야겠다 싶어 주문했어요. 꾸준히 먹을게요. 작아 먹기좋고 냄새도 전혀 안나요.,HFF_MAPPED,챙겨,intake_convenience:convenient,intake_convenience,convenient,EXISTING_FACET,,,40이 넘으니 꼭 챙겨먹어야겠다 싶어 40이 넘으니 꼭 챙겨먹어야겠다 싶어 주문했어요. 꾸준히 먹을게요. 작아 먹기좋고 냄새도 전혀 안나요.,HIGH,False
363,16,뉴트리미 오메가3 (500정),health-functional-food,40이 넘으니 꼭 챙겨먹어야겠다 싶어 주문했어요. 꾸준히 먹을게요. 작아 먹기좋고 냄새도 전혀 안나요.,HFF_MAPPED,냄새,odor:odor,odor,odor,NEW_ALIAS,odor,odor,40이 넘으니 꼭 챙겨먹어야겠다 싶어 40이 넘으니 꼭 챙겨먹어야겠다 싶어 주문했어요. 꾸준히 먹을게요. 작아 먹기좋고 냄새도 전혀 안나요.,HIGH,False
362,15,칼마디앤K2,health-functional-food,꾸준히 먹어보려고 합니다. 목넘김 좋고 믿고 먹어요,HFF_MAPPED,목넘김,swallowability:easy,swallowability,easy,EXISTING_FACET,,,꾸준히 먹어보려고 합니다. 꾸준히 먹어보려고 합니다. 목넘김 좋고 믿고 먹어요,HIGH,False
361,1,"뉴트리미 에센셜 팩, 1개 150정(30포)",health-functional-food,"깔끔한 포장, 필수영양제가 먹기 편안하게 담겨있습니다",HFF_MAPPED,먹기 편,intake_convenience:convenient,intake_convenience,convenient,EXISTING_FACET,,,"깔끔한 포장, 필수영양제가 먹기 편안 깔끔한 포장, 필수영양제가 먹기 편안하게 담겨있습니다",HIGH,False
361,1,"뉴트리미 에센셜 팩, 1개 150정(30포)",health-functional-food,"깔끔한 포장, 필수영양제가 먹기 편안하게 담겨있습니다",HFF_MAPPED,포장,packaging:packaging,packaging,packaging,EXISTING_FACET,,,"깔끔한 포장, 필수영양제가 먹기 편안 깔끔한 포장, 필수영양제가 먹기 편안하게 담겨있습니다",HIGH,False
360,1,"뉴트리미 에센셜 팩, 1개 150정(30포)",health-functional-food,포장도 예쁘고 먹기까지 편한 사이즈 입니다. 아무리 비타민 먹으라고 해도 안 먹는 아이들이 간편하고 예쁘고 잘 넘어가니 알아서 잘 먹네요. 좋은 기회에 저렴하게 구입하게 해 주셔서 정말 감사합니다 최고의 비타민!,HFF_MAPPED,간편,intake_convenience:convenient,intake_convenience,convenient,EXISTING_FACET,,,포장도 예쁘고 먹기까지 편한 사이즈 포장도 예쁘고 먹기까지 편한 사이즈 입니다. 아무리 비타민 먹으라고 해도 안 먹는 아이들이 간편하고 예쁘고 잘 넘어가니 알아서 잘 먹네요. 좋은 기회에 저렴하게 구입하게 해 주셔서 정말 감사합니다 최고의 비타민!,HIGH,False
360,1,"뉴트리미 에센셜 팩, 1개 150정(30포)",health-functional-food,포장도 예쁘고 먹기까지 편한 사이즈 입니다. 아무리 비타민 먹으라고 해도 안 먹는 아이들이 간편하고 예쁘고 잘 넘어가니 알아서 잘 먹네요. 좋은 기회에 저렴하게 구입하게 해 주셔서 정말 감사합니다 최고의 비타민!,HFF_MAPPED,포장,packaging:packaging,packaging,packaging,EXISTING_FACET,,,포장도 예쁘고 먹기까지 편한 사이즈 포장도 예쁘고 먹기까지 편한 사이즈 입니다. 아무리 비타민 먹으라고 해도 안 먹는 아이들이 간편하고 예쁘고 잘 넘어가니 알아서 잘 먹네요. 좋은 기,HIGH,False
359,22,뉴트리미 프로바이오텍트 플러스 이뮨,health-functional-food,다른 프로바이오틱스 보다 속도 편하고 몸에 받는듯해요. 굿 입니다.,HFF_MAPPED,,non_facet,,,NON_FACET,,,다른 프로바이오틱스 보다 속도 편하고 다른 프로바이오틱스 보다 속도 편하고 몸에 받는듯해요. 굿 입니다.,LOW,False
358,134,뉴트리미 마이팩 하루 한 포 맞춤영양제,health-functional-food,나에게맞는처방으로 먹기좋게 한포로 구성되어 너무좋네요 앞으로도 쭉 구매하여 복용하도록 하겠습니다,HFF_MAPPED,,non_facet,,,NON_FACET,,,나에게맞는처방으로 먹기좋게 한포로 구 나에게맞는처방으로 먹기좋게 한포로 구성되어 너무좋네요 앞으로도 쭉 구매하여 복용하도록 하겠습니다,LOW,False
357,,,UNKNOWN,좋은 성분으로 되어있어 신뢰도 되고. 일단 먹기도 편하고 근력이 많이 떨어진 아버님이 드시는 데 좋다고 하십니다. .,UNMAPPED_REFERENCE,성분,ingredient_inclusion:ingredient_mentioned,ingredient_inclusion,ingredient_mentioned,EXISTING_FACET,,,좋은 성분으로 되어있어 신뢰도 되고. 좋은 성분으로 되어있어 신뢰도 되고. 일단 먹기도 편하고 근력이 많이 떨어진 아버님이 드시는 데 좋다고 하십니다. .,HIGH,False
356,1,"뉴트리미 에센셜 팩, 1개 150정(30포)",health-functional-food,항상 챙겨먹어요.. 목넘김 너무 좋고 루테인 코큐텐까지 들어 있어서 더 좋습니다.,HFF_MAPPED,챙겨,intake_convenience:convenient,intake_convenience,convenient,EXISTING_FACET,,,항상 챙겨먹어요.. 목넘 항상 챙겨먹어요.. 목넘김 너무 좋고 루테인 코큐텐까지 들어 있어서 더 좋습니다.,HIGH,False
356,1,"뉴트리미 에센셜 팩, 1개 150정(30포)",health-functional-food,항상 챙겨먹어요.. 목넘김 너무 좋고 루테인 코큐텐까지 들어 있어서 더 좋습니다.,HFF_MAPPED,목넘김,swallowability:easy,swallowability,easy,EXISTING_FACET,,,항상 챙겨먹어요.. 목넘 항상 챙겨먹어요.. 목넘김 너무 좋고 루테인 코큐텐까지 들어 있어서 더 좋습니다.,HIGH,False
355,1,"뉴트리미 에센셜 팩, 1개 150정(30포)",health-functional-food,먹기도 편하고 편안하게 먹고 있어요. 사놓고 보관하기 좋은 깔끔한 포장 맘에.듭니다.,HFF_MAPPED,보관,storage_convenience,,,NEW_FACET_CANDIDATE,storage_convenience,,먹기도 편하고 편안하게 먹고 있어요 먹기도 편하고 편안하게 먹고 있어요. 사놓고 보관하기 좋은 깔끔한 포장 맘에.듭니다.,MEDIUM,False
355,1,"뉴트리미 에센셜 팩, 1개 150정(30포)",health-functional-food,먹기도 편하고 편안하게 먹고 있어요. 사놓고 보관하기 좋은 깔끔한 포장 맘에.듭니다.,HFF_MAPPED,보관하기,storage_convenience,,,NEW_FACET_CANDIDATE,storage_convenience,,먹기도 편하고 편안하게 먹고 있어요 먹기도 편하고 편안하게 먹고 있어요. 사놓고 보관하기 좋은 깔끔한 포장 맘에.듭니다.,MEDIUM,False
355,1,"뉴트리미 에센셜 팩, 1개 150정(30포)",health-functional-food,먹기도 편하고 편안하게 먹고 있어요. 사놓고 보관하기 좋은 깔끔한 포장 맘에.듭니다.,HFF_MAPPED,포장,packaging:packaging,packaging,packaging,EXISTING_FACET,,,먹기도 편하고 편안하게 먹고 있어요 먹기도 편하고 편안하게 먹고 있어요. 사놓고 보관하기 좋은 깔끔한 포장 맘에.듭니다.,HIGH,False
354,16,뉴트리미 오메가3 (500정),health-functional-food,보통의 영야제에 비해 약 크기가 작아서 먹기가 넘 편해요,HFF_MAPPED,,non_facet,,,NON_FACET,,,보통의 영야제에 비해 약 크기가 작아 보통의 영야제에 비해 약 크기가 작아서 먹기가 넘 편해요,LOW,False
353,1,"뉴트리미 에센셜 팩, 1개 150정(30포)",health-functional-food,약 사이즈가 작아서 목넘김이 아주 편합니다.,HFF_MAPPED,목넘김,swallowability:easy,swallowability,easy,EXISTING_FACET,,,약 사이즈가 작아서 목넘김이 아주 편 약 사이즈가 작아서 목넘김이 아주 편합니다.,HIGH,False
352,,,UNKNOWN,몸이 가뿐하고 좋습니다~,UNMAPPED_REFERENCE,,non_facet,,,NON_FACET,,,몸이 가뿐하고 좋습니다~ 몸이 가뿐하고 좋습니다~,LOW,False
351,,,UNKNOWN,먹기도 편하고. 매우 효과를 보고 있습니다.,UNMAPPED_REFERENCE,효과,medical_outcome,,,SUBJECTIVE_MEDICAL_OUTCOME,,,먹기도 편하고. 매우 효과를 보고 있 먹기도 편하고. 매우 효과를 보고 있습니다.,HIGH,True
350,1,"뉴트리미 에센셜 팩, 1개 150정(30포)",health-functional-food,가장 마음에 드는 점은 ............. 먹기 정말 편한 사이즈로 너무 좋았어요~~ 정말 제대로 고객을 위하여 간편하게 챙기는 하루 영양 1일 1포 뉴트리미 에센셜 팩~~ 최고 최고입니다,HFF_MAPPED,1일,intake_frequency,,,NEW_FACET_CANDIDATE,intake_frequency,,마음에 드는 점은 ....... 가장 마음에 드는 점은 ............. 먹기 정말 편한 사이즈로 너무 좋았어요~~ 정말 제대로 고객을 위하여 간편하게 챙기는 하루 영양 1일 1포 뉴트리미 에센셜 팩~~ 최고 최고입니다,MEDIUM,False
350,1,"뉴트리미 에센셜 팩, 1개 150정(30포)",health-functional-food,가장 마음에 드는 점은 ............. 먹기 정말 편한 사이즈로 너무 좋았어요~~ 정말 제대로 고객을 위하여 간편하게 챙기는 하루 영양 1일 1포 뉴트리미 에센셜 팩~~ 최고 최고입니다,HFF_MAPPED,간편,intake_convenience:convenient,intake_convenience,convenient,EXISTING_FACET,,,가장 마음에 드는 점은 ....... 가장 마음에 드는 점은 ............. 먹기 정말 편한 사이즈로 너무 좋았어요~~ 정말 제대로 고객을 위하여 간편하게 챙기는 하루 영양 1일 1포 뉴트리미 에센셜 팩~~ 최고 최고입니다,HIGH,False
349,1,"뉴트리미 에센셜 팩, 1개 150정(30포)",health-functional-food,유통기한이 23년9윌16일 입니다. 구매하실때 참고하세요 ^^,HFF_MAPPED,,non_facet,,,NON_FACET,,,유통기한이 23년9윌16일 입니다. 유통기한이 23년9윌16일 입니다. 구매하실때 참고하세요 ^^,LOW,False
348,13,눈건강 루테인 지아잔틴 솔루션,health-functional-food,"타사 루테인은 너무 커서 삼키기 힘든데, 목넘김이 좋습니다. 항상 이용합니다~!!!",HFF_MAPPED,목넘김,swallowability:easy,swallowability,easy,EXISTING_FACET,,,"타사 루테인은 너무 커서 삼키기 힘든 타사 루테인은 너무 커서 삼키기 힘든데, 목넘김이 좋습니다. 항상 이용합니다~!!!",HIGH,False
348,13,눈건강 루테인 지아잔틴 솔루션,health-functional-food,"타사 루테인은 너무 커서 삼키기 힘든데, 목넘김이 좋습니다. 항상 이용합니다~!!!",HFF_MAPPED,삼키기,swallowability:easy,swallowability,easy,EXISTING_FACET,,,"타사 루테인은 너무 커서 삼키기 힘든 타사 루테인은 너무 커서 삼키기 힘든데, 목넘김이 좋습니다. 항상 이용합니다~!!!",HIGH,False
347,,,UNKNOWN,"속이 더부룩하다든지 맛이 약간 안 좋은 거 전혀 없습니다 50대 중반인지라 색소 침착과 기미, 머리숱 적어지는 것, 얼굴 탄력 급격히 없어지는 것 때문에 걱정되어 이 콜라겐 하루 2포씩 열심히 먹었습니다 5주 정도 먹었는데 얼굴 색소 침착이 조금 옅어진 느낌이고, 생기있어 보인다고 들었습니다 조금의 변화지만 만족하여 다시 구매했습니다",UNMAPPED_REFERENCE,더부룩,digestive_tolerance,,,NEW_FACET_CANDIDATE,digestive_tolerance,,"속이 더부룩하다든지 맛이 약간 안 좋 속이 더부룩하다든지 맛이 약간 안 좋은 거 전혀 없습니다 50대 중반인지라 색소 침착과 기미, 머리숱 적어지는 것, 얼굴 탄력 급격히 없어지는 것 때문에",MEDIUM,False
347,,,UNKNOWN,"속이 더부룩하다든지 맛이 약간 안 좋은 거 전혀 없습니다 50대 중반인지라 색소 침착과 기미, 머리숱 적어지는 것, 얼굴 탄력 급격히 없어지는 것 때문에 걱정되어 이 콜라겐 하루 2포씩 열심히 먹었습니다 5주 정도 먹었는데 얼굴 색소 침착이 조금 옅어진 느낌이고, 생기있어 보인다고 들었습니다 조금의 변화지만 만족하여 다시 구매했습니다",UNMAPPED_REFERENCE,맛,taste:taste,taste,taste,NEW_ALIAS,taste,taste,"속이 더부룩하다든지 맛이 약간 안 좋 속이 더부룩하다든지 맛이 약간 안 좋은 거 전혀 없습니다 50대 중반인지라 색소 침착과 기미, 머리숱 적어지는 것, 얼굴 탄력 급격히 없어지는 것 때문에 걱정되어",HIGH,False
346,,,UNKNOWN,배송빠르보 좋아요 효과도좋았음 좋겠어요,UNMAPPED_REFERENCE,효과,medical_outcome,,,SUBJECTIVE_MEDICAL_OUTCOME,,,배송빠르보 좋아요 효과도 배송빠르보 좋아요 효과도좋았음 좋겠어요,HIGH,True
345,80,관절케어 MSM 2000,health-functional-food,엄마가 관절통증을 호소하셔서 주문했어요. 좋아지셨으면 좋겠어요. 좋은 제품 감사드려요~!,HFF_MAPPED,관절,medical_outcome,,,SUBJECTIVE_MEDICAL_OUTCOME,,,엄마가 관절통증을 호소하셔서 주문했어 엄마가 관절통증을 호소하셔서 주문했어요. 좋아지셨으면 좋겠어요. 좋은 제품 감사드려요~!,HIGH,True
344,1,"뉴트리미 에센셜 팩, 1개 150정(30포)",health-functional-food,이거 괜찮아요 따로 구매할것 없이 편하게 복용할수 있어 좋습니다 목넘김이나 냄새 부작용 전혀없고 따뜻하고 신속하게 응대해 주셔서 편하고 믿음이 갔습니다 프로모션 놓쳐서 무척 아숩긴 합니다,HFF_MAPPED,냄새,odor:odor,odor,odor,NEW_ALIAS,odor,odor,이거 괜찮아요 따로 구 이거 괜찮아요 따로 구매할것 없이 편하게 복용할수 있어 좋습니다 목넘김이나 냄새 부작용 전혀없고 따뜻하고 신속하게 응대해 주셔서 편하고 믿음이 갔습니다 프로모션 놓쳐서 무척 아숩긴 합니다,HIGH,False
344,1,"뉴트리미 에센셜 팩, 1개 150정(30포)",health-functional-food,이거 괜찮아요 따로 구매할것 없이 편하게 복용할수 있어 좋습니다 목넘김이나 냄새 부작용 전혀없고 따뜻하고 신속하게 응대해 주셔서 편하고 믿음이 갔습니다 프로모션 놓쳐서 무척 아숩긴 합니다,HFF_MAPPED,목넘김,swallowability:easy,swallowability,easy,EXISTING_FACET,,,이거 괜찮아요 따로 구 이거 괜찮아요 따로 구매할것 없이 편하게 복용할수 있어 좋습니다 목넘김이나 냄새 부작용 전혀없고 따뜻하고 신속하게 응대해 주셔서 편하고 믿음이 갔습니다 프로모션 놓쳐서 무척 아숩긴 합니다,HIGH,False
343,16,뉴트리미 오메가3 (500정),health-functional-food,4달치 구매했는데 친절하게 전화 주셔서 두달이 유통기한이니 반으ㅇ 두달후에 배송해 준다함. 정확하게 두달만에 배송 받았습니다 고객에 대한 생각에 감동받았습니다 감동받았습니다,HFF_MAPPED,배송,non_facet,,,NON_FACET,,,4달치 구매했는데 친절하 4달치 구매했는데 친절하게 전화 주셔서 두달이 유통기한이니 반으ㅇ 두달후에 배송해 준다함. 정확하게 두달만에 배송 받았습니다 고객에 대한 생각에 감동받았습니다 감동받았습니다,LOW,False
342,20,간건강 밀크씨슬,health-functional-food,배송에 착오가 있었지만 상품은 나무랄때 없습니다 뉴트리미 여러가지 제품 복용하고 있는데 만족하며 꾸준히 구매합니다 프로모션 기간을 놓쳐 아쉽지만 다음에 놓치지 않을겁니다 따틋하고 친절한 응대 감사합니다 홍ㅂㆍㄷ 많이 합니다,HFF_MAPPED,배송,non_facet,,,NON_FACET,,,배송에 착오가 있었지만 배송에 착오가 있었지만 상품은 나무랄때 없습니다 뉴트리미 여러가지 제품 복용하고 있는데 만족하며 꾸준히 구매합니다 프로모션 기간을 놓쳐 아쉽지만 다음에 놓치지 않을겁니다 따틋하고 친절한 응대 감사합니다 홍ㅂㆍㄷ 많이 합니다,LOW,False
341,1,"뉴트리미 에센셜 팩, 1개 150정(30포)",health-functional-food,선물포장 넘 좋아요!! 예뻐서 좋은 선물이 되었습니당~,HFF_MAPPED,포장,packaging:packaging,packaging,packaging,EXISTING_FACET,,,선물포장 넘 좋아요!! 예뻐서 좋은 선물포장 넘 좋아요!! 예뻐서 좋은 선물이 되었습니당~,HIGH,False
340,80,관절케어 MSM 2000,health-functional-food,관절에 좋은 원료가 고루 들어있어서 좋아요! 크기도 작아서 먹기 부담없어요~,HFF_MAPPED,관절,medical_outcome,,,SUBJECTIVE_MEDICAL_OUTCOME,,,관절에 좋은 원료가 고루 들어있어서 관절에 좋은 원료가 고루 들어있어서 좋아요! 크기도 작아서 먹기 부담없어요~,HIGH,True
339,,,UNKNOWN,"에센셜팩 자칭 애용잔데,, 비타민C제품 딴 곳에서 막 찾던 와중에 신제품 내주셔서 구매했어요 비타민C뿐만 아니라 아연 셀렌 다 들어있어서 넘 좋아요 !!!!",UNMAPPED_REFERENCE,,non_facet,,,NON_FACET,,,"에센셜팩 자칭 애용잔데,, 비타민C제 에센셜팩 자칭 애용잔데,, 비타민C제품 딴 곳에서 막 찾던 와중에 신제품 내주셔서 구매했어요 비타민C뿐만 아니라 아연 셀렌 다 들어있어서 넘 좋아요 !!!!",LOW,False
338,80,관절케어 MSM 2000,health-functional-food,제 외할머니가 나이 드실 수록 손마디가 튀어나오시던데 저희 어머니가 똑같은 증상 + 관절통증을 호소하셔서 여러 브랜드 제품 알아보다가 구매하였습니다. 어머니가 증상이 괜찮아지신다고 하면 재주문 하겠습니다,HFF_MAPPED,증상,medical_outcome,,,SUBJECTIVE_MEDICAL_OUTCOME,,,제 외할머니가 나이 드실 수록 손마디 제 외할머니가 나이 드실 수록 손마디가 튀어나오시던데 저희 어머니가 똑같은 증상 + 관절통증을 호소하셔서 여러 브랜드 제품 알아보다가 구매하였습니다. 어머니가 증상이 괜찮아지신다고 하면 재주문 하겠습니다,HIGH,True
337,,,UNKNOWN,"배송 개빨라여,,,! 평일 기준 하루만인가 하루이틀만에 왔어여 맛은 오렌지 + 레몬맛 섞여 있는 거 같은데 저한테는 오렌지가 더 강한 느낌,,!! 글루타치온 함유량 계산법도 알려주시고 넘 친절하세여~!~!",UNMAPPED_REFERENCE,맛,taste:taste,taste,taste,NEW_ALIAS,taste,taste,"배송 개빨라여,,,! 평일 기준 하루 배송 개빨라여,,,! 평일 기준 하루만인가 하루이틀만에 왔어여 맛은 오렌지 + 레몬맛 섞여 있는 거 같은데 저한테는 오렌지가 더 강한 느낌,,!! 글루타치온 함유량 계산법도 알려주시고 넘 친절하세여~!~!",HIGH,False
336,1,"뉴트리미 에센셜 팩, 1개 150정(30포)",health-functional-food,홀로그램 포장 박스가 넘 이뻐용 !! 작년 초에 먹다가 진짜 오랜만에 주문했는데 제품 종류도 늘어나고 프로모션도 많이 하네요 ㅎㅎㅎ 먹을 때랑 안먹을 때랑 확실히 피곤함 차이가 확연해서 매일 먹게되더라구요 영양제 한 포로 컨디션이 확 차이나는 게 신기했습니다,HFF_MAPPED,포장,packaging:packaging,packaging,packaging,EXISTING_FACET,,,홀로그램 포장 박스가 넘 이뻐용 !! 홀로그램 포장 박스가 넘 이뻐용 !! 작년 초에 먹다가 진짜 오랜만에 주문했는데 제품 종류도 늘어나고 프로모션도 많이 하네요 ㅎㅎㅎ 먹을 때랑 안먹을 때랑,HIGH,False
335,,,UNKNOWN,"패키지가 진짜 영롱하네요 저도 글루타치온 총함량 궁금했었는데 어떤 분이 큐엔에이에 글루타치온 함량 물어본 거 보고 제가 원래 먹던 여에스,,브랜드 먹다가 갈아탔는데 역시 대형회사는 광고빨인가요 저는 여기 제품이 훨씬 맛있고 함량도 높아서 좋은 거 같아요 흡수율은 어떻게 될 지 모르겠지만 mg이 더 중요하다고 해서 선택했습니다",UNMAPPED_REFERENCE,함량,ingredient_inclusion:ingredient_mentioned,ingredient_inclusion,ingredient_mentioned,EXISTING_FACET,,,"패키지가 진짜 영롱하네요 패키지가 진짜 영롱하네요 저도 글루타치온 총함량 궁금했었는데 어떤 분이 큐엔에이에 글루타치온 함량 물어본 거 보고 제가 원래 먹던 여에스,,브랜드 먹다가 갈아탔는데 역시 대형회사는 광고빨인가요 저는 여기 제품이 훨씬 맛있고 함",HIGH,False
335,,,UNKNOWN,"패키지가 진짜 영롱하네요 저도 글루타치온 총함량 궁금했었는데 어떤 분이 큐엔에이에 글루타치온 함량 물어본 거 보고 제가 원래 먹던 여에스,,브랜드 먹다가 갈아탔는데 역시 대형회사는 광고빨인가요 저는 여기 제품이 훨씬 맛있고 함량도 높아서 좋은 거 같아요 흡수율은 어떻게 될 지 모르겠지만 mg이 더 중요하다고 해서 선택했습니다",UNMAPPED_REFERENCE,맛,taste:taste,taste,taste,NEW_ALIAS,taste,taste,"온 총함량 궁금했었는데 어떤 분이 큐엔에이에 글루타치온 함량 물어본 거 보고 제가 원래 먹던 여에스,,브랜드 먹다가 갈아탔는데 역시 대형회사는 광고빨인가요 저는 여기 제품이 훨씬 맛있고 함량도 높아서 좋은 거 같아요 흡수율은 어떻게 될 지 모르겠지만 mg이 더 중요하다고 해서 선택했습니다",HIGH,False
334,1,"뉴트리미 에센셜 팩, 1개 150정(30포)",health-functional-food,"한포로 낱개 포장되 있어서, 위생적이고, 꼭 필요한 영양성분으로 건강을 꽉 채울 수 있다는 생각이 듭니다. 하루에 한포로 건강 챙기시면 좋을 것 같아요^^.",HFF_MAPPED,하루에,intake_frequency,,,NEW_FACET_CANDIDATE,intake_frequency,,"한포로 낱개 포장되 있어서, 위생적이 한포로 낱개 포장되 있어서, 위생적이고, 꼭 필요한 영양성분으로 건강을 꽉 채울 수 있다는 생각이 듭니다. 하루에 한포로 건강 챙기시면 좋을 것 같아요^^.",MEDIUM,False
334,1,"뉴트리미 에센셜 팩, 1개 150정(30포)",health-functional-food,"한포로 낱개 포장되 있어서, 위생적이고, 꼭 필요한 영양성분으로 건강을 꽉 채울 수 있다는 생각이 듭니다. 하루에 한포로 건강 챙기시면 좋을 것 같아요^^.",HFF_MAPPED,성분,ingredient_inclusion:ingredient_mentioned,ingredient_inclusion,ingredient_mentioned,EXISTING_FACET,,,"한포로 낱개 포장되 있어서, 위생적이 한포로 낱개 포장되 있어서, 위생적이고, 꼭 필요한 영양성분으로 건강을 꽉 채울 수 있다는 생각이 듭니다. 하루에 한포로 건강 챙기시면 좋을 것 같아요^^.",HIGH,False
334,1,"뉴트리미 에센셜 팩, 1개 150정(30포)",health-functional-food,"한포로 낱개 포장되 있어서, 위생적이고, 꼭 필요한 영양성분으로 건강을 꽉 채울 수 있다는 생각이 듭니다. 하루에 한포로 건강 챙기시면 좋을 것 같아요^^.",HFF_MAPPED,포장,packaging:packaging,packaging,packaging,EXISTING_FACET,,,"한포로 낱개 포장되 있어서, 위생적이 한포로 낱개 포장되 있어서, 위생적이고, 꼭 필요한 영양성분으로 건강을 꽉 채울 수 있다는 생각이 듭니다. 하루에 한포로 건강 챙기시면 좋을 것 같아요^^.",HIGH,False
333,,,UNKNOWN,매 달 구매하는 상품이에용,UNMAPPED_REFERENCE,,non_facet,,,NON_FACET,,,매 달 구매하는 상품이에용 매 달 구매하는 상품이에용,LOW,False
332,,,UNKNOWN,지인으로부터 뉴트리미 제품이 좋다는 이야기는 많이 들었던터라 믿고 구매하게 되었네요.^^ 갱년기로 접어들면서 체지방 증가와 몸무게 변화로 고민~ 등산과 필라테스 열심히 하고 있지만 예상만큼 체지방이 줄지 않아요 ㅠ.ㅠ 맞춤형 보조제로 열심히 챙겨 먹으면 좋은 효과가 나겠죠~~,UNMAPPED_REFERENCE,효과,medical_outcome,,,SUBJECTIVE_MEDICAL_OUTCOME,,,요.^^ 갱년기로 접어들면서 체지방 증가와 몸무게 변화로 고민~ 등산과 필라테스 열심히 하고 있지만 예상만큼 체지방이 줄지 않아요 ㅠ.ㅠ 맞춤형 보조제로 열심히 챙겨 먹으면 좋은 효과가 나겠죠~~,HIGH,True
331,,,UNKNOWN,목넘김 좋은 사이즈는 이미 뉴트리미 시그니처니 더 할말 없고 예쁜 디자인도 먹을때마다 기분 좋습니다. 아직은 모르지만 꾸준히 먹게 됩니다. 폭식하지않고 부지런히 움직이면서 조절하는데 도움받았으면 하는 바램으로 샀어요. 많이 파세요! ^^,UNMAPPED_REFERENCE,목넘김,swallowability:easy,swallowability,easy,EXISTING_FACET,,,목넘김 좋은 사이즈는 이미 뉴트리미 목넘김 좋은 사이즈는 이미 뉴트리미 시그니처니 더 할말 없고 예쁜 디자인도 먹을때마다 기분 좋습니다. 아직은 모르지만 꾸준히 먹게 됩니다. 폭식하지않,HIGH,False
330,22,뉴트리미 프로바이오텍트 플러스 이뮨,health-functional-food,일단 배변활동이 잘되는 게 너무 신기했습니다! 지금 먹은 지 2주 정도 됐는데 배변활동이 잘되니까 몸이 가벼워 지는 느낌입니다! 그리고 제가 최근에 투잡 뛰느라 살기 위해 밥을 엄청 많이 먹어서 살이 찌는가 싶었는데 이거 먹은 뒤로는 다시 원래 몸무게로 돌아왔어요 ㅎㅎ 효과 좋은 거 같아요 계속 프로모션 부탁드려용 ㅎㅁㅎ,HFF_MAPPED,효과,medical_outcome,,,SUBJECTIVE_MEDICAL_OUTCOME,,,되니까 몸이 가벼워 지는 느낌입니다! 그리고 제가 최근에 투잡 뛰느라 살기 위해 밥을 엄청 많이 먹어서 살이 찌는가 싶었는데 이거 먹은 뒤로는 다시 원래 몸무게로 돌아왔어요 ㅎㅎ 효과 좋은 거 같아요 계속 프로모션 부탁드려용 ㅎㅁㅎ,HIGH,True
329,,,UNKNOWN,차에다 놓고 출근할 때마다 먹고 있어요 !! 차에다 두니까 안 까먹고 맨날 먹을 수 있어서 넘 좋네용 ㅋㅋㅋㅋ 레몬맛도 나면서 오렌지 맛도 나고 진짜 맛있더라구요 먹은 지 5일 정도 지났을 때 남편이 얼굴색이 밝아졌다고 해서 신기했슴당 ㅎㅎㅎ,UNMAPPED_REFERENCE,맛,taste:taste,taste,taste,NEW_ALIAS,taste,taste,차에다 놓고 출근할 때마다 먹고 있어 차에다 놓고 출근할 때마다 먹고 있어요 !! 차에다 두니까 안 까먹고 맨날 먹을 수 있어서 넘 좋네용 ㅋㅋㅋㅋ 레몬맛도 나면서 오렌지 맛도 나고 진짜 맛있더라구요 먹은 지 5일 정도 지났을 때 남편이 얼굴색이 밝아졌다고 해서 신기했슴당 ㅎㅎㅎ,HIGH,False
328,22,뉴트리미 프로바이오텍트 플러스 이뮨,health-functional-food,기대하는 맘으로 꾸준히 복용중이에요. 당장 보는 효과는 기대하지 못했던 원활한 배변활동이에요. ㅎㅎ 감사합니다~!,HFF_MAPPED,효과,medical_outcome,,,SUBJECTIVE_MEDICAL_OUTCOME,,,기대하는 맘으로 꾸준히 복용중이에요. 기대하는 맘으로 꾸준히 복용중이에요. 당장 보는 효과는 기대하지 못했던 원활한 배변활동이에요. ㅎㅎ 감사합니다~!,HIGH,True
327,1,"뉴트리미 에센셜 팩, 1개 150정(30포)",health-functional-food,아버지가 꼭 챙겨드시는데 먹기 불편함도 없고 간편해서 더 선호하시는 제품이에요. 좋은 제품만들어주셔서 감사합니다! ^^,HFF_MAPPED,간편,intake_convenience:convenient,intake_convenience,convenient,EXISTING_FACET,,,아버지가 꼭 챙겨드시는데 먹기 불편함 아버지가 꼭 챙겨드시는데 먹기 불편함도 없고 간편해서 더 선호하시는 제품이에요. 좋은 제품만들어주셔서 감사합니다! ^^,HIGH,False
327,1,"뉴트리미 에센셜 팩, 1개 150정(30포)",health-functional-food,아버지가 꼭 챙겨드시는데 먹기 불편함도 없고 간편해서 더 선호하시는 제품이에요. 좋은 제품만들어주셔서 감사합니다! ^^,HFF_MAPPED,챙겨,intake_convenience:convenient,intake_convenience,convenient,EXISTING_FACET,,,아버지가 꼭 챙겨드시는데 먹기 불편함 아버지가 꼭 챙겨드시는데 먹기 불편함도 없고 간편해서 더 선호하시는 제품이에요. 좋은 제품만들어주셔서 감사합니다! ^^,HIGH,False
326,,,UNKNOWN,건강이 좋지 않으신 아버지가 꼭 챙겨드시는 단백질이에요. 번창하세요 ^^,UNMAPPED_REFERENCE,챙겨,intake_convenience:convenient,intake_convenience,convenient,EXISTING_FACET,,,건강이 좋지 않으신 아버지가 꼭 챙겨 건강이 좋지 않으신 아버지가 꼭 챙겨드시는 단백질이에요. 번창하세요 ^^,HIGH,False
325,1,"뉴트리미 에센셜 팩, 1개 150정(30포)",health-functional-food,안끊기게 사는 에센셜팩이네요. 한 팩으로 몸을 골고루 챙기는 효자템이에요 ㅠㅠ,HFF_MAPPED,,non_facet,,,NON_FACET,,,안끊기게 사는 에센셜팩이네요. 안끊기게 사는 에센셜팩이네요. 한 팩으로 몸을 골고루 챙기는 효자템이에요 ㅠㅠ,LOW,False
324,,,UNKNOWN,갱년기에 들어선 선배를 위해 샀는데 의미있고 좋은 선물이 되었네요 ^^,UNMAPPED_REFERENCE,선물,non_facet,,,NON_FACET,,,갱년기에 들어선 선배를 위해 샀는데 갱년기에 들어선 선배를 위해 샀는데 의미있고 좋은 선물이 되었네요 ^^,LOW,False
323,,,UNKNOWN,에센셜 팩 자주 시켜 먹고 너무 만족했는데 신제품 나와서 호기심 겸 새해 다이어트 다짐ㅋㅋ 겸 사보았어요 사무실에 두고 먹는데 병이 넘 이쁜 것 먹은 지 4일 정도 되었는데 아직 체중 감량까지는 아니어도 항상 음식 먹으면 소화가 잘 안됐던 제가 속이 너무 편해지고 몸도 가벼워진 느낌이네요,UNMAPPED_REFERENCE,,non_facet,,,NON_FACET,,,에센셜 팩 자주 시켜 먹고 너무 만족 에센셜 팩 자주 시켜 먹고 너무 만족했는데 신제품 나와서 호기심 겸 새해 다이어트 다짐ㅋㅋ 겸 사보았어요 사무실에 두고 먹는데 병이 넘 이쁜 것 먹은 지 4일 정도 되었는데 아직 체중 감량까지는 아니어도 항상 음식 먹으면 소화가 잘 안됐던 제가 속이 너무 편해지고 몸도 가벼워진 느낌이네요,LOW,False
322,1,"뉴트리미 에센셜 팩, 1개 150정(30포)",health-functional-food,부모님께 정기적으로 사드리는 제품이에요. 고기를 잘 못드시고 유당불내증이 있으셔서 뉴트리미 프로틴 드시고는 너무 좋다고 매번 부탁하십니다. 보내주신 작은 보틀도 너무 편리하시다고 하네요^^ 비타민은 뉴트리미 처음 런칭할때부터 온가족이 꾸준히 먹고있어요. 뉴트리미 제품은 항상 믿고 먹습니다.,HFF_MAPPED,,non_facet,,,NON_FACET,,,부모님께 정기적으로 사드리는 제품이에 부모님께 정기적으로 사드리는 제품이에요. 고기를 잘 못드시고 유당불내증이 있으셔서 뉴트리미 프로틴 드시고는 너무 좋다고 매번 부탁하십니다. 보내주신 작은 보틀도 너무 편리하시다고 하네요^^ 비타민은 뉴트리미 처음 런칭할때부터 온가족이 꾸준히 먹고있어요. 뉴트리미 제품은 항상 믿고 먹습니다.,LOW,False
321,,,UNKNOWN,패키지가 너무 예뽀요ㅠㅠㅠㅠㅠ 배송도 너무 빠르구.. 한달 먹어보고 또 후기 남기러 올게요 ~~,UNMAPPED_REFERENCE,배송,non_facet,,,NON_FACET,,,패키지가 너무 예뽀요ㅠㅠㅠㅠㅠ 패키지가 너무 예뽀요ㅠㅠㅠㅠㅠ 배송도 너무 빠르구.. 한달 먹어보고 또 후기 남기러 올게요 ~~,LOW,False
320,1,"뉴트리미 에센셜 팩, 1개 150정(30포)",health-functional-food,이 제품 나왔을 초기부터 꾸준히 구매해서 먹었었는데 후기는 처음 남겨보네요! 일단 먹기 너무 편하고 아무래도 안 먹을 때보다는 덜 피곤한 느낌이에요 !!,HFF_MAPPED,,non_facet,,,NON_FACET,,,이 제품 나왔을 초기부터 꾸준히 구매 이 제품 나왔을 초기부터 꾸준히 구매해서 먹었었는데 후기는 처음 남겨보네요! 일단 먹기 너무 편하고 아무래도 안 먹을 때보다는 덜 피곤한 느낌이에요 !!,LOW,False
319,,,UNKNOWN,이벤트로 좋은 제품 경험해서 좋았어요. 재구매 의사 있어요!,UNMAPPED_REFERENCE,재구매,non_facet,,,NON_FACET,,,이벤트로 좋은 제품 경험해서 좋았어요 이벤트로 좋은 제품 경험해서 좋았어요. 재구매 의사 있어요!,LOW,False
318,,,UNKNOWN,엄마가 빼놓지 않고 드시는 필수애정템입니다!,UNMAPPED_REFERENCE,,non_facet,,,NON_FACET,,,엄마가 빼놓지 않고 드시는 필수애정템 엄마가 빼놓지 않고 드시는 필수애정템입니다!,LOW,False
317,,,UNKNOWN,믿고 사는 뉴트리미에요. 간편해서 더욱 좋아요.,UNMAPPED_REFERENCE,간편,intake_convenience:convenient,intake_convenience,convenient,EXISTING_FACET,,,믿고 사는 뉴트리미에요. 간편해서 더 믿고 사는 뉴트리미에요. 간편해서 더욱 좋아요.,HIGH,False
316,,,UNKNOWN,시부모님께 지난 번 선물로 드렸는데 좋다고 하셔서 재구매 했어요. 감사합니다~!,UNMAPPED_REFERENCE,재구매,non_facet,,,NON_FACET,,,시부모님께 지난 번 선물로 드렸는데 시부모님께 지난 번 선물로 드렸는데 좋다고 하셔서 재구매 했어요. 감사합니다~!,LOW,False
315,,,UNKNOWN,제품 맘에 듭니다! 빠른배송 감사합니다,UNMAPPED_REFERENCE,배송,non_facet,,,NON_FACET,,,제품 맘에 듭니다! 제품 맘에 듭니다! 빠른배송 감사합니다,LOW,False
314,134,뉴트리미 마이팩 하루 한 포 맞춤영양제,health-functional-food,맞춤 비타민 편하고.좋은듯~ 빠른배송 감사합니다 수고하세요 ㅎㅎ,HFF_MAPPED,배송,non_facet,,,NON_FACET,,,맞춤 비타민 맞춤 비타민 편하고.좋은듯~ 빠른배송 감사합니다 수고하세요 ㅎㅎ,LOW,False
313,1,"뉴트리미 에센셜 팩, 1개 150정(30포)",health-functional-food,알이 크지않아서 좋았어요 함유량도 일일권장량에 딱맞거나 그 이상이라 좋았습니다♡♡,HFF_MAPPED,알이 크,tablet_size:large,tablet_size,large,EXISTING_FACET,,,알이 크지않아서 좋았어요 알이 크지않아서 좋았어요 함유량도 일일권장량에 딱맞거나 그 이상이라 좋았습니다♡♡,HIGH,False
312,20,간건강 밀크씨슬,health-functional-food,체험단 발탁이 되어서 밀크시슬과 여성건강~비타민 받게 되었는데용~~! 받고 다음날부터 꾸준히 먹었답니다~ 항상..까먹고 하루 빼먹고 그랬는데..이번만큼은 안빠지고 꾸준히 먹은결과 아침에 일어나는게 덜 피곤했고~ 개운했어요~ 먼가 가벼운 느낌이랄까... 그리고 알약자체가 막 그렇게 크지않고 적당한 크기였고~~ 특유의 약냄새는 따로 나지 않아 좋았어요,HFF_MAPPED,냄새,odor:odor,odor,odor,NEW_ALIAS,odor,odor,..이번만큼은 안빠지고 꾸준히 먹은결과 아침에 일어나는게 덜 피곤했고~ 개운했어요~ 먼가 가벼운 느낌이랄까... 그리고 알약자체가 막 그렇게 크지않고 적당한 크기였고~~ 특유의 약냄새는 따로 나지 않아 좋았어요,HIGH,False
312,20,간건강 밀크씨슬,health-functional-food,체험단 발탁이 되어서 밀크시슬과 여성건강~비타민 받게 되었는데용~~! 받고 다음날부터 꾸준히 먹었답니다~ 항상..까먹고 하루 빼먹고 그랬는데..이번만큼은 안빠지고 꾸준히 먹은결과 아침에 일어나는게 덜 피곤했고~ 개운했어요~ 먼가 가벼운 느낌이랄까... 그리고 알약자체가 막 그렇게 크지않고 적당한 크기였고~~ 특유의 약냄새는 따로 나지 않아 좋았어요,HFF_MAPPED,알약,product_form:tablet,product_form,tablet,EXISTING_FACET,,,부터 꾸준히 먹었답니다~ 항상..까먹고 하루 빼먹고 그랬는데..이번만큼은 안빠지고 꾸준히 먹은결과 아침에 일어나는게 덜 피곤했고~ 개운했어요~ 먼가 가벼운 느낌이랄까... 그리고 알약자체가 막 그렇게 크지않고 적당한 크기였고~~ 특유의 약냄새는 따로 나지 않아 좋았어요,HIGH,False
311,16,뉴트리미 오메가3 (500정),health-functional-food,제가 오메가3 는 진짜 삼키기 어려워하는데 뉴트리미 제품들은 거의 다 사이즈가 작아서 너무 좋아요~!! 특히 요렇게 작은 사이즈의 오메가3는 처음 본 듯~!! 잘 먹을게요~!!,HFF_MAPPED,삼키기,swallowability:easy,swallowability,easy,EXISTING_FACET,,,제가 오메가3 는 진짜 삼키기 어려워 제가 오메가3 는 진짜 삼키기 어려워하는데 뉴트리미 제품들은 거의 다 사이즈가 작아서 너무 좋아요~!! 특히 요렇게 작은 사이즈의 오메가3는 처음 본 듯~!! 잘 먹을게요,HIGH,False
310,17,혈압밸런스 코엔자임 Q10,health-functional-food,피부건강과 엄마의 혈압 감소를 위해 함께하고 있어요~!! 시작한지 얼마 되지 않아서 아직 효과는 잘 모르겠지만 좋아지실거라 믿고 열심히 챙겨드리려구요~♡,HFF_MAPPED,혈압,medical_outcome,,,SUBJECTIVE_MEDICAL_OUTCOME,,,피부건강과 엄마의 혈압 감소를 위해 피부건강과 엄마의 혈압 감소를 위해 함께하고 있어요~!! 시작한지 얼마 되지 않아서 아직 효과는 잘 모르겠지만 좋아지실거라 믿고 열심히 챙겨드리려구요~♡,HIGH,True
309,1,"뉴트리미 에센셜 팩, 1개 150정(30포)",health-functional-food,가족들과 함께 챙겨먹고 있는데 간편해서 좋아요~ 이것저것 챙겨먹기 힘든 분들께 추천해요 ~!!,HFF_MAPPED,간편,intake_convenience:convenient,intake_convenience,convenient,EXISTING_FACET,,,가족들과 함께 챙겨먹고 있는데 가족들과 함께 챙겨먹고 있는데 간편해서 좋아요~ 이것저것 챙겨먹기 힘든 분들께 추천해요 ~!!,HIGH,False
309,1,"뉴트리미 에센셜 팩, 1개 150정(30포)",health-functional-food,가족들과 함께 챙겨먹고 있는데 간편해서 좋아요~ 이것저것 챙겨먹기 힘든 분들께 추천해요 ~!!,HFF_MAPPED,챙겨,intake_convenience:convenient,intake_convenience,convenient,EXISTING_FACET,,,가족들과 함께 챙겨먹고 있는데 가족들과 함께 챙겨먹고 있는데 간편해서 좋아요~ 이것저것 챙겨먹기 힘든 분들께 추천해요 ~!!,HIGH,False
309,1,"뉴트리미 에센셜 팩, 1개 150정(30포)",health-functional-food,가족들과 함께 챙겨먹고 있는데 간편해서 좋아요~ 이것저것 챙겨먹기 힘든 분들께 추천해요 ~!!,HFF_MAPPED,먹기 힘,intake_convenience:inconvenient,intake_convenience,inconvenient,EXISTING_FACET,,,가족들과 함께 챙겨먹고 있는데 가족들과 함께 챙겨먹고 있는데 간편해서 좋아요~ 이것저것 챙겨먹기 힘든 분들께 추천해요 ~!!,HIGH,False
308,1,"뉴트리미 에센셜 팩, 1개 150정(30포)",health-functional-food,"20년이상 건강기능식품만 연구한 영양학 박사와 병원 임상 경험이 풍부한 의사, 영양사 그룹이 원료를 꼼꼼히 체크하여 만든 건강기능식품이고 목넘김이 편하도록 사이즈를 최소화해 거부감 없이 섭취할 수 있어 좋았어요",HFF_MAPPED,원료,ingredient_inclusion:ingredient_mentioned,ingredient_inclusion,ingredient_mentioned,EXISTING_FACET,,,"20년이상 건강기능식품만 연구한 영양 20년이상 건강기능식품만 연구한 영양학 박사와 병원 임상 경험이 풍부한 의사, 영양사 그룹이 원료를 꼼꼼히 체크하여 만든 건강기능식품이고 목넘김이 편하도록 사이즈를 최소화해 거부감 없이 섭취할 수 있어 좋았어요",HIGH,False
308,1,"뉴트리미 에센셜 팩, 1개 150정(30포)",health-functional-food,"20년이상 건강기능식품만 연구한 영양학 박사와 병원 임상 경험이 풍부한 의사, 영양사 그룹이 원료를 꼼꼼히 체크하여 만든 건강기능식품이고 목넘김이 편하도록 사이즈를 최소화해 거부감 없이 섭취할 수 있어 좋았어요",HFF_MAPPED,목넘김,swallowability:easy,swallowability,easy,EXISTING_FACET,,,"20년이상 건강기능식품만 연구한 영양 20년이상 건강기능식품만 연구한 영양학 박사와 병원 임상 경험이 풍부한 의사, 영양사 그룹이 원료를 꼼꼼히 체크하여 만든 건강기능식품이고 목넘김이 편하도록 사이즈를 최소화해 거부감 없이 섭취할 수 있어 좋았어요",HIGH,False
307,15,칼마디앤K2,health-functional-food,"칼슘이 부족하면 살이 찐다고 해서 다이어트 하는 사람들에겐 필수죠~!! 칼슘은 마그네슘, 비타민D와 함께 섭취해야 흡수가 잘 되기 때문에 칼마디 꼭 섭취해요~ 한방에 섭취가능이라 완전 간편하니 꼭 드셔보세요~!!",HFF_MAPPED,간편,intake_convenience:convenient,intake_convenience,convenient,EXISTING_FACET,,,"부족하면 살이 찐다고 해서 다이어트 하는 사람들에겐 필수죠~!! 칼슘은 마그네슘, 비타민D와 함께 섭취해야 흡수가 잘 되기 때문에 칼마디 꼭 섭취해요~ 한방에 섭취가능이라 완전 간편하니 꼭 드셔보세요~!!",HIGH,False
306,20,간건강 밀크씨슬,health-functional-food,"밀크씨슬은 간건강, 피곤함 때문에 먹고 있어요 대체로 사이즈가 작아서 목넘김도 쉽고 피로감이 덜 한 것 같아서 좋아요",HFF_MAPPED,목넘김,swallowability:easy,swallowability,easy,EXISTING_FACET,,,"밀크씨슬은 간건강, 피곤함 때문에 먹 밀크씨슬은 간건강, 피곤함 때문에 먹고 있어요 대체로 사이즈가 작아서 목넘김도 쉽고 피로감이 덜 한 것 같아서 좋아요",HIGH,False
305,,,UNKNOWN,다가올 갱년기를 위해 섭취하고 있어요~!! 지금은 당연히 효과를 잘 모르겠지만 꾸준히 섭취하면 안전하게 갱년기를 보낼 수 있지 않을까 싶어요 ~!!,UNMAPPED_REFERENCE,효과,medical_outcome,,,SUBJECTIVE_MEDICAL_OUTCOME,,,다가올 갱년기를 위해 섭취하고 있어요 다가올 갱년기를 위해 섭취하고 있어요~!! 지금은 당연히 효과를 잘 모르겠지만 꾸준히 섭취하면 안전하게 갱년기를 보낼 수 있지 않을까 싶어요 ~!!,HIGH,True
304,21,뉴트리미 테아닌,health-functional-food,스트레스는 만병의 근원이라 꼬박꼬박 챙겨먹는 중~!! 사무실에 놓고 열받게 하는 사람에게 일부러 챙겨주기 ㅋㅋㅋ 너땜에 스트레스 받는다~~~~~!! 라며... ㅋㅋㅋ,HFF_MAPPED,챙겨,intake_convenience:convenient,intake_convenience,convenient,EXISTING_FACET,,,스트레스는 만병의 근원이라 스트레스는 만병의 근원이라 꼬박꼬박 챙겨먹는 중~!! 사무실에 놓고 열받게 하는 사람에게 일부러 챙겨주기 ㅋㅋㅋ 너땜에 스트레스 받는다~~~~~!! 라며... ㅋㅋㅋ,HIGH,False
303,1,"뉴트리미 에센셜 팩, 1개 150정(30포)",health-functional-food,요즘은 젊은 사람도 암에 쉽게 걸리기 때문에 동생 건강을 위해 선물로 줬어요 잘 챙겨먹고 건강해지길~♡,HFF_MAPPED,챙겨,intake_convenience:convenient,intake_convenience,convenient,EXISTING_FACET,,,요즘은 젊은 사람도 암에 쉽게 걸리기 요즘은 젊은 사람도 암에 쉽게 걸리기 때문에 동생 건강을 위해 선물로 줬어요 잘 챙겨먹고 건강해지길~♡,HIGH,False
302,13,눈건강 루테인 지아잔틴 솔루션,health-functional-food,핸드폰과 컴퓨터를 많이 사용하는데 어느순간부터 눈이 피로함을 느껴서 눈 건강을 위해 먹고있어요~ 믿고 먹는 브랜드라 효과가 좋길 바라요~♡,HFF_MAPPED,눈 건강,medical_outcome,,,SUBJECTIVE_MEDICAL_OUTCOME,,,핸드폰과 컴퓨터를 많이 사용하는데 핸드폰과 컴퓨터를 많이 사용하는데 어느순간부터 눈이 피로함을 느껴서 눈 건강을 위해 먹고있어요~ 믿고 먹는 브랜드라 효과가 좋길 바라요~♡,HIGH,True
301,1,"뉴트리미 에센셜 팩, 1개 150정(30포)",health-functional-food,원료를 꼼꼼히 체크하여 만든 건강기능식품이고 목넘김이 편하도록 사이즈를 최소화해 거부감 없이 섭취할 수 있어 좋아요~!! 믿고 먹는 뉴트리미 영양제~!! 함께해요~♡,HFF_MAPPED,원료,ingredient_inclusion:ingredient_mentioned,ingredient_inclusion,ingredient_mentioned,EXISTING_FACET,,,원료를 꼼꼼히 체크하여 만든 건강기능 원료를 꼼꼼히 체크하여 만든 건강기능식품이고 목넘김이 편하도록 사이즈를 최소화해 거부감 없이 섭취할 수 있어 좋아요~!! 믿고 먹는 뉴트리미 영양,HIGH,False
301,1,"뉴트리미 에센셜 팩, 1개 150정(30포)",health-functional-food,원료를 꼼꼼히 체크하여 만든 건강기능식품이고 목넘김이 편하도록 사이즈를 최소화해 거부감 없이 섭취할 수 있어 좋아요~!! 믿고 먹는 뉴트리미 영양제~!! 함께해요~♡,HFF_MAPPED,목넘김,swallowability:easy,swallowability,easy,EXISTING_FACET,,,원료를 꼼꼼히 체크하여 만든 건강기능 원료를 꼼꼼히 체크하여 만든 건강기능식품이고 목넘김이 편하도록 사이즈를 최소화해 거부감 없이 섭취할 수 있어 좋아요~!! 믿고 먹는 뉴트리미 영양제~!! 함께해요~♡,HIGH,False
300,20,간건강 밀크씨슬,health-functional-food,평소 술을 자주 마시는 편이라 밀크씨슬을 먹는편인데 목넘김도 좋고 간에 죄책감이 조금은 덜한 느낌이예요!,HFF_MAPPED,목넘김,swallowability:easy,swallowability,easy,EXISTING_FACET,,,평소 술을 자주 마시는 편이라 밀크씨 평소 술을 자주 마시는 편이라 밀크씨슬을 먹는편인데 목넘김도 좋고 간에 죄책감이 조금은 덜한 느낌이예요!,HIGH,False
299,134,뉴트리미 마이팩 하루 한 포 맞춤영양제,health-functional-food,우선 받자마자 거품없는 제품포장이 너무 좋았어요 알약도 작아서 먹기도편하고 맞춤영양제로 구매할수있으니 더 신기하고 좋았습니다 다먹고 필요한 영양제로 재구매하려구요 다만 아쉬운점은 GMP인증까지 받았으면 더 믿고 구매할 수 있을것같아요,HFF_MAPPED,알약,product_form:tablet,product_form,tablet,EXISTING_FACET,,,우선 받자마자 거품없는 제품포장이 너 우선 받자마자 거품없는 제품포장이 너무 좋았어요 알약도 작아서 먹기도편하고 맞춤영양제로 구매할수있으니 더 신기하고 좋았습니다 다먹고 필요한 영양제로 재구매하려구요 다만 아쉬운점은 GMP인증까지 받았으면 더 믿고 구매할 수 있을것같아,HIGH,False
299,134,뉴트리미 마이팩 하루 한 포 맞춤영양제,health-functional-food,우선 받자마자 거품없는 제품포장이 너무 좋았어요 알약도 작아서 먹기도편하고 맞춤영양제로 구매할수있으니 더 신기하고 좋았습니다 다먹고 필요한 영양제로 재구매하려구요 다만 아쉬운점은 GMP인증까지 받았으면 더 믿고 구매할 수 있을것같아요,HFF_MAPPED,포장,packaging:packaging,packaging,packaging,EXISTING_FACET,,,우선 받자마자 거품없는 제품포장이 너 우선 받자마자 거품없는 제품포장이 너무 좋았어요 알약도 작아서 먹기도편하고 맞춤영양제로 구매할수있으니 더 신기하고 좋았습니다 다먹고 필요한 영양제로 재구매하려구요 다만 아쉬,HIGH,False
298,1,"뉴트리미 에센셜 팩, 1개 150정(30포)",health-functional-food,"벌써 추석이 다가오고있네요! 추석선물 뭐할지 고민되세요 추석선물 추천받고싶은사람 주목!!! 뉴트리미 맞춤 영양제 는 연질캡슐로 크기가 작고 부드러워서 목넘김이 아주 편했어요! 저는 회사갈때나 외출할때 챙겨가서 매일 먹고있어요ㅎㅎㅎ 뉴트리미 영양제로 추석선물도 하고 건강관리도 챙기세요! 루테인-컴퓨터, 핸드폰 자주 사용하는 현대",HFF_MAPPED,챙겨,intake_convenience:convenient,intake_convenience,convenient,EXISTING_FACET,,,"네요! 추석선물 뭐할지 고민되세요 추석선물 추천받고싶은사람 주목!!! 뉴트리미 맞춤 영양제 는 연질캡슐로 크기가 작고 부드러워서 목넘김이 아주 편했어요! 저는 회사갈때나 외출할때 챙겨가서 매일 먹고있어요ㅎㅎㅎ 뉴트리미 영양제로 추석선물도 하고 건강관리도 챙기세요! 루테인-컴퓨터, 핸드폰 자주 사용하는 현대",HIGH,False
298,1,"뉴트리미 에센셜 팩, 1개 150정(30포)",health-functional-food,"벌써 추석이 다가오고있네요! 추석선물 뭐할지 고민되세요 추석선물 추천받고싶은사람 주목!!! 뉴트리미 맞춤 영양제 는 연질캡슐로 크기가 작고 부드러워서 목넘김이 아주 편했어요! 저는 회사갈때나 외출할때 챙겨가서 매일 먹고있어요ㅎㅎㅎ 뉴트리미 영양제로 추석선물도 하고 건강관리도 챙기세요! 루테인-컴퓨터, 핸드폰 자주 사용하는 현대",HFF_MAPPED,캡슐,product_form:capsule,product_form,capsule,EXISTING_FACET,,,"벌써 추석이 다가오고있네요! 추석선물 벌써 추석이 다가오고있네요! 추석선물 뭐할지 고민되세요 추석선물 추천받고싶은사람 주목!!! 뉴트리미 맞춤 영양제 는 연질캡슐로 크기가 작고 부드러워서 목넘김이 아주 편했어요! 저는 회사갈때나 외출할때 챙겨가서 매일 먹고있어요ㅎㅎㅎ 뉴트리미 영양제로 추석선물도 하고 건강관리도 챙기세요! 루테인-컴퓨터,",HIGH,False
298,1,"뉴트리미 에센셜 팩, 1개 150정(30포)",health-functional-food,"벌써 추석이 다가오고있네요! 추석선물 뭐할지 고민되세요 추석선물 추천받고싶은사람 주목!!! 뉴트리미 맞춤 영양제 는 연질캡슐로 크기가 작고 부드러워서 목넘김이 아주 편했어요! 저는 회사갈때나 외출할때 챙겨가서 매일 먹고있어요ㅎㅎㅎ 뉴트리미 영양제로 추석선물도 하고 건강관리도 챙기세요! 루테인-컴퓨터, 핸드폰 자주 사용하는 현대",HFF_MAPPED,목넘김,swallowability:easy,swallowability,easy,EXISTING_FACET,,,"이 다가오고있네요! 추석선물 벌써 추석이 다가오고있네요! 추석선물 뭐할지 고민되세요 추석선물 추천받고싶은사람 주목!!! 뉴트리미 맞춤 영양제 는 연질캡슐로 크기가 작고 부드러워서 목넘김이 아주 편했어요! 저는 회사갈때나 외출할때 챙겨가서 매일 먹고있어요ㅎㅎㅎ 뉴트리미 영양제로 추석선물도 하고 건강관리도 챙기세요! 루테인-컴퓨터, 핸드폰 자주 사용하는 현대",HIGH,False
297,,,UNKNOWN,"벌써 추석이 다가오고있네요! 추석선물 뭐할지 고민되세요 추석선물 추천받고싶은사람 주목!!! 뉴트리미 맞춤 영양제 는 연질캡슐로 크기가 작고 부드러워서 목넘김이 아주 편했어요! 저는 회사갈때나 외출할때 챙겨가서 매일 먹고있어요ㅎㅎㅎ 뉴트리미 영양제로 추석선물도 하고 건강관리도 챙기세요! 루테인-컴퓨터, 핸드폰 자주 사용하는 현대",UNMAPPED_REFERENCE,챙겨,intake_convenience:convenient,intake_convenience,convenient,EXISTING_FACET,,,"네요! 추석선물 뭐할지 고민되세요 추석선물 추천받고싶은사람 주목!!! 뉴트리미 맞춤 영양제 는 연질캡슐로 크기가 작고 부드러워서 목넘김이 아주 편했어요! 저는 회사갈때나 외출할때 챙겨가서 매일 먹고있어요ㅎㅎㅎ 뉴트리미 영양제로 추석선물도 하고 건강관리도 챙기세요! 루테인-컴퓨터, 핸드폰 자주 사용하는 현대",HIGH,False
297,,,UNKNOWN,"벌써 추석이 다가오고있네요! 추석선물 뭐할지 고민되세요 추석선물 추천받고싶은사람 주목!!! 뉴트리미 맞춤 영양제 는 연질캡슐로 크기가 작고 부드러워서 목넘김이 아주 편했어요! 저는 회사갈때나 외출할때 챙겨가서 매일 먹고있어요ㅎㅎㅎ 뉴트리미 영양제로 추석선물도 하고 건강관리도 챙기세요! 루테인-컴퓨터, 핸드폰 자주 사용하는 현대",UNMAPPED_REFERENCE,캡슐,product_form:capsule,product_form,capsule,EXISTING_FACET,,,"벌써 추석이 다가오고있네요! 추석선물 벌써 추석이 다가오고있네요! 추석선물 뭐할지 고민되세요 추석선물 추천받고싶은사람 주목!!! 뉴트리미 맞춤 영양제 는 연질캡슐로 크기가 작고 부드러워서 목넘김이 아주 편했어요! 저는 회사갈때나 외출할때 챙겨가서 매일 먹고있어요ㅎㅎㅎ 뉴트리미 영양제로 추석선물도 하고 건강관리도 챙기세요! 루테인-컴퓨터,",HIGH,False
297,,,UNKNOWN,"벌써 추석이 다가오고있네요! 추석선물 뭐할지 고민되세요 추석선물 추천받고싶은사람 주목!!! 뉴트리미 맞춤 영양제 는 연질캡슐로 크기가 작고 부드러워서 목넘김이 아주 편했어요! 저는 회사갈때나 외출할때 챙겨가서 매일 먹고있어요ㅎㅎㅎ 뉴트리미 영양제로 추석선물도 하고 건강관리도 챙기세요! 루테인-컴퓨터, 핸드폰 자주 사용하는 현대",UNMAPPED_REFERENCE,목넘김,swallowability:easy,swallowability,easy,EXISTING_FACET,,,"이 다가오고있네요! 추석선물 벌써 추석이 다가오고있네요! 추석선물 뭐할지 고민되세요 추석선물 추천받고싶은사람 주목!!! 뉴트리미 맞춤 영양제 는 연질캡슐로 크기가 작고 부드러워서 목넘김이 아주 편했어요! 저는 회사갈때나 외출할때 챙겨가서 매일 먹고있어요ㅎㅎㅎ 뉴트리미 영양제로 추석선물도 하고 건강관리도 챙기세요! 루테인-컴퓨터, 핸드폰 자주 사용하는 현대",HIGH,False
296,17,혈압밸런스 코엔자임 Q10,health-functional-food,"벌써 추석이 다가오고있네요! 추석선물 뭐할지 고민되세요 추석선물 추천받고싶은사람 주목!!! 뉴트리미 맞춤 영양제 는 연질캡슐로 크기가 작고 부드러워서 목넘김이 아주 편했어요! 저는 회사갈때나 외출할때 챙겨가서 매일 먹고있어요ㅎㅎㅎ 뉴트리미 영양제로 추석선물도 하고 건강관리도 챙기세요! 루테인-컴퓨터, 핸드폰 자주 사용하는 현대",HFF_MAPPED,챙겨,intake_convenience:convenient,intake_convenience,convenient,EXISTING_FACET,,,"네요! 추석선물 뭐할지 고민되세요 추석선물 추천받고싶은사람 주목!!! 뉴트리미 맞춤 영양제 는 연질캡슐로 크기가 작고 부드러워서 목넘김이 아주 편했어요! 저는 회사갈때나 외출할때 챙겨가서 매일 먹고있어요ㅎㅎㅎ 뉴트리미 영양제로 추석선물도 하고 건강관리도 챙기세요! 루테인-컴퓨터, 핸드폰 자주 사용하는 현대",HIGH,False
296,17,혈압밸런스 코엔자임 Q10,health-functional-food,"벌써 추석이 다가오고있네요! 추석선물 뭐할지 고민되세요 추석선물 추천받고싶은사람 주목!!! 뉴트리미 맞춤 영양제 는 연질캡슐로 크기가 작고 부드러워서 목넘김이 아주 편했어요! 저는 회사갈때나 외출할때 챙겨가서 매일 먹고있어요ㅎㅎㅎ 뉴트리미 영양제로 추석선물도 하고 건강관리도 챙기세요! 루테인-컴퓨터, 핸드폰 자주 사용하는 현대",HFF_MAPPED,캡슐,product_form:capsule,product_form,capsule,EXISTING_FACET,,,"벌써 추석이 다가오고있네요! 추석선물 벌써 추석이 다가오고있네요! 추석선물 뭐할지 고민되세요 추석선물 추천받고싶은사람 주목!!! 뉴트리미 맞춤 영양제 는 연질캡슐로 크기가 작고 부드러워서 목넘김이 아주 편했어요! 저는 회사갈때나 외출할때 챙겨가서 매일 먹고있어요ㅎㅎㅎ 뉴트리미 영양제로 추석선물도 하고 건강관리도 챙기세요! 루테인-컴퓨터,",HIGH,False
296,17,혈압밸런스 코엔자임 Q10,health-functional-food,"벌써 추석이 다가오고있네요! 추석선물 뭐할지 고민되세요 추석선물 추천받고싶은사람 주목!!! 뉴트리미 맞춤 영양제 는 연질캡슐로 크기가 작고 부드러워서 목넘김이 아주 편했어요! 저는 회사갈때나 외출할때 챙겨가서 매일 먹고있어요ㅎㅎㅎ 뉴트리미 영양제로 추석선물도 하고 건강관리도 챙기세요! 루테인-컴퓨터, 핸드폰 자주 사용하는 현대",HFF_MAPPED,목넘김,swallowability:easy,swallowability,easy,EXISTING_FACET,,,"이 다가오고있네요! 추석선물 벌써 추석이 다가오고있네요! 추석선물 뭐할지 고민되세요 추석선물 추천받고싶은사람 주목!!! 뉴트리미 맞춤 영양제 는 연질캡슐로 크기가 작고 부드러워서 목넘김이 아주 편했어요! 저는 회사갈때나 외출할때 챙겨가서 매일 먹고있어요ㅎㅎㅎ 뉴트리미 영양제로 추석선물도 하고 건강관리도 챙기세요! 루테인-컴퓨터, 핸드폰 자주 사용하는 현대",HIGH,False
295,22,뉴트리미 프로바이오텍트 플러스 이뮨,health-functional-food,"벌써 추석이 다가오고있네요! 추석선물 뭐할지 고민되세요 추석선물 추천받고싶은사람 주목!!! 뉴트리미 맞춤 영양제 는 연질캡슐로 크기가 작고 부드러워서 목넘김이 아주 편했어요! 저는 회사갈때나 외출할때 챙겨가서 매일 먹고있어요ㅎㅎㅎ 뉴트리미 영양제로 추석선물도 하고 건강관리도 챙기세요! 루테인-컴퓨터, 핸드폰 자주 사용하는 현대",HFF_MAPPED,챙겨,intake_convenience:convenient,intake_convenience,convenient,EXISTING_FACET,,,"네요! 추석선물 뭐할지 고민되세요 추석선물 추천받고싶은사람 주목!!! 뉴트리미 맞춤 영양제 는 연질캡슐로 크기가 작고 부드러워서 목넘김이 아주 편했어요! 저는 회사갈때나 외출할때 챙겨가서 매일 먹고있어요ㅎㅎㅎ 뉴트리미 영양제로 추석선물도 하고 건강관리도 챙기세요! 루테인-컴퓨터, 핸드폰 자주 사용하는 현대",HIGH,False
295,22,뉴트리미 프로바이오텍트 플러스 이뮨,health-functional-food,"벌써 추석이 다가오고있네요! 추석선물 뭐할지 고민되세요 추석선물 추천받고싶은사람 주목!!! 뉴트리미 맞춤 영양제 는 연질캡슐로 크기가 작고 부드러워서 목넘김이 아주 편했어요! 저는 회사갈때나 외출할때 챙겨가서 매일 먹고있어요ㅎㅎㅎ 뉴트리미 영양제로 추석선물도 하고 건강관리도 챙기세요! 루테인-컴퓨터, 핸드폰 자주 사용하는 현대",HFF_MAPPED,캡슐,product_form:capsule,product_form,capsule,EXISTING_FACET,,,"벌써 추석이 다가오고있네요! 추석선물 벌써 추석이 다가오고있네요! 추석선물 뭐할지 고민되세요 추석선물 추천받고싶은사람 주목!!! 뉴트리미 맞춤 영양제 는 연질캡슐로 크기가 작고 부드러워서 목넘김이 아주 편했어요! 저는 회사갈때나 외출할때 챙겨가서 매일 먹고있어요ㅎㅎㅎ 뉴트리미 영양제로 추석선물도 하고 건강관리도 챙기세요! 루테인-컴퓨터,",HIGH,False
295,22,뉴트리미 프로바이오텍트 플러스 이뮨,health-functional-food,"벌써 추석이 다가오고있네요! 추석선물 뭐할지 고민되세요 추석선물 추천받고싶은사람 주목!!! 뉴트리미 맞춤 영양제 는 연질캡슐로 크기가 작고 부드러워서 목넘김이 아주 편했어요! 저는 회사갈때나 외출할때 챙겨가서 매일 먹고있어요ㅎㅎㅎ 뉴트리미 영양제로 추석선물도 하고 건강관리도 챙기세요! 루테인-컴퓨터, 핸드폰 자주 사용하는 현대",HFF_MAPPED,목넘김,swallowability:easy,swallowability,easy,EXISTING_FACET,,,"이 다가오고있네요! 추석선물 벌써 추석이 다가오고있네요! 추석선물 뭐할지 고민되세요 추석선물 추천받고싶은사람 주목!!! 뉴트리미 맞춤 영양제 는 연질캡슐로 크기가 작고 부드러워서 목넘김이 아주 편했어요! 저는 회사갈때나 외출할때 챙겨가서 매일 먹고있어요ㅎㅎㅎ 뉴트리미 영양제로 추석선물도 하고 건강관리도 챙기세요! 루테인-컴퓨터, 핸드폰 자주 사용하는 현대",HIGH,False
294,14,올인원 멀티비타민 밸런스,health-functional-food,"벌써 추석이 다가오고있네요! 추석선물 뭐할지 고민되세요 추석선물 추천받고싶은사람 주목!!! 뉴트리미 맞춤 영양제 는 연질캡슐로 크기가 작고 부드러워서 목넘김이 아주 편했어요! 저는 회사갈때나 외출할때 챙겨가서 매일 먹고있어요ㅎㅎㅎ 뉴트리미 영양제로 추석선물도 하고 건강관리도 챙기세요! 루테인-컴퓨터, 핸드폰 자주 사용하는 현대",HFF_MAPPED,챙겨,intake_convenience:convenient,intake_convenience,convenient,EXISTING_FACET,,,"네요! 추석선물 뭐할지 고민되세요 추석선물 추천받고싶은사람 주목!!! 뉴트리미 맞춤 영양제 는 연질캡슐로 크기가 작고 부드러워서 목넘김이 아주 편했어요! 저는 회사갈때나 외출할때 챙겨가서 매일 먹고있어요ㅎㅎㅎ 뉴트리미 영양제로 추석선물도 하고 건강관리도 챙기세요! 루테인-컴퓨터, 핸드폰 자주 사용하는 현대",HIGH,False
294,14,올인원 멀티비타민 밸런스,health-functional-food,"벌써 추석이 다가오고있네요! 추석선물 뭐할지 고민되세요 추석선물 추천받고싶은사람 주목!!! 뉴트리미 맞춤 영양제 는 연질캡슐로 크기가 작고 부드러워서 목넘김이 아주 편했어요! 저는 회사갈때나 외출할때 챙겨가서 매일 먹고있어요ㅎㅎㅎ 뉴트리미 영양제로 추석선물도 하고 건강관리도 챙기세요! 루테인-컴퓨터, 핸드폰 자주 사용하는 현대",HFF_MAPPED,캡슐,product_form:capsule,product_form,capsule,EXISTING_FACET,,,"벌써 추석이 다가오고있네요! 추석선물 벌써 추석이 다가오고있네요! 추석선물 뭐할지 고민되세요 추석선물 추천받고싶은사람 주목!!! 뉴트리미 맞춤 영양제 는 연질캡슐로 크기가 작고 부드러워서 목넘김이 아주 편했어요! 저는 회사갈때나 외출할때 챙겨가서 매일 먹고있어요ㅎㅎㅎ 뉴트리미 영양제로 추석선물도 하고 건강관리도 챙기세요! 루테인-컴퓨터,",HIGH,False
294,14,올인원 멀티비타민 밸런스,health-functional-food,"벌써 추석이 다가오고있네요! 추석선물 뭐할지 고민되세요 추석선물 추천받고싶은사람 주목!!! 뉴트리미 맞춤 영양제 는 연질캡슐로 크기가 작고 부드러워서 목넘김이 아주 편했어요! 저는 회사갈때나 외출할때 챙겨가서 매일 먹고있어요ㅎㅎㅎ 뉴트리미 영양제로 추석선물도 하고 건강관리도 챙기세요! 루테인-컴퓨터, 핸드폰 자주 사용하는 현대",HFF_MAPPED,목넘김,swallowability:easy,swallowability,easy,EXISTING_FACET,,,"이 다가오고있네요! 추석선물 벌써 추석이 다가오고있네요! 추석선물 뭐할지 고민되세요 추석선물 추천받고싶은사람 주목!!! 뉴트리미 맞춤 영양제 는 연질캡슐로 크기가 작고 부드러워서 목넘김이 아주 편했어요! 저는 회사갈때나 외출할때 챙겨가서 매일 먹고있어요ㅎㅎㅎ 뉴트리미 영양제로 추석선물도 하고 건강관리도 챙기세요! 루테인-컴퓨터, 핸드폰 자주 사용하는 현대",HIGH,False
293,20,간건강 밀크씨슬,health-functional-food,"벌써 추석이 다가오고있네요! 추석선물 뭐할지 고민되세요 추석선물 추천받고싶은사람 주목!!! 뉴트리미 맞춤 영양제 는 연질캡슐로 크기가 작고 부드러워서 목넘김이 아주 편했어요! 저는 회사갈때나 외출할때 챙겨가서 매일 먹고있어요ㅎㅎㅎ 뉴트리미 영양제로 추석선물도 하고 건강관리도 챙기세요! 루테인-컴퓨터, 핸드폰 자주 사용하는 현대",HFF_MAPPED,챙겨,intake_convenience:convenient,intake_convenience,convenient,EXISTING_FACET,,,"네요! 추석선물 뭐할지 고민되세요 추석선물 추천받고싶은사람 주목!!! 뉴트리미 맞춤 영양제 는 연질캡슐로 크기가 작고 부드러워서 목넘김이 아주 편했어요! 저는 회사갈때나 외출할때 챙겨가서 매일 먹고있어요ㅎㅎㅎ 뉴트리미 영양제로 추석선물도 하고 건강관리도 챙기세요! 루테인-컴퓨터, 핸드폰 자주 사용하는 현대",HIGH,False
293,20,간건강 밀크씨슬,health-functional-food,"벌써 추석이 다가오고있네요! 추석선물 뭐할지 고민되세요 추석선물 추천받고싶은사람 주목!!! 뉴트리미 맞춤 영양제 는 연질캡슐로 크기가 작고 부드러워서 목넘김이 아주 편했어요! 저는 회사갈때나 외출할때 챙겨가서 매일 먹고있어요ㅎㅎㅎ 뉴트리미 영양제로 추석선물도 하고 건강관리도 챙기세요! 루테인-컴퓨터, 핸드폰 자주 사용하는 현대",HFF_MAPPED,캡슐,product_form:capsule,product_form,capsule,EXISTING_FACET,,,"벌써 추석이 다가오고있네요! 추석선물 벌써 추석이 다가오고있네요! 추석선물 뭐할지 고민되세요 추석선물 추천받고싶은사람 주목!!! 뉴트리미 맞춤 영양제 는 연질캡슐로 크기가 작고 부드러워서 목넘김이 아주 편했어요! 저는 회사갈때나 외출할때 챙겨가서 매일 먹고있어요ㅎㅎㅎ 뉴트리미 영양제로 추석선물도 하고 건강관리도 챙기세요! 루테인-컴퓨터,",HIGH,False
293,20,간건강 밀크씨슬,health-functional-food,"벌써 추석이 다가오고있네요! 추석선물 뭐할지 고민되세요 추석선물 추천받고싶은사람 주목!!! 뉴트리미 맞춤 영양제 는 연질캡슐로 크기가 작고 부드러워서 목넘김이 아주 편했어요! 저는 회사갈때나 외출할때 챙겨가서 매일 먹고있어요ㅎㅎㅎ 뉴트리미 영양제로 추석선물도 하고 건강관리도 챙기세요! 루테인-컴퓨터, 핸드폰 자주 사용하는 현대",HFF_MAPPED,목넘김,swallowability:easy,swallowability,easy,EXISTING_FACET,,,"이 다가오고있네요! 추석선물 벌써 추석이 다가오고있네요! 추석선물 뭐할지 고민되세요 추석선물 추천받고싶은사람 주목!!! 뉴트리미 맞춤 영양제 는 연질캡슐로 크기가 작고 부드러워서 목넘김이 아주 편했어요! 저는 회사갈때나 외출할때 챙겨가서 매일 먹고있어요ㅎㅎㅎ 뉴트리미 영양제로 추석선물도 하고 건강관리도 챙기세요! 루테인-컴퓨터, 핸드폰 자주 사용하는 현대",HIGH,False
292,13,눈건강 루테인 지아잔틴 솔루션,health-functional-food,"벌써 추석이 다가오고있네요! 추석선물 뭐할지 고민되세요 추석선물 추천받고싶은사람 주목!!! 뉴트리미 맞춤 영양제 는 연질캡슐로 크기가 작고 부드러워서 목넘김이 아주 편했어요! 저는 회사갈때나 외출할때 챙겨가서 매일 먹고있어요ㅎㅎㅎ 뉴트리미 영양제로 추석선물도 하고 건강관리도 챙기세요! 루테인-컴퓨터, 핸드폰 자주 사용하는 현대",HFF_MAPPED,챙겨,intake_convenience:convenient,intake_convenience,convenient,EXISTING_FACET,,,"네요! 추석선물 뭐할지 고민되세요 추석선물 추천받고싶은사람 주목!!! 뉴트리미 맞춤 영양제 는 연질캡슐로 크기가 작고 부드러워서 목넘김이 아주 편했어요! 저는 회사갈때나 외출할때 챙겨가서 매일 먹고있어요ㅎㅎㅎ 뉴트리미 영양제로 추석선물도 하고 건강관리도 챙기세요! 루테인-컴퓨터, 핸드폰 자주 사용하는 현대",HIGH,False
292,13,눈건강 루테인 지아잔틴 솔루션,health-functional-food,"벌써 추석이 다가오고있네요! 추석선물 뭐할지 고민되세요 추석선물 추천받고싶은사람 주목!!! 뉴트리미 맞춤 영양제 는 연질캡슐로 크기가 작고 부드러워서 목넘김이 아주 편했어요! 저는 회사갈때나 외출할때 챙겨가서 매일 먹고있어요ㅎㅎㅎ 뉴트리미 영양제로 추석선물도 하고 건강관리도 챙기세요! 루테인-컴퓨터, 핸드폰 자주 사용하는 현대",HFF_MAPPED,캡슐,product_form:capsule,product_form,capsule,EXISTING_FACET,,,"벌써 추석이 다가오고있네요! 추석선물 벌써 추석이 다가오고있네요! 추석선물 뭐할지 고민되세요 추석선물 추천받고싶은사람 주목!!! 뉴트리미 맞춤 영양제 는 연질캡슐로 크기가 작고 부드러워서 목넘김이 아주 편했어요! 저는 회사갈때나 외출할때 챙겨가서 매일 먹고있어요ㅎㅎㅎ 뉴트리미 영양제로 추석선물도 하고 건강관리도 챙기세요! 루테인-컴퓨터,",HIGH,False
292,13,눈건강 루테인 지아잔틴 솔루션,health-functional-food,"벌써 추석이 다가오고있네요! 추석선물 뭐할지 고민되세요 추석선물 추천받고싶은사람 주목!!! 뉴트리미 맞춤 영양제 는 연질캡슐로 크기가 작고 부드러워서 목넘김이 아주 편했어요! 저는 회사갈때나 외출할때 챙겨가서 매일 먹고있어요ㅎㅎㅎ 뉴트리미 영양제로 추석선물도 하고 건강관리도 챙기세요! 루테인-컴퓨터, 핸드폰 자주 사용하는 현대",HFF_MAPPED,목넘김,swallowability:easy,swallowability,easy,EXISTING_FACET,,,"이 다가오고있네요! 추석선물 벌써 추석이 다가오고있네요! 추석선물 뭐할지 고민되세요 추석선물 추천받고싶은사람 주목!!! 뉴트리미 맞춤 영양제 는 연질캡슐로 크기가 작고 부드러워서 목넘김이 아주 편했어요! 저는 회사갈때나 외출할때 챙겨가서 매일 먹고있어요ㅎㅎㅎ 뉴트리미 영양제로 추석선물도 하고 건강관리도 챙기세요! 루테인-컴퓨터, 핸드폰 자주 사용하는 현대",HIGH,False
291,,,UNKNOWN,"벌써 추석이 다가오고있네요! 추석선물 뭐할지 고민되세요 추석선물 추천받고싶은사람 주목!!! 뉴트리미 맞춤 영양제 는 연질캡슐로 크기가 작고 부드러워서 목넘김이 아주 편했어요! 저는 회사갈때나 외출할때 챙겨가서 매일 먹고있어요ㅎㅎㅎ 뉴트리미 영양제로 추석선물도 하고 건강관리도 챙기세요! 루테인-컴퓨터, 핸드폰 자주 사용하는 현대",UNMAPPED_REFERENCE,챙겨,intake_convenience:convenient,intake_convenience,convenient,EXISTING_FACET,,,"네요! 추석선물 뭐할지 고민되세요 추석선물 추천받고싶은사람 주목!!! 뉴트리미 맞춤 영양제 는 연질캡슐로 크기가 작고 부드러워서 목넘김이 아주 편했어요! 저는 회사갈때나 외출할때 챙겨가서 매일 먹고있어요ㅎㅎㅎ 뉴트리미 영양제로 추석선물도 하고 건강관리도 챙기세요! 루테인-컴퓨터, 핸드폰 자주 사용하는 현대",HIGH,False
291,,,UNKNOWN,"벌써 추석이 다가오고있네요! 추석선물 뭐할지 고민되세요 추석선물 추천받고싶은사람 주목!!! 뉴트리미 맞춤 영양제 는 연질캡슐로 크기가 작고 부드러워서 목넘김이 아주 편했어요! 저는 회사갈때나 외출할때 챙겨가서 매일 먹고있어요ㅎㅎㅎ 뉴트리미 영양제로 추석선물도 하고 건강관리도 챙기세요! 루테인-컴퓨터, 핸드폰 자주 사용하는 현대",UNMAPPED_REFERENCE,캡슐,product_form:capsule,product_form,capsule,EXISTING_FACET,,,"벌써 추석이 다가오고있네요! 추석선물 벌써 추석이 다가오고있네요! 추석선물 뭐할지 고민되세요 추석선물 추천받고싶은사람 주목!!! 뉴트리미 맞춤 영양제 는 연질캡슐로 크기가 작고 부드러워서 목넘김이 아주 편했어요! 저는 회사갈때나 외출할때 챙겨가서 매일 먹고있어요ㅎㅎㅎ 뉴트리미 영양제로 추석선물도 하고 건강관리도 챙기세요! 루테인-컴퓨터,",HIGH,False
291,,,UNKNOWN,"벌써 추석이 다가오고있네요! 추석선물 뭐할지 고민되세요 추석선물 추천받고싶은사람 주목!!! 뉴트리미 맞춤 영양제 는 연질캡슐로 크기가 작고 부드러워서 목넘김이 아주 편했어요! 저는 회사갈때나 외출할때 챙겨가서 매일 먹고있어요ㅎㅎㅎ 뉴트리미 영양제로 추석선물도 하고 건강관리도 챙기세요! 루테인-컴퓨터, 핸드폰 자주 사용하는 현대",UNMAPPED_REFERENCE,목넘김,swallowability:easy,swallowability,easy,EXISTING_FACET,,,"이 다가오고있네요! 추석선물 벌써 추석이 다가오고있네요! 추석선물 뭐할지 고민되세요 추석선물 추천받고싶은사람 주목!!! 뉴트리미 맞춤 영양제 는 연질캡슐로 크기가 작고 부드러워서 목넘김이 아주 편했어요! 저는 회사갈때나 외출할때 챙겨가서 매일 먹고있어요ㅎㅎㅎ 뉴트리미 영양제로 추석선물도 하고 건강관리도 챙기세요! 루테인-컴퓨터, 핸드폰 자주 사용하는 현대",HIGH,False
290,134,뉴트리미 마이팩 하루 한 포 맞춤영양제,health-functional-food,"벌써 추석이 다가오고있네요! 추석선물 뭐할지 고민되세요 추석선물 추천받고싶은사람 주목!!! 뉴트리미 맞춤 영양제 는 연질캡슐로 크기가 작고 부드러워서 목넘김이 아주 편했어요! 저는 회사갈때나 외출할때 챙겨가서 매일 먹고있어요ㅎㅎㅎ 뉴트리미 영양제로 추석선물도 하고 건강관리도 챙기세요! 루테인-컴퓨터, 핸드폰 자주 사용하는 현대",HFF_MAPPED,챙겨,intake_convenience:convenient,intake_convenience,convenient,EXISTING_FACET,,,"네요! 추석선물 뭐할지 고민되세요 추석선물 추천받고싶은사람 주목!!! 뉴트리미 맞춤 영양제 는 연질캡슐로 크기가 작고 부드러워서 목넘김이 아주 편했어요! 저는 회사갈때나 외출할때 챙겨가서 매일 먹고있어요ㅎㅎㅎ 뉴트리미 영양제로 추석선물도 하고 건강관리도 챙기세요! 루테인-컴퓨터, 핸드폰 자주 사용하는 현대",HIGH,False
290,134,뉴트리미 마이팩 하루 한 포 맞춤영양제,health-functional-food,"벌써 추석이 다가오고있네요! 추석선물 뭐할지 고민되세요 추석선물 추천받고싶은사람 주목!!! 뉴트리미 맞춤 영양제 는 연질캡슐로 크기가 작고 부드러워서 목넘김이 아주 편했어요! 저는 회사갈때나 외출할때 챙겨가서 매일 먹고있어요ㅎㅎㅎ 뉴트리미 영양제로 추석선물도 하고 건강관리도 챙기세요! 루테인-컴퓨터, 핸드폰 자주 사용하는 현대",HFF_MAPPED,캡슐,product_form:capsule,product_form,capsule,EXISTING_FACET,,,"벌써 추석이 다가오고있네요! 추석선물 벌써 추석이 다가오고있네요! 추석선물 뭐할지 고민되세요 추석선물 추천받고싶은사람 주목!!! 뉴트리미 맞춤 영양제 는 연질캡슐로 크기가 작고 부드러워서 목넘김이 아주 편했어요! 저는 회사갈때나 외출할때 챙겨가서 매일 먹고있어요ㅎㅎㅎ 뉴트리미 영양제로 추석선물도 하고 건강관리도 챙기세요! 루테인-컴퓨터,",HIGH,False
290,134,뉴트리미 마이팩 하루 한 포 맞춤영양제,health-functional-food,"벌써 추석이 다가오고있네요! 추석선물 뭐할지 고민되세요 추석선물 추천받고싶은사람 주목!!! 뉴트리미 맞춤 영양제 는 연질캡슐로 크기가 작고 부드러워서 목넘김이 아주 편했어요! 저는 회사갈때나 외출할때 챙겨가서 매일 먹고있어요ㅎㅎㅎ 뉴트리미 영양제로 추석선물도 하고 건강관리도 챙기세요! 루테인-컴퓨터, 핸드폰 자주 사용하는 현대",HFF_MAPPED,목넘김,swallowability:easy,swallowability,easy,EXISTING_FACET,,,"이 다가오고있네요! 추석선물 벌써 추석이 다가오고있네요! 추석선물 뭐할지 고민되세요 추석선물 추천받고싶은사람 주목!!! 뉴트리미 맞춤 영양제 는 연질캡슐로 크기가 작고 부드러워서 목넘김이 아주 편했어요! 저는 회사갈때나 외출할때 챙겨가서 매일 먹고있어요ㅎㅎㅎ 뉴트리미 영양제로 추석선물도 하고 건강관리도 챙기세요! 루테인-컴퓨터, 핸드폰 자주 사용하는 현대",HIGH,False
289,16,뉴트리미 오메가3 (500정),health-functional-food,"벌써 추석이 다가오고있네요! 추석선물 뭐할지 고민되세요 추석선물 추천받고싶은사람 주목!!! 뉴트리미 맞춤 영양제 는 연질캡슐로 크기가 작고 부드러워서 목넘김이 아주 편했어요! 저는 회사갈때나 외출할때 챙겨가서 매일 먹고있어요ㅎㅎㅎ 뉴트리미 영양제로 추석선물도 하고 건강관리도 챙기세요! 루테인-컴퓨터, 핸드폰 자주 사용하는 현대",HFF_MAPPED,챙겨,intake_convenience:convenient,intake_convenience,convenient,EXISTING_FACET,,,"네요! 추석선물 뭐할지 고민되세요 추석선물 추천받고싶은사람 주목!!! 뉴트리미 맞춤 영양제 는 연질캡슐로 크기가 작고 부드러워서 목넘김이 아주 편했어요! 저는 회사갈때나 외출할때 챙겨가서 매일 먹고있어요ㅎㅎㅎ 뉴트리미 영양제로 추석선물도 하고 건강관리도 챙기세요! 루테인-컴퓨터, 핸드폰 자주 사용하는 현대",HIGH,False
289,16,뉴트리미 오메가3 (500정),health-functional-food,"벌써 추석이 다가오고있네요! 추석선물 뭐할지 고민되세요 추석선물 추천받고싶은사람 주목!!! 뉴트리미 맞춤 영양제 는 연질캡슐로 크기가 작고 부드러워서 목넘김이 아주 편했어요! 저는 회사갈때나 외출할때 챙겨가서 매일 먹고있어요ㅎㅎㅎ 뉴트리미 영양제로 추석선물도 하고 건강관리도 챙기세요! 루테인-컴퓨터, 핸드폰 자주 사용하는 현대",HFF_MAPPED,캡슐,product_form:capsule,product_form,capsule,EXISTING_FACET,,,"벌써 추석이 다가오고있네요! 추석선물 벌써 추석이 다가오고있네요! 추석선물 뭐할지 고민되세요 추석선물 추천받고싶은사람 주목!!! 뉴트리미 맞춤 영양제 는 연질캡슐로 크기가 작고 부드러워서 목넘김이 아주 편했어요! 저는 회사갈때나 외출할때 챙겨가서 매일 먹고있어요ㅎㅎㅎ 뉴트리미 영양제로 추석선물도 하고 건강관리도 챙기세요! 루테인-컴퓨터,",HIGH,False
289,16,뉴트리미 오메가3 (500정),health-functional-food,"벌써 추석이 다가오고있네요! 추석선물 뭐할지 고민되세요 추석선물 추천받고싶은사람 주목!!! 뉴트리미 맞춤 영양제 는 연질캡슐로 크기가 작고 부드러워서 목넘김이 아주 편했어요! 저는 회사갈때나 외출할때 챙겨가서 매일 먹고있어요ㅎㅎㅎ 뉴트리미 영양제로 추석선물도 하고 건강관리도 챙기세요! 루테인-컴퓨터, 핸드폰 자주 사용하는 현대",HFF_MAPPED,목넘김,swallowability:easy,swallowability,easy,EXISTING_FACET,,,"이 다가오고있네요! 추석선물 벌써 추석이 다가오고있네요! 추석선물 뭐할지 고민되세요 추석선물 추천받고싶은사람 주목!!! 뉴트리미 맞춤 영양제 는 연질캡슐로 크기가 작고 부드러워서 목넘김이 아주 편했어요! 저는 회사갈때나 외출할때 챙겨가서 매일 먹고있어요ㅎㅎㅎ 뉴트리미 영양제로 추석선물도 하고 건강관리도 챙기세요! 루테인-컴퓨터, 핸드폰 자주 사용하는 현대",HIGH,False
288,20,간건강 밀크씨슬,health-functional-food,#체험단 리뷰 평소 피로감이 있는데 밀크씨슬이 간건강과 피로회복에 도움이 된다고해요! 뉴트리미 밀크씨슬은 폴란드산 밀크씨슬 추출물을 사용하여 만들고 Non-GMO 인증 밀크씨슬 씨앗을 사용하기 때문에 안심하고 섭취할 수 있어요 하루 1정 식사 시에 섭취하면 되고 크기도 작아서 목넘김도 쉬워요! 간건강이 염려되시거나 피로감이 심하신 분들은 뉴,HFF_MAPPED,목넘김,swallowability:easy,swallowability,easy,EXISTING_FACET,,,씨슬은 폴란드산 밀크씨슬 추출물을 사용하여 만들고 Non-GMO 인증 밀크씨슬 씨앗을 사용하기 때문에 안심하고 섭취할 수 있어요 하루 1정 식사 시에 섭취하면 되고 크기도 작아서 목넘김도 쉬워요! 간건강이 염려되시거나 피로감이 심하신 분들은 뉴,HIGH,False
287,1,"뉴트리미 에센셜 팩, 1개 150정(30포)",health-functional-food,좋은기회 감사합니다^^ 건강해진 기분이에요!,HFF_MAPPED,,non_facet,,,NON_FACET,,,좋은기회 감사합니다^^ 건강해진 기분 좋은기회 감사합니다^^ 건강해진 기분이에요!,LOW,False
286,,,UNKNOWN,가족 선물해줬는데 20대 여성이 꼬박꼬박 챙겨먹고있어요!,UNMAPPED_REFERENCE,챙겨,intake_convenience:convenient,intake_convenience,convenient,EXISTING_FACET,,,가족 선물해줬는데 20대 여성이 꼬박 가족 선물해줬는데 20대 여성이 꼬박꼬박 챙겨먹고있어요!,HIGH,False
285,21,뉴트리미 테아닌,health-functional-food,테아민은 처음들어보는데 스트레스에 좋다고해서 저녁에 먹으니 아침에 상쾌하네요~,HFF_MAPPED,,non_facet,,,NON_FACET,,,테아민은 처음들어보는데 스트레스에 좋 테아민은 처음들어보는데 스트레스에 좋다고해서 저녁에 먹으니 아침에 상쾌하네요~,LOW,False
284,17,혈압밸런스 코엔자임 Q10,health-functional-food,오메가3랑 같이 먹으면 좋다해서 같이 먹고 있습니다! 하루한알에 알약크기도 작아서 걸림이 없네요ㅎ,HFF_MAPPED,알약,product_form:tablet,product_form,tablet,EXISTING_FACET,,,오메가3랑 같이 먹으면 좋다해서 같이 오메가3랑 같이 먹으면 좋다해서 같이 먹고 있습니다! 하루한알에 알약크기도 작아서 걸림이 없네요ㅎ,HIGH,False
283,20,간건강 밀크씨슬,health-functional-food,간건강에 밀크씨슬은 필수인데 먹던게 다 떨어져서 뉴트리미 먹어보니 더 좋네요ㅎㅎ,HFF_MAPPED,,non_facet,,,NON_FACET,,,간건강에 밀크씨슬은 필수인데 먹던게 간건강에 밀크씨슬은 필수인데 먹던게 다 떨어져서 뉴트리미 먹어보니 더 좋네요ㅎㅎ,LOW,False
282,14,올인원 멀티비타민 밸런스,health-functional-food,다양한 비타민군과 미네랄을 한알로 채우고 아침마다 먹으면 하루가 덜 피곤해요,HFF_MAPPED,,non_facet,,,NON_FACET,,,다양한 비타민군과 미네랄을 한알로 채 다양한 비타민군과 미네랄을 한알로 채우고 아침마다 먹으면 하루가 덜 피곤해요,LOW,False
281,18,쏘팔메토옥타코사놀11520,health-functional-food,남성건강에 필요한데 너무 좋은 영양제입니다~,HFF_MAPPED,,non_facet,,,NON_FACET,,,남성건강에 필요한데 너무 좋은 영양제 남성건강에 필요한데 너무 좋은 영양제입니다~,LOW,False
280,15,칼마디앤K2,health-functional-food,칼슘 마그네슘 비타민D를 한번에 챙길수있어 너무 간편합니다,HFF_MAPPED,간편,intake_convenience:convenient,intake_convenience,convenient,EXISTING_FACET,,,칼슘 마그네슘 비타민D를 한번에 챙길 칼슘 마그네슘 비타민D를 한번에 챙길수있어 너무 간편합니다,HIGH,False
279,1,"뉴트리미 에센셜 팩, 1개 150정(30포)",health-functional-food,패키지도 귀엽고 건강챙기면서 먹기 좋아요,HFF_MAPPED,,non_facet,,,NON_FACET,,,패키지도 귀엽고 건강챙기면서 먹기 좋 패키지도 귀엽고 건강챙기면서 먹기 좋아요,LOW,False
278,1,"뉴트리미 에센셜 팩, 1개 150정(30포)",health-functional-food,알약크기도 작고 목넘김도 거슬림이 없어요.,HFF_MAPPED,알약,product_form:tablet,product_form,tablet,EXISTING_FACET,,,알약크기도 작고 목넘김도 거슬림이 없 알약크기도 작고 목넘김도 거슬림이 없어요.,HIGH,False
278,1,"뉴트리미 에센셜 팩, 1개 150정(30포)",health-functional-food,알약크기도 작고 목넘김도 거슬림이 없어요.,HFF_MAPPED,목넘김,swallowability:easy,swallowability,easy,EXISTING_FACET,,,알약크기도 작고 목넘김도 거슬림이 없 알약크기도 작고 목넘김도 거슬림이 없어요.,HIGH,False
277,1,"뉴트리미 에센셜 팩, 1개 150정(30포)",health-functional-food,여러제품을 체험할수있어서 좋았어요. 알약크기도 작아서 목넘김이 편해서 더욱 편했어요 서로성분겹치지않게 만든점이 칭찬하고싶네요,HFF_MAPPED,성분,ingredient_inclusion:ingredient_mentioned,ingredient_inclusion,ingredient_mentioned,EXISTING_FACET,,,여러제품을 체험할수있어서 좋았어요. 여러제품을 체험할수있어서 좋았어요. 알약크기도 작아서 목넘김이 편해서 더욱 편했어요 서로성분겹치지않게 만든점이 칭찬하고싶네요,HIGH,False
277,1,"뉴트리미 에센셜 팩, 1개 150정(30포)",health-functional-food,여러제품을 체험할수있어서 좋았어요. 알약크기도 작아서 목넘김이 편해서 더욱 편했어요 서로성분겹치지않게 만든점이 칭찬하고싶네요,HFF_MAPPED,알약,product_form:tablet,product_form,tablet,EXISTING_FACET,,,여러제품을 체험할수있어서 좋았어요. 여러제품을 체험할수있어서 좋았어요. 알약크기도 작아서 목넘김이 편해서 더욱 편했어요 서로성분겹치지않게 만든점이 칭찬하고싶네요,HIGH,False
277,1,"뉴트리미 에센셜 팩, 1개 150정(30포)",health-functional-food,여러제품을 체험할수있어서 좋았어요. 알약크기도 작아서 목넘김이 편해서 더욱 편했어요 서로성분겹치지않게 만든점이 칭찬하고싶네요,HFF_MAPPED,목넘김,swallowability:easy,swallowability,easy,EXISTING_FACET,,,여러제품을 체험할수있어서 좋았어요. 여러제품을 체험할수있어서 좋았어요. 알약크기도 작아서 목넘김이 편해서 더욱 편했어요 서로성분겹치지않게 만든점이 칭찬하고싶네요,HIGH,False
276,134,뉴트리미 마이팩 하루 한 포 맞춤영양제,health-functional-food,"너무나 다양한 영양제를 받아 가족들 건강까지 챙길 수 있게 되어 너무 감사해요~ 가족 개개인 마다 필요한 영양이 다르니 각자 필요로 하는 영양제를 나눠 섭취중이랍니다~ 개봉해보니 알록달록 색깔도 이쁘고 여러 알을 한번에 섭취해도 작은 크키의 목 넘김이 편한 사이즈라 먹기 좋아 완전 만족해요 제품마다 원료사, 원산지, 함량까지 기재되어 있어 안심하고",HFF_MAPPED,개봉,opening_convenience,,,NEW_FACET_CANDIDATE,opening_convenience,,"아 가족들 너무나 다양한 영양제를 받아 가족들 건강까지 챙길 수 있게 되어 너무 감사해요~ 가족 개개인 마다 필요한 영양이 다르니 각자 필요로 하는 영양제를 나눠 섭취중이랍니다~ 개봉해보니 알록달록 색깔도 이쁘고 여러 알을 한번에 섭취해도 작은 크키의 목 넘김이 편한 사이즈라 먹기 좋아 완전 만족해요 제품마다 원료사, 원산지, 함량까지 기재되어 있어 안심하고",MEDIUM,False
276,134,뉴트리미 마이팩 하루 한 포 맞춤영양제,health-functional-food,"너무나 다양한 영양제를 받아 가족들 건강까지 챙길 수 있게 되어 너무 감사해요~ 가족 개개인 마다 필요한 영양이 다르니 각자 필요로 하는 영양제를 나눠 섭취중이랍니다~ 개봉해보니 알록달록 색깔도 이쁘고 여러 알을 한번에 섭취해도 작은 크키의 목 넘김이 편한 사이즈라 먹기 좋아 완전 만족해요 제품마다 원료사, 원산지, 함량까지 기재되어 있어 안심하고",HFF_MAPPED,원료,ingredient_inclusion:ingredient_mentioned,ingredient_inclusion,ingredient_mentioned,EXISTING_FACET,,,"자 필요로 하는 영양제를 나눠 섭취중이랍니다~ 개봉해보니 알록달록 색깔도 이쁘고 여러 알을 한번에 섭취해도 작은 크키의 목 넘김이 편한 사이즈라 먹기 좋아 완전 만족해요 제품마다 원료사, 원산지, 함량까지 기재되어 있어 안심하고",HIGH,False
276,134,뉴트리미 마이팩 하루 한 포 맞춤영양제,health-functional-food,"너무나 다양한 영양제를 받아 가족들 건강까지 챙길 수 있게 되어 너무 감사해요~ 가족 개개인 마다 필요한 영양이 다르니 각자 필요로 하는 영양제를 나눠 섭취중이랍니다~ 개봉해보니 알록달록 색깔도 이쁘고 여러 알을 한번에 섭취해도 작은 크키의 목 넘김이 편한 사이즈라 먹기 좋아 완전 만족해요 제품마다 원료사, 원산지, 함량까지 기재되어 있어 안심하고",HFF_MAPPED,함량,ingredient_inclusion:ingredient_mentioned,ingredient_inclusion,ingredient_mentioned,EXISTING_FACET,,,"양제를 나눠 섭취중이랍니다~ 개봉해보니 알록달록 색깔도 이쁘고 여러 알을 한번에 섭취해도 작은 크키의 목 넘김이 편한 사이즈라 먹기 좋아 완전 만족해요 제품마다 원료사, 원산지, 함량까지 기재되어 있어 안심하고",HIGH,False
275,116,[마이팩] 뉴트리미 하이key팩,health-functional-food,DHA.EPA 흡수좋은 rTG오메가3라서 좋아요 페퍼민트라니 신기하네요.다른건 이렇게 신경쓰지않앗던거같은데요.비린내 없어서 좋아요,HFF_MAPPED,비린내,odor:fishy,odor,fishy,EXISTING_FACET,,,DHA.EPA 흡수좋은 rTG오메가 DHA.EPA 흡수좋은 rTG오메가3라서 좋아요 페퍼민트라니 신기하네요.다른건 이렇게 신경쓰지않앗던거같은데요.비린내 없어서 좋아요,HIGH,False
275,116,[마이팩] 뉴트리미 하이key팩,health-functional-food,DHA.EPA 흡수좋은 rTG오메가3라서 좋아요 페퍼민트라니 신기하네요.다른건 이렇게 신경쓰지않앗던거같은데요.비린내 없어서 좋아요,HFF_MAPPED,비린,odor:fishy,odor,fishy,EXISTING_FACET,,,DHA.EPA 흡수좋은 rTG오메가 DHA.EPA 흡수좋은 rTG오메가3라서 좋아요 페퍼민트라니 신기하네요.다른건 이렇게 신경쓰지않앗던거같은데요.비린내 없어서 좋아요,HIGH,False
274,14,올인원 멀티비타민 밸런스,health-functional-food,요 작은 한알에 비타민13종에 미네랄3종이 다 들었다니 작은데 알차요.,HFF_MAPPED,,non_facet,,,NON_FACET,,,요 작은 한알에 비타민13종에 미네 요 작은 한알에 비타민13종에 미네랄3종이 다 들었다니 작은데 알차요.,LOW,False
273,134,뉴트리미 마이팩 하루 한 포 맞춤영양제,health-functional-food,여러가지 영양제 종류별로 체험 기회주셔서 너무감사합니다! 영양성분도 다 너무 좋고 뉴트리미로 정착하기로 했답니다. 남편.친정엄마.친정아빠.저 까지 모두 뉴트리미로,HFF_MAPPED,성분,ingredient_inclusion:ingredient_mentioned,ingredient_inclusion,ingredient_mentioned,EXISTING_FACET,,,여러가지 영양제 종류별로 체험 기회주 여러가지 영양제 종류별로 체험 기회주셔서 너무감사합니다! 영양성분도 다 너무 좋고 뉴트리미로 정착하기로 했답니다. 남편.친정엄마.친정아빠.저 까지 모두 뉴트리미로,HIGH,False
272,1,"뉴트리미 에센셜 팩, 1개 150정(30포)",health-functional-food,2차성징이 시작된지 오래됐고 사춘기가 오기 시작한 아이에게 다양하게 도움을 줄수있는 제품인거 같아요 공부니 학원이니 오래 책상에 앉아있는 요즘 아이들에게 정말 필요한 다양한 영양소들이 들어있어 요거 한통으로 꾸준히 건강관리 할꺼예요~^^,HFF_MAPPED,,non_facet,,,NON_FACET,,,2차성징이 시작된지 오래됐고 사춘기가 2차성징이 시작된지 오래됐고 사춘기가 오기 시작한 아이에게 다양하게 도움을 줄수있는 제품인거 같아요 공부니 학원이니 오래 책상에 앉아있는 요즘 아이들에게 정말 필요한 다양한 영양소들이 들어있어 요거 한통으로 꾸준히 건강관리 할꺼예요~^^,LOW,False
271,15,칼마디앤K2,health-functional-food,40대의 남자의 일상이란 가족위해서 아침부터 출근해서 스트레스에 술에 여러가지 압박에 피곤해서 운동도 챙기기 힘들고 운동을 하려해도 체력이 떨어져 원하는 만큼 하지못해 악순환이 반복되는거 같아요~칼슘으로 신경과 근육기능유지에 도움을주고 뼈와 치아등을 튼튼히 유지시켜주면서 골다공증발생 위험에 감소도움까지 주니까 남편뿐만아니라 저희 부부에게 꼭 필요한 영양제,HFF_MAPPED,,non_facet,,,NON_FACET,,,40대의 남자의 일상이란 가족위해서 40대의 남자의 일상이란 가족위해서 아침부터 출근해서 스트레스에 술에 여러가지 압박에 피곤해서 운동도 챙기기 힘들고 운동을 하려해도 체력이 떨어져 원하는 만큼 하지못해 악순환이 반복되는거 같아요~칼슘으로 신경과 근육기능유지에 도움을주고 뼈와 치아등을 튼튼히 유지시켜주면서 골다공증발생 위험에 감소도움까지 주니까 남편뿐만아니라 저희 부부에게 꼭 필요한 영양제,LOW,False
270,21,뉴트리미 테아닌,health-functional-food,조금 생소한 영양제~테아닌~ 그런데 이거 진짜 현대사회 사람들에게는 필수인 영양제인듯 합니다~스트레스에 긴장완화까지 도움을주니 당연히 일할때 맘이 편해지고 능률은 올라서 너무 많이 도움이 되는거 같아요~ 저희 남편의 원픽!,HFF_MAPPED,완화,medical_outcome,,,SUBJECTIVE_MEDICAL_OUTCOME,,,조금 생소한 영양제~테아닌~ 그런데 조금 생소한 영양제~테아닌~ 그런데 이거 진짜 현대사회 사람들에게는 필수인 영양제인듯 합니다~스트레스에 긴장완화까지 도움을주니 당연히 일할때 맘이 편해지고 능률은 올라서 너무 많이 도움이 되는거 같아요~ 저희 남편의 원픽!,HIGH,True
269,18,쏘팔메토옥타코사놀11520,health-functional-food,남편에게 웃으며 전립선건강 영양제를 권하니까 왜 웃냐며 사실 소변볼때 찝찝하다네요ㅜㅜ 왜 말안했냐니까 부끄럽다나 뭐라나ㅋㅋ정말 적기적소에 뉴트리미 전립선건강 영양제로 예방할수 있어서 다행입니다~실제로 밤에 화장실가는 횟수가 조금 줄었데요~너무 감사해요,HFF_MAPPED,,non_facet,,,NON_FACET,,,남편에게 웃으며 전립선건강 영양제를 남편에게 웃으며 전립선건강 영양제를 권하니까 왜 웃냐며 사실 소변볼때 찝찝하다네요ㅜㅜ 왜 말안했냐니까 부끄럽다나 뭐라나ㅋㅋ정말 적기적소에 뉴트리미 전립선건강 영양제로 예방할수 있어서 다행입니다~실제로 밤에 화장실가는 횟수가 조금 줄었데요~너무 감사해요,LOW,False
268,,,UNKNOWN,40대니 아직 갱년기까지는 신경쓰고 싶지 않지만 동네 언니들보면 갱년기와서 엄청 힘들어 하더라구요~사춘기애들보다 더 예민해 지는걸보고 미리미리 저의 오지않은 갱년기도 챙기면 좋겠다~싶어요~ 꾸준히 먹고 건강한 나이듬을 받아드리렵니다,UNMAPPED_REFERENCE,,non_facet,,,NON_FACET,,,40대니 아직 갱년기까지는 신경쓰고 40대니 아직 갱년기까지는 신경쓰고 싶지 않지만 동네 언니들보면 갱년기와서 엄청 힘들어 하더라구요~사춘기애들보다 더 예민해 지는걸보고 미리미리 저의 오지않은 갱년기도 챙기면 좋겠다~싶어요~ 꾸준히 먹고 건강한 나이듬을 받아드리렵니다,LOW,False
267,116,[마이팩] 뉴트리미 하이key팩,health-functional-food,초등학교 5학년 저희 딸은 알약을 잘 먹지 못해서 아직도 감기약은 가루나 액상을 타다먹어요~ 그런데 뉴트리미 오메가3은 2알인데도 잘 먹더라구요~ 생리도 시작하고 사춘기도 스물스물 올라오는 우리 귀한딸~ 뉴트리미로 건강 챙겨줄께요,HFF_MAPPED,챙겨,intake_convenience:convenient,intake_convenience,convenient,EXISTING_FACET,,,못해서 아직도 감기약은 가루나 액상을 타다먹어요~ 그런데 뉴트리미 오메가3은 2알인데도 잘 먹더라구요~ 생리도 시작하고 사춘기도 스물스물 올라오는 우리 귀한딸~ 뉴트리미로 건강 챙겨줄께요,HIGH,False
267,116,[마이팩] 뉴트리미 하이key팩,health-functional-food,초등학교 5학년 저희 딸은 알약을 잘 먹지 못해서 아직도 감기약은 가루나 액상을 타다먹어요~ 그런데 뉴트리미 오메가3은 2알인데도 잘 먹더라구요~ 생리도 시작하고 사춘기도 스물스물 올라오는 우리 귀한딸~ 뉴트리미로 건강 챙겨줄께요,HFF_MAPPED,알약,product_form:tablet,product_form,tablet,EXISTING_FACET,,,초등학교 5학년 저희 딸은 알약을 잘 초등학교 5학년 저희 딸은 알약을 잘 먹지 못해서 아직도 감기약은 가루나 액상을 타다먹어요~ 그런데 뉴트리미 오메가3은 2알인데도 잘 먹더라구요~ 생리도 시작하고 사춘기도,HIGH,False
267,116,[마이팩] 뉴트리미 하이key팩,health-functional-food,초등학교 5학년 저희 딸은 알약을 잘 먹지 못해서 아직도 감기약은 가루나 액상을 타다먹어요~ 그런데 뉴트리미 오메가3은 2알인데도 잘 먹더라구요~ 생리도 시작하고 사춘기도 스물스물 올라오는 우리 귀한딸~ 뉴트리미로 건강 챙겨줄께요,HFF_MAPPED,액상,product_form:liquid,product_form,liquid,EXISTING_FACET,,,초등학교 5학년 저희 딸은 알약을 잘 초등학교 5학년 저희 딸은 알약을 잘 먹지 못해서 아직도 감기약은 가루나 액상을 타다먹어요~ 그런데 뉴트리미 오메가3은 2알인데도 잘 먹더라구요~ 생리도 시작하고 사춘기도 스물스물 올라오는 우리 귀한딸~ 뉴트리미로 건강 챙겨줄께요,HIGH,False
267,116,[마이팩] 뉴트리미 하이key팩,health-functional-food,초등학교 5학년 저희 딸은 알약을 잘 먹지 못해서 아직도 감기약은 가루나 액상을 타다먹어요~ 그런데 뉴트리미 오메가3은 2알인데도 잘 먹더라구요~ 생리도 시작하고 사춘기도 스물스물 올라오는 우리 귀한딸~ 뉴트리미로 건강 챙겨줄께요,HFF_MAPPED,가루,product_form:powder,product_form,powder,EXISTING_FACET,,,초등학교 5학년 저희 딸은 알약을 잘 초등학교 5학년 저희 딸은 알약을 잘 먹지 못해서 아직도 감기약은 가루나 액상을 타다먹어요~ 그런데 뉴트리미 오메가3은 2알인데도 잘 먹더라구요~ 생리도 시작하고 사춘기도 스물스물 올라오는 우리 귀한딸~ 뉴트리미로 건강 챙겨줄께요,HIGH,False
266,14,올인원 멀티비타민 밸런스,health-functional-food,43살의 여자 사람인저는 가족 건강은 꼼꼼하게 챙기면서 저는 종합비타민만 챙겼는데 매번 속이 너무 쓰려서 먹다가 포기하곤 했어요~너무 자연주의적이고 순~한 뉴트리미^^ 끝까지 꾸준히 챙겨서 저 자신의 건강도 소중히 하렵니다,HFF_MAPPED,챙겨,intake_convenience:convenient,intake_convenience,convenient,EXISTING_FACET,,,살의 여자 사람인저는 가족 건강은 꼼꼼하게 챙기면서 저는 종합비타민만 챙겼는데 매번 속이 너무 쓰려서 먹다가 포기하곤 했어요~너무 자연주의적이고 순~한 뉴트리미^^ 끝까지 꾸준히 챙겨서 저 자신의 건강도 소중히 하렵니다,HIGH,False
265,20,간건강 밀크씨슬,health-functional-food,술 좋아하고 자주먹는 우리 신랑~ 회사에서 스트레스도 너무 받아 항상 신경쓰였는데 밀크씨슬 꾸준히 챙겨먹여야 겠어요,HFF_MAPPED,챙겨,intake_convenience:convenient,intake_convenience,convenient,EXISTING_FACET,,,술 좋아하고 자주먹는 우리 신랑~ 회 술 좋아하고 자주먹는 우리 신랑~ 회사에서 스트레스도 너무 받아 항상 신경쓰였는데 밀크씨슬 꾸준히 챙겨먹여야 겠어요,HIGH,False
264,13,눈건강 루테인 지아잔틴 솔루션,health-functional-food,남편의 눈건강을위해 루테인 챙기기 오래전부터 안경을 끼고 있고 이제 40대여서 노안도 진행되는데요 미리미리 눈건강 챙길수 있어서 좋아요^^,HFF_MAPPED,,non_facet,,,NON_FACET,,,남편의 눈건강을위해 루테인 챙기기 남편의 눈건강을위해 루테인 챙기기 오래전부터 안경을 끼고 있고 이제 40대여서 노안도 진행되는데요 미리미리 눈건강 챙길수 있어서 좋아요^^,LOW,False
263,134,뉴트리미 마이팩 하루 한 포 맞춤영양제,health-functional-food,이렇게 다양한 제품을 좋은 기회로 접해볼수 있어서 너무 감사합니다 영양사분과 직접 통화하면서 가족들의 상태와 어떻게 먹는지 좋은 방법과 알아듣기 쉬운 제품의 효능까지~~너무 감사했습니다 저희 세가족은 앞으로 뉴트리미 믿고 영양제는 무조건 여기서 주문할 생각입니다,HFF_MAPPED,효능,medical_outcome,,,SUBJECTIVE_MEDICAL_OUTCOME,,,품을 좋은 기회로 접 이렇게 다양한 제품을 좋은 기회로 접해볼수 있어서 너무 감사합니다 영양사분과 직접 통화하면서 가족들의 상태와 어떻게 먹는지 좋은 방법과 알아듣기 쉬운 제품의 효능까지~~너무 감사했습니다 저희 세가족은 앞으로 뉴트리미 믿고 영양제는 무조건 여기서 주문할 생각입니다,HIGH,True
262,15,칼마디앤K2,health-functional-food,"바쁜 일상 속에서 일반 음식으로는 칼슘&마그네슘&비타민 D 를 섭취하기란 너무 어렵더라고요. 그래서 영양제의 힘을 빌릴 수밖에 없어요 ㅎㅎ 영양제를 꼼꼼하게 보고 고르는 편인데, 믿고 먹을 수 있어서 너무 좋아요. 목넘김도 편하고 설명서도 통에 상세히 부착되어 있어서 섭취 방법, 영양소를 쉽게 확인할 수 있더라고요. 이외에도 다른 제품들도 함께 섭취하고",HFF_MAPPED,목넘김,swallowability:easy,swallowability,easy,EXISTING_FACET,,,"슘&마그네슘&비타민 D 를 섭취하기란 너무 어렵더라고요. 그래서 영양제의 힘을 빌릴 수밖에 없어요 ㅎㅎ 영양제를 꼼꼼하게 보고 고르는 편인데, 믿고 먹을 수 있어서 너무 좋아요. 목넘김도 편하고 설명서도 통에 상세히 부착되어 있어서 섭취 방법, 영양소를 쉽게 확인할 수 있더라고요. 이외에도 다른 제품들도 함께 섭취하고",HIGH,False
261,1,"뉴트리미 에센셜 팩, 1개 150정(30포)",health-functional-food,"이 영양제는 아버지께 선물해 드렸어요. 영양제를 꼼꼼하게 보고 고르는 편인데, 믿고 먹을 수 있어서 너무 좋고 그래서 선물하기에도 너무 좋아요 !",HFF_MAPPED,선물,non_facet,,,NON_FACET,,,"이 영양제는 아버지께 선물해 드렸어요 이 영양제는 아버지께 선물해 드렸어요. 영양제를 꼼꼼하게 보고 고르는 편인데, 믿고 먹을 수 있어서 너무 좋고 그래서 선물하기에도 너무 좋아요 !",LOW,False
260,,,UNKNOWN,"여성 건강 영양제는 어머니께 선물해 드렸어요. 영양제를 꼼꼼하게 보고 고르는 편인데, 믿고 먹을 수 있어서 너무 좋고 그래서 선물하기에도 너무 좋아요 !",UNMAPPED_REFERENCE,선물,non_facet,,,NON_FACET,,,"여성 건강 영양제는 어머니께 선물해 여성 건강 영양제는 어머니께 선물해 드렸어요. 영양제를 꼼꼼하게 보고 고르는 편인데, 믿고 먹을 수 있어서 너무 좋고 그래서 선물하기에도 너무 좋아요 !",LOW,False
259,21,뉴트리미 테아닌,health-functional-food,"테아닌 처음 먹어봤는데, 스트레스는 만병의 근원이라고 하잖아요. 긴장 완화 스트레스 와놯에 도움을 준다고 하더라고요. 어쩌면 바쁘게 살아가는 직장인들이 꾸준히 먹어보면 도움이 될 것 같아요. 목넘김도 편하고 설명서도 통에 상세히 부착되어 있어서 섭취 방법, 영양소를 쉽게 확인할 수 있더라고요. 영양제를 꼼꼼하게 보고 고르는 편인데, 믿고 먹을 수 있어서 너",HFF_MAPPED,완화,medical_outcome,,,SUBJECTIVE_MEDICAL_OUTCOME,,,"테아닌 처음 먹어봤는데, 스트레스는 테아닌 처음 먹어봤는데, 스트레스는 만병의 근원이라고 하잖아요. 긴장 완화 스트레스 와놯에 도움을 준다고 하더라고요. 어쩌면 바쁘게 살아가는 직장인들이 꾸준히 먹어보면 도움이 될 것 같아요. 목넘김도 편하고 설명서도 통에 상세히 부착되어 있어서 섭취 방",HIGH,True
258,20,간건강 밀크씨슬,health-functional-food,"직장인들 간 건강 얼마나 중요해요 ~ 밀크씨슬 꼭 한번 먹어보고는 싶었는데 어느 제품이 좋은지 몰라 고민이 많이 되더라고요. 밀크씨슬 덕분인지 피로감이 전보다 덜 한 것 같아요. 목넘김도 편하고 설명서도 통에 상세히 부착되어 있어서 섭취 방법, 영양소를 쉽게 확인할 수 있더라고요. 밀크씨슬 이외에도 다른 제품들도 함께 섭취하고 있는데 확실히 다양한 영양소를",HFF_MAPPED,간 건강,medical_outcome,,,SUBJECTIVE_MEDICAL_OUTCOME,,,직장인들 간 건강 얼마나 중요해요 ~ 직장인들 간 건강 얼마나 중요해요 ~ 밀크씨슬 꼭 한번 먹어보고는 싶었는데 어느 제품이 좋은지 몰라 고민이 많이 되더라고요. 밀크씨슬 덕분인지 피로감이 전보다,HIGH,True
257,17,혈압밸런스 코엔자임 Q10,health-functional-food,"코엔자임 Q10 이번에 처음 먹어보는데, 정말 유명한 영양제 중 하나더라고요. 영양제의 대가 레이 커즈와일도 챙겨 먹는다는 영양제이며 꼭 먹어야하는 필수 영양소라고도 하더라고요. 한번 꾸준히 먹어보려고요. 어떤 영양제이건 꾸준히 먹어야 효과가 있다고 생각해요~ 믿고 먹을 수 있는 곳에서 생산한 거라 안심하고 먹을 수 있어서 좋아요.",HFF_MAPPED,효과,medical_outcome,,,SUBJECTIVE_MEDICAL_OUTCOME,,,제 중 하나더라고요. 영양제의 대가 레이 커즈와일도 챙겨 먹는다는 영양제이며 꼭 먹어야하는 필수 영양소라고도 하더라고요. 한번 꾸준히 먹어보려고요. 어떤 영양제이건 꾸준히 먹어야 효과가 있다고 생각해요~ 믿고 먹을 수 있는 곳에서 생산한 거라 안심하고 먹을 수 있어서 좋아요.,HIGH,True
256,16,뉴트리미 오메가3 (500정),health-functional-food,"오메가랑 루테인은 진짜 기본으로 챙겨먹고 있어서 항상 두고 먹는 영양제예요. 회사 생활을 하다 보니 하루 종일 컴퓨터를 보고있으니 눈 건강에 신경을 안 쓸수가 없어요. 하루에 1알씩 먹고 있어요. 같은 루테인이라도 어떤 원료를 사용했느냐에 따라 영양제의 퀄리티가 달라지는데, 필요한 순수 기능성 원료만 사용해 서 너무 좋아요. 영양제를 꼼꼼하게 보고 고르",HFF_MAPPED,눈 건강,medical_outcome,,,SUBJECTIVE_MEDICAL_OUTCOME,,,"오메가랑 루테인은 진짜 기본으로 챙겨 오메가랑 루테인은 진짜 기본으로 챙겨먹고 있어서 항상 두고 먹는 영양제예요. 회사 생활을 하다 보니 하루 종일 컴퓨터를 보고있으니 눈 건강에 신경을 안 쓸수가 없어요. 하루에 1알씩 먹고 있어요. 같은 루테인이라도 어떤 원료를 사용했느냐에 따라 영양제의 퀄리티가 달라지는데, 필요한 순수 기능성 원료만 사용해 서 너무",HIGH,True
255,16,뉴트리미 오메가3 (500정),health-functional-food,"오메가는 기본으로 챙겨먹고 있어서 항상 두고 먹는 영양제예요. 하루에 2알씩 먹고 있어요. 같은 오메가 3라도 어떤 원료를 사용했느냐에 따라 영양제의 퀄리티가 달라지는데, 필요한 순수 기능성 원료만 사용해 서 너무 좋아요. 영양제를 꼼꼼하게 보고 고르는 편인데, 믿고 먹을 수 있어서 너무 좋아요. 목넘김도 편하고 설명서도 통에 상세히 부착되어 있어서 섭",HFF_MAPPED,하루에,intake_frequency,,,NEW_FACET_CANDIDATE,intake_frequency,,"오메가는 기본으로 챙겨먹고 있어서 오메가는 기본으로 챙겨먹고 있어서 항상 두고 먹는 영양제예요. 하루에 2알씩 먹고 있어요. 같은 오메가 3라도 어떤 원료를 사용했느냐에 따라 영양제의 퀄리티가 달라지는데, 필요한 순수 기능성 원료만 사용해 서 너무 좋아요. 영양제를 꼼꼼하게 보고",MEDIUM,False
255,16,뉴트리미 오메가3 (500정),health-functional-food,"오메가는 기본으로 챙겨먹고 있어서 항상 두고 먹는 영양제예요. 하루에 2알씩 먹고 있어요. 같은 오메가 3라도 어떤 원료를 사용했느냐에 따라 영양제의 퀄리티가 달라지는데, 필요한 순수 기능성 원료만 사용해 서 너무 좋아요. 영양제를 꼼꼼하게 보고 고르는 편인데, 믿고 먹을 수 있어서 너무 좋아요. 목넘김도 편하고 설명서도 통에 상세히 부착되어 있어서 섭",HFF_MAPPED,원료,ingredient_inclusion:ingredient_mentioned,ingredient_inclusion,ingredient_mentioned,EXISTING_FACET,,,"오메가는 기본으로 챙겨먹고 있어서 오메가는 기본으로 챙겨먹고 있어서 항상 두고 먹는 영양제예요. 하루에 2알씩 먹고 있어요. 같은 오메가 3라도 어떤 원료를 사용했느냐에 따라 영양제의 퀄리티가 달라지는데, 필요한 순수 기능성 원료만 사용해 서 너무 좋아요. 영양제를 꼼꼼하게 보고 고르는 편인데, 믿고 먹을 수 있어서 너무 좋아요.",HIGH,False
255,16,뉴트리미 오메가3 (500정),health-functional-food,"오메가는 기본으로 챙겨먹고 있어서 항상 두고 먹는 영양제예요. 하루에 2알씩 먹고 있어요. 같은 오메가 3라도 어떤 원료를 사용했느냐에 따라 영양제의 퀄리티가 달라지는데, 필요한 순수 기능성 원료만 사용해 서 너무 좋아요. 영양제를 꼼꼼하게 보고 고르는 편인데, 믿고 먹을 수 있어서 너무 좋아요. 목넘김도 편하고 설명서도 통에 상세히 부착되어 있어서 섭",HFF_MAPPED,챙겨,intake_convenience:convenient,intake_convenience,convenient,EXISTING_FACET,,,오메가는 기본으로 챙겨먹고 있어서 오메가는 기본으로 챙겨먹고 있어서 항상 두고 먹는 영양제예요. 하루에 2알씩 먹고 있어요. 같은 오메가 3라도 어떤 원료를 사용했느냐에 따라 영양제의 퀄리티가 달라지는,HIGH,False
255,16,뉴트리미 오메가3 (500정),health-functional-food,"오메가는 기본으로 챙겨먹고 있어서 항상 두고 먹는 영양제예요. 하루에 2알씩 먹고 있어요. 같은 오메가 3라도 어떤 원료를 사용했느냐에 따라 영양제의 퀄리티가 달라지는데, 필요한 순수 기능성 원료만 사용해 서 너무 좋아요. 영양제를 꼼꼼하게 보고 고르는 편인데, 믿고 먹을 수 있어서 너무 좋아요. 목넘김도 편하고 설명서도 통에 상세히 부착되어 있어서 섭",HFF_MAPPED,목넘김,swallowability:easy,swallowability,easy,EXISTING_FACET,,,"를 사용했느냐에 따라 영양제의 퀄리티가 달라지는데, 필요한 순수 기능성 원료만 사용해 서 너무 좋아요. 영양제를 꼼꼼하게 보고 고르는 편인데, 믿고 먹을 수 있어서 너무 좋아요. 목넘김도 편하고 설명서도 통에 상세히 부착되어 있어서 섭",HIGH,False
254,14,올인원 멀티비타민 밸런스,health-functional-food,"멀티 비타민 & 미네랄 너무 좋아요. 한번에 여러 영양소를 함께 섭취할 수 있다는 점이 너무 좋은 것 같아요. 16종의 비타민과 무기질, 비타민 C,D,구리, 아연 !!! 목넘김도 편하고 설명서도 통에 상세히 부착되어 있어서 섭취 방법, 영양소를 쉽게 확인할 수 있더라고요. 영양제를 꼼꼼하게 보고 고르는 편인데, 믿고 먹을 수 있어서 너무 좋아요. 멀티 비",HFF_MAPPED,목넘김,swallowability:easy,swallowability,easy,EXISTING_FACET,,,"아요. 멀티 비타민 & 미네랄 너무 좋아요. 한번에 여러 영양소를 함께 섭취할 수 있다는 점이 너무 좋은 것 같아요. 16종의 비타민과 무기질, 비타민 C,D,구리, 아연 !!! 목넘김도 편하고 설명서도 통에 상세히 부착되어 있어서 섭취 방법, 영양소를 쉽게 확인할 수 있더라고요. 영양제를 꼼꼼하게 보고 고르는 편인데, 믿고 먹을 수 있어서 너무 좋아요. 멀티",HIGH,False
253,20,간건강 밀크씨슬,health-functional-food,약알이 작아서 목넘김이 좋고 평소보다 숙취해소가 빨리되는 것 같았습니다.,HFF_MAPPED,목넘김,swallowability:easy,swallowability,easy,EXISTING_FACET,,,약알이 작아서 목넘김이 좋고 평소보다 약알이 작아서 목넘김이 좋고 평소보다 숙취해소가 빨리되는 것 같았습니다.,HIGH,False
253,20,간건강 밀크씨슬,health-functional-food,약알이 작아서 목넘김이 좋고 평소보다 숙취해소가 빨리되는 것 같았습니다.,HFF_MAPPED,알이 작,tablet_size:small,tablet_size,small,EXISTING_FACET,,,약알이 작아서 목넘김이 좋고 평소보다 약알이 작아서 목넘김이 좋고 평소보다 숙취해소가 빨리되는 것 같았습니다.,HIGH,False
252,116,[마이팩] 뉴트리미 하이key팩,health-functional-food,"여러가지 필요한 성분의 영양제를 하나씩 제대로 챙길 수 있다는게 좋았습니다!! 알약 크기도 타사 대비 작은것 같아 삼키는게 수월했습니다. 한번에 여러가지 영양제를 먹는건 아닌가 싶어 섭취 순서나 방법을 문의 했었는데, 뉴트리미 영양제는 안전하게 설계되어 여러가지 영양제를 한번에 먹더라도 문제가 없다고 안내 받았습니다. 꾸준히 한달정도 먹어본 결과 건강",HFF_MAPPED,성분,ingredient_inclusion:ingredient_mentioned,ingredient_inclusion,ingredient_mentioned,EXISTING_FACET,,,여러가지 필요한 성분의 영양제를 하나 여러가지 필요한 성분의 영양제를 하나씩 제대로 챙길 수 있다는게 좋았습니다!! 알약 크기도 타사 대비 작은것 같아 삼키는게 수월했습니다. 한번에 여러가지 영양제를,HIGH,False
252,116,[마이팩] 뉴트리미 하이key팩,health-functional-food,"여러가지 필요한 성분의 영양제를 하나씩 제대로 챙길 수 있다는게 좋았습니다!! 알약 크기도 타사 대비 작은것 같아 삼키는게 수월했습니다. 한번에 여러가지 영양제를 먹는건 아닌가 싶어 섭취 순서나 방법을 문의 했었는데, 뉴트리미 영양제는 안전하게 설계되어 여러가지 영양제를 한번에 먹더라도 문제가 없다고 안내 받았습니다. 꾸준히 한달정도 먹어본 결과 건강",HFF_MAPPED,알약,product_form:tablet,product_form,tablet,EXISTING_FACET,,,"여러가지 필요한 성분의 영양제를 하나 여러가지 필요한 성분의 영양제를 하나씩 제대로 챙길 수 있다는게 좋았습니다!! 알약 크기도 타사 대비 작은것 같아 삼키는게 수월했습니다. 한번에 여러가지 영양제를 먹는건 아닌가 싶어 섭취 순서나 방법을 문의 했었는데, 뉴트리미 영양제는 안전하게 설계되어 여러가지",HIGH,False
251,,,UNKNOWN,저랑 엄마 같이 챙기고있어요. 가격부담없어서 쟁여두기좋을듯요,UNMAPPED_REFERENCE,가격,non_facet,,,NON_FACET,,,저랑 엄마 같이 챙기고있어요. 저랑 엄마 같이 챙기고있어요. 가격부담없어서 쟁여두기좋을듯요,LOW,False
250,13,눈건강 루테인 지아잔틴 솔루션,health-functional-food,크기가 다른것보다 더 작은거같아요 눈 항상 건조하다보니 금해 침침해져서 꼭 챙기는데요. 가격도 적당하고 다른것과 겹치지않아서 더 좋네요,HFF_MAPPED,가격,non_facet,,,NON_FACET,,,크기가 다른것보다 더 작은거같아요 크기가 다른것보다 더 작은거같아요 눈 항상 건조하다보니 금해 침침해져서 꼭 챙기는데요. 가격도 적당하고 다른것과 겹치지않아서 더 좋네요,LOW,False
249,1,"뉴트리미 에센셜 팩, 1개 150정(30포)",health-functional-food,매일매일 건강챙기기어려운데 한포영양제라 간편하게 섭취할수있어서 좋아요~^^,HFF_MAPPED,간편,intake_convenience:convenient,intake_convenience,convenient,EXISTING_FACET,,,매일매일 건강챙기기어려운데 한포영양제 매일매일 건강챙기기어려운데 한포영양제라 간편하게 섭취할수있어서 좋아요~^^,HIGH,False
248,17,혈압밸런스 코엔자임 Q10,health-functional-food,"뉴트리미 코엔자임 Q10 ""코셔 인증""을 받은 미국산 코엔자임 Q10이 식약처 허용최대함량 100mg으로 다 들어있어요! 요즘 꾸준히 섭취하는데 너무 좋아요!! 직접 복용하면서 느낀 장점들 입니다. 뉴트리미 코엔자임 Q10 장점 ""코셔 인증""을 받은 미국산 코엔자임 Q10 부원료까지 신경 쓴 독일산 아마씨유 함유 한알에 1일 최대 권장",HFF_MAPPED,1일,intake_frequency,,,NEW_FACET_CANDIDATE,intake_frequency,,"너무 좋아요!! 직접 복용하면서 느낀 장점들 입니다. 뉴트리미 코엔자임 Q10 장점 ""코셔 인증""을 받은 미국산 코엔자임 Q10 부원료까지 신경 쓴 독일산 아마씨유 함유 한알에 1일 최대 권장",MEDIUM,False
248,17,혈압밸런스 코엔자임 Q10,health-functional-food,"뉴트리미 코엔자임 Q10 ""코셔 인증""을 받은 미국산 코엔자임 Q10이 식약처 허용최대함량 100mg으로 다 들어있어요! 요즘 꾸준히 섭취하는데 너무 좋아요!! 직접 복용하면서 느낀 장점들 입니다. 뉴트리미 코엔자임 Q10 장점 ""코셔 인증""을 받은 미국산 코엔자임 Q10 부원료까지 신경 쓴 독일산 아마씨유 함유 한알에 1일 최대 권장",HFF_MAPPED,원료,ingredient_inclusion:ingredient_mentioned,ingredient_inclusion,ingredient_mentioned,EXISTING_FACET,,,"mg으로 다 들어있어요! 요즘 꾸준히 섭취하는데 너무 좋아요!! 직접 복용하면서 느낀 장점들 입니다. 뉴트리미 코엔자임 Q10 장점 ""코셔 인증""을 받은 미국산 코엔자임 Q10 부원료까지 신경 쓴 독일산 아마씨유 함유 한알에 1일 최대 권장",HIGH,False
248,17,혈압밸런스 코엔자임 Q10,health-functional-food,"뉴트리미 코엔자임 Q10 ""코셔 인증""을 받은 미국산 코엔자임 Q10이 식약처 허용최대함량 100mg으로 다 들어있어요! 요즘 꾸준히 섭취하는데 너무 좋아요!! 직접 복용하면서 느낀 장점들 입니다. 뉴트리미 코엔자임 Q10 장점 ""코셔 인증""을 받은 미국산 코엔자임 Q10 부원료까지 신경 쓴 독일산 아마씨유 함유 한알에 1일 최대 권장",HFF_MAPPED,함량,ingredient_inclusion:ingredient_mentioned,ingredient_inclusion,ingredient_mentioned,EXISTING_FACET,,,"뉴트리미 코엔자임 Q10 뉴트리미 코엔자임 Q10 ""코셔 인증""을 받은 미국산 코엔자임 Q10이 식약처 허용최대함량 100mg으로 다 들어있어요! 요즘 꾸준히 섭취하는데 너무 좋아요!! 직접 복용하면서 느낀 장점들 입니다. 뉴트리미 코엔자임 Q10 장점 ""코셔 인증""을 받은 미국산 코엔자임 Q",HIGH,False
248,17,혈압밸런스 코엔자임 Q10,health-functional-food,"뉴트리미 코엔자임 Q10 ""코셔 인증""을 받은 미국산 코엔자임 Q10이 식약처 허용최대함량 100mg으로 다 들어있어요! 요즘 꾸준히 섭취하는데 너무 좋아요!! 직접 복용하면서 느낀 장점들 입니다. 뉴트리미 코엔자임 Q10 장점 ""코셔 인증""을 받은 미국산 코엔자임 Q10 부원료까지 신경 쓴 독일산 아마씨유 함유 한알에 1일 최대 권장",HFF_MAPPED,쓴,taste:bitter,taste,bitter,EXISTING_FACET,,,"어있어요! 요즘 꾸준히 섭취하는데 너무 좋아요!! 직접 복용하면서 느낀 장점들 입니다. 뉴트리미 코엔자임 Q10 장점 ""코셔 인증""을 받은 미국산 코엔자임 Q10 부원료까지 신경 쓴 독일산 아마씨유 함유 한알에 1일 최대 권장",HIGH,False
247,17,혈압밸런스 코엔자임 Q10,health-functional-food,"뉴트리미 코엔자임 Q10 ""코셔 인증""을 받은 미국산 코엔자임 Q10이 식약처 허용최대함량 100mg으로 다 들어있어요! 뉴트리미 코엔자임 Q10장점 최대함량인데 작은 캡슐이라서 목넘김이 편안해요.거기에 부원료까지 신경 쓴 뉴트리미 제품, 독일산 아마씨유가 함유되어 있어요. 뉴트리미 코엔자임 Q10 필요하신 분들",HFF_MAPPED,원료,ingredient_inclusion:ingredient_mentioned,ingredient_inclusion,ingredient_mentioned,EXISTING_FACET,,,"코셔 인증""을 받은 미국산 코엔자임 Q10이 식약처 허용최대함량 100mg으로 다 들어있어요! 뉴트리미 코엔자임 Q10장점 최대함량인데 작은 캡슐이라서 목넘김이 편안해요.거기에 부원료까지 신경 쓴 뉴트리미 제품, 독일산 아마씨유가 함유되어 있어요. 뉴트리미 코엔자임 Q10 필요하신 분들",HIGH,False
247,17,혈압밸런스 코엔자임 Q10,health-functional-food,"뉴트리미 코엔자임 Q10 ""코셔 인증""을 받은 미국산 코엔자임 Q10이 식약처 허용최대함량 100mg으로 다 들어있어요! 뉴트리미 코엔자임 Q10장점 최대함량인데 작은 캡슐이라서 목넘김이 편안해요.거기에 부원료까지 신경 쓴 뉴트리미 제품, 독일산 아마씨유가 함유되어 있어요. 뉴트리미 코엔자임 Q10 필요하신 분들",HFF_MAPPED,함량,ingredient_inclusion:ingredient_mentioned,ingredient_inclusion,ingredient_mentioned,EXISTING_FACET,,,"뉴트리미 코엔자임 Q10 뉴트리미 코엔자임 Q10 ""코셔 인증""을 받은 미국산 코엔자임 Q10이 식약처 허용최대함량 100mg으로 다 들어있어요! 뉴트리미 코엔자임 Q10장점 최대함량인데 작은 캡슐이라서 목넘김이 편안해요.거기에 부원료까지 신경 쓴 뉴트리미 제품, 독일산 아마씨유가 함유되어 있",HIGH,False
247,17,혈압밸런스 코엔자임 Q10,health-functional-food,"뉴트리미 코엔자임 Q10 ""코셔 인증""을 받은 미국산 코엔자임 Q10이 식약처 허용최대함량 100mg으로 다 들어있어요! 뉴트리미 코엔자임 Q10장점 최대함량인데 작은 캡슐이라서 목넘김이 편안해요.거기에 부원료까지 신경 쓴 뉴트리미 제품, 독일산 아마씨유가 함유되어 있어요. 뉴트리미 코엔자임 Q10 필요하신 분들",HFF_MAPPED,캡슐,product_form:capsule,product_form,capsule,EXISTING_FACET,,,"임 Q10 뉴트리미 코엔자임 Q10 ""코셔 인증""을 받은 미국산 코엔자임 Q10이 식약처 허용최대함량 100mg으로 다 들어있어요! 뉴트리미 코엔자임 Q10장점 최대함량인데 작은 캡슐이라서 목넘김이 편안해요.거기에 부원료까지 신경 쓴 뉴트리미 제품, 독일산 아마씨유가 함유되어 있어요. 뉴트리미 코엔자임 Q10 필요하신 분들",HIGH,False
247,17,혈압밸런스 코엔자임 Q10,health-functional-food,"뉴트리미 코엔자임 Q10 ""코셔 인증""을 받은 미국산 코엔자임 Q10이 식약처 허용최대함량 100mg으로 다 들어있어요! 뉴트리미 코엔자임 Q10장점 최대함량인데 작은 캡슐이라서 목넘김이 편안해요.거기에 부원료까지 신경 쓴 뉴트리미 제품, 독일산 아마씨유가 함유되어 있어요. 뉴트리미 코엔자임 Q10 필요하신 분들",HFF_MAPPED,목넘김,swallowability:easy,swallowability,easy,EXISTING_FACET,,,"뉴트리미 코엔자임 Q10 ""코셔 인증""을 받은 미국산 코엔자임 Q10이 식약처 허용최대함량 100mg으로 다 들어있어요! 뉴트리미 코엔자임 Q10장점 최대함량인데 작은 캡슐이라서 목넘김이 편안해요.거기에 부원료까지 신경 쓴 뉴트리미 제품, 독일산 아마씨유가 함유되어 있어요. 뉴트리미 코엔자임 Q10 필요하신 분들",HIGH,False
247,17,혈압밸런스 코엔자임 Q10,health-functional-food,"뉴트리미 코엔자임 Q10 ""코셔 인증""을 받은 미국산 코엔자임 Q10이 식약처 허용최대함량 100mg으로 다 들어있어요! 뉴트리미 코엔자임 Q10장점 최대함량인데 작은 캡슐이라서 목넘김이 편안해요.거기에 부원료까지 신경 쓴 뉴트리미 제품, 독일산 아마씨유가 함유되어 있어요. 뉴트리미 코엔자임 Q10 필요하신 분들",HFF_MAPPED,쓴,taste:bitter,taste,bitter,EXISTING_FACET,,,"받은 미국산 코엔자임 Q10이 식약처 허용최대함량 100mg으로 다 들어있어요! 뉴트리미 코엔자임 Q10장점 최대함량인데 작은 캡슐이라서 목넘김이 편안해요.거기에 부원료까지 신경 쓴 뉴트리미 제품, 독일산 아마씨유가 함유되어 있어요. 뉴트리미 코엔자임 Q10 필요하신 분들",HIGH,False
246,,,UNKNOWN,"아직 갱년기는 아니지만, 미리 미리 준비하는게 좋잖아요~알약크기도 작아서 저처럼 못먹는 사람에게 넘 좋은것같아요^^",UNMAPPED_REFERENCE,알약,product_form:tablet,product_form,tablet,EXISTING_FACET,,,"아직 갱년기는 아니지만, 미리 미리 아직 갱년기는 아니지만, 미리 미리 준비하는게 좋잖아요~알약크기도 작아서 저처럼 못먹는 사람에게 넘 좋은것같아요^^",HIGH,False
245,13,눈건강 루테인 지아잔틴 솔루션,health-functional-food,요즘은 다들 스마트폰시대라 눈 건강은 챙겨야할것 같아요~♡ 지치고 피로한눈에 해줄건 루테인이죠~^^,HFF_MAPPED,눈 건강,medical_outcome,,,SUBJECTIVE_MEDICAL_OUTCOME,,,요즘은 다들 스마트폰시대라 눈 건강은 요즘은 다들 스마트폰시대라 눈 건강은 챙겨야할것 같아요~♡ 지치고 피로한눈에 해줄건 루테인이죠~^^,HIGH,True
244,16,뉴트리미 오메가3 (500정),health-functional-food,오메가3가 먹기가 역한디 천연 페퍼민트 오일이 함유되어 좋았어요~ 알약크기도 작아 넘 먹기도 편했어요,HFF_MAPPED,알약,product_form:tablet,product_form,tablet,EXISTING_FACET,,,오메가3가 먹기가 역한디 천연 페퍼민 오메가3가 먹기가 역한디 천연 페퍼민트 오일이 함유되어 좋았어요~ 알약크기도 작아 넘 먹기도 편했어요,HIGH,False
243,17,혈압밸런스 코엔자임 Q10,health-functional-food,"제가 혈압약을 먹진않지만, 고혈압이 있어 주의하는 단계인데요~ 혈압에 좋다하여 눈에 띄었습니다~ 도움을 받을 수 있으니 넘 좋아요^^",HFF_MAPPED,혈압,medical_outcome,,,SUBJECTIVE_MEDICAL_OUTCOME,,,"제가 혈압약을 먹진않지만, 고혈압이 제가 혈압약을 먹진않지만, 고혈압이 있어 주의하는 단계인데요~ 혈압에 좋다하여 눈에 띄었습니다~ 도움을 받을 수 있으니 넘 좋아요^^",HIGH,True
242,21,뉴트리미 테아닌,health-functional-food,"테아닌을 이번에 알게 되었어요~ 스트레스완화에 도움이된다고 스트레스 안받는 사람은 없지만, 영양제로 도움을 받을수 있어 넘 좋네요^^",HFF_MAPPED,완화,medical_outcome,,,SUBJECTIVE_MEDICAL_OUTCOME,,,"테아닌을 이번에 알게 되었어요~ 스트 테아닌을 이번에 알게 되었어요~ 스트레스완화에 도움이된다고 스트레스 안받는 사람은 없지만, 영양제로 도움을 받을수 있어 넘 좋네요^^",HIGH,True
241,20,간건강 밀크씨슬,health-functional-food,술을 자주먹다보니 간건강이 걱정되었는데 밀크씨슬 덕분에 조금은 마음이 놓여요~^^ 꾸준히 먹으면 더 좋겠어요~,HFF_MAPPED,,non_facet,,,NON_FACET,,,술을 자주먹다보니 간건강이 걱정되었는 술을 자주먹다보니 간건강이 걱정되었는데 밀크씨슬 덕분에 조금은 마음이 놓여요~^^ 꾸준히 먹으면 더 좋겠어요~,LOW,False
240,15,칼마디앤K2,health-functional-food,칼슘.마그네슘.비타민D를 칼.마.디라고~ㅎㅎ 이번에 알게 되었네요~^^ 눈떨림이 있어 마그네슘이 좋다고 했는데. 금새 가라않았어요,HFF_MAPPED,,non_facet,,,NON_FACET,,,칼슘.마그네슘.비타민D를 칼.마.디라 칼슘.마그네슘.비타민D를 칼.마.디라고~ㅎㅎ 이번에 알게 되었네요~^^ 눈떨림이 있어 마그네슘이 좋다고 했는데. 금새 가라않았어요,LOW,False
239,14,올인원 멀티비타민 밸런스,health-functional-food,놓칠수 있는 비타민과 미네랄을 섭취할 수 있어서 좋았습니다~^^,HFF_MAPPED,,non_facet,,,NON_FACET,,,놓칠수 있는 비타민과 미네랄을 섭취할 놓칠수 있는 비타민과 미네랄을 섭취할 수 있어서 좋았습니다~^^,LOW,False
238,134,뉴트리미 마이팩 하루 한 포 맞춤영양제,health-functional-food,배송이 빠르게 도착했어요~^^,HFF_MAPPED,배송,non_facet,,,NON_FACET,,,배송이 빠르게 도착했어요~^^ 배송이 빠르게 도착했어요~^^,LOW,False
237,134,뉴트리미 마이팩 하루 한 포 맞춤영양제,health-functional-food,. 나의 8월을 책임져 준 #뉴트리미 내 몸에 맞는 영양제를 #Bespoke 한다 #종합비타민미네랄 #오메가3 #테아닌 #여성건강 #코엔자임Q10 #칼슘마그네슘아연비타민D #밀크씨슬 7가지 영양제 먹으면서 3교대 버티기 유난히 근무가 빡신 8월이라서 체력적으로 걱정이 많았는데… 뉴트리미 비스포크로 나에게 맞춤 영양제 챙기면서 건강하게 열일,HFF_MAPPED,,non_facet,,,NON_FACET,,,. 나의 8월을 책임져 . 나의 8월을 책임져 준 #뉴트리미 내 몸에 맞는 영양제를 #Bespoke 한다 #종합비타민미네랄 #오메가3 #테아닌 #여성건강 #코엔자임Q10 #칼슘마그네슘아연비타민D #밀크씨슬 7가지 영양제 먹으면서 3교대 버티기 유난히 근무가 빡신 8월이라서 체력적으로 걱정이 많았는데… 뉴트리미 비스포크로 나에게 맞춤 영양제 챙기면서 건강하게 열일,LOW,False
236,20,간건강 밀크씨슬,health-functional-food,"- 많은 분들이 많이 알고 있고 복용하시는 제품 중에 하나라고 생각하는 밀크씨슬 - 우리 집도 남편을 위해 준비해야겠다 하던 차에 뉴트리미의 좋은 기회를 통해 접하게 되었는데요~남편을 챙겨주면서 드는 생각은 남편 뿐만 아니라 나도 복용해야겠다는 것이었어요~ 많이들 밀크씨슬은 남편을 챙겨줘야 한다는 생각들을 하잖아요 저 역시 그런 생각이 들었는데,",HFF_MAPPED,챙겨,intake_convenience:convenient,intake_convenience,convenient,EXISTING_FACET,,,"은 분들이 많이 알고 있고 복용하시는 제품 중에 하나라고 생각하는 밀크씨슬 - 우리 집도 남편을 위해 준비해야겠다 하던 차에 뉴트리미의 좋은 기회를 통해 접하게 되었는데요~남편을 챙겨주면서 드는 생각은 남편 뿐만 아니라 나도 복용해야겠다는 것이었어요~ 많이들 밀크씨슬은 남편을 챙겨줘야 한다는 생각들을 하잖아요 저 역시 그런 생각이 들었는데,",HIGH,False
235,17,혈압밸런스 코엔자임 Q10,health-functional-food,- 식약처에서 고시한 1일 최대 권장 섭취량을 꽉꽉 채워 1일 1캡슐이면 끝!!이라니~너무 편하고 좋았어요 - 연질 캡슐로 생각보다 크기가 작아서 깜짝 놀라기도 한 제품이기도 해요 - 꼼꼼하고 믿을 수 있는 제품으로 쉽고 간편하게 항산화 영양소 섭취 및 혈압 감소에 도움을 받을 수 있다니 부모님이 생각이 났어요 이번 명절에 용돈 뿐만 아니라 뉴트리미,HFF_MAPPED,혈압,medical_outcome,,,SUBJECTIVE_MEDICAL_OUTCOME,,,!!이라니~너무 편하고 좋았어요 - 연질 캡슐로 생각보다 크기가 작아서 깜짝 놀라기도 한 제품이기도 해요 - 꼼꼼하고 믿을 수 있는 제품으로 쉽고 간편하게 항산화 영양소 섭취 및 혈압 감소에 도움을 받을 수 있다니 부모님이 생각이 났어요 이번 명절에 용돈 뿐만 아니라 뉴트리미,HIGH,True
234,21,뉴트리미 테아닌,health-functional-food,"- 스트레스로 인한 긴장 완화에 도움을 주는 영양제가 있다는 걸 이번에 뉴트리미를 통해 처음 알게 되었어요 - 육아로 인해 매번 무의식적으로 ""나는 힘들지 않아 난 괜찮아"" 라고 생각했지만 결코 그렇지 않다는 걸 몸에서 보내는 여기 저기 이상 신호를 통해 느끼고, 내 몸을 먼저 돌봐야겠다는 생각을 하던 차에 만나게 된 테아민 영양제인데 너무 만족했어요~",HFF_MAPPED,완화,medical_outcome,,,SUBJECTIVE_MEDICAL_OUTCOME,,,"- 스트레스로 인한 긴장 완화에 도움 - 스트레스로 인한 긴장 완화에 도움을 주는 영양제가 있다는 걸 이번에 뉴트리미를 통해 처음 알게 되었어요 - 육아로 인해 매번 무의식적으로 ""나는 힘들지 않아 난 괜찮아",HIGH,True
233,1,"뉴트리미 에센셜 팩, 1개 150정(30포)",health-functional-food,- 각각의 황금 비율로 체내 흡수율은 높이고 순수 기능성 원료만 넣어 중복 섭취도 가능한 착한 제품이라는 게 너무 맘에 들었습니다 - 크기도 크지 않고 향도 없어서 복용하는데 에도 거부감이 없어서 좋았어요 - 또한 이 제품은 임산부나 수유하는 엄마들도 복용할 수 있기에 나에게는 완전 딱이었던 제품! 임산부나 수유부는 솔직히 아무거나 먹을 수 없기에 영,HFF_MAPPED,원료,ingredient_inclusion:ingredient_mentioned,ingredient_inclusion,ingredient_mentioned,EXISTING_FACET,,,- 각각의 황금 비율로 체내 흡수율은 - 각각의 황금 비율로 체내 흡수율은 높이고 순수 기능성 원료만 넣어 중복 섭취도 가능한 착한 제품이라는 게 너무 맘에 들었습니다 - 크기도 크지 않고 향도 없어서 복용하는데 에도 거부감이 없어서 좋았어요 - 또한 이 제품은 임산부나 수유하,HIGH,False
233,1,"뉴트리미 에센셜 팩, 1개 150정(30포)",health-functional-food,- 각각의 황금 비율로 체내 흡수율은 높이고 순수 기능성 원료만 넣어 중복 섭취도 가능한 착한 제품이라는 게 너무 맘에 들었습니다 - 크기도 크지 않고 향도 없어서 복용하는데 에도 거부감이 없어서 좋았어요 - 또한 이 제품은 임산부나 수유하는 엄마들도 복용할 수 있기에 나에게는 완전 딱이었던 제품! 임산부나 수유부는 솔직히 아무거나 먹을 수 없기에 영,HFF_MAPPED,향,odor:odor,odor,odor,NEW_ALIAS,odor,odor,황금 비율로 체내 흡수율은 - 각각의 황금 비율로 체내 흡수율은 높이고 순수 기능성 원료만 넣어 중복 섭취도 가능한 착한 제품이라는 게 너무 맘에 들었습니다 - 크기도 크지 않고 향도 없어서 복용하는데 에도 거부감이 없어서 좋았어요 - 또한 이 제품은 임산부나 수유하는 엄마들도 복용할 수 있기에 나에게는 완전 딱이었던 제품! 임산부나 수유부는 솔직히 아무거나,HIGH,False
232,18,쏘팔메토옥타코사놀11520,health-functional-food,곧잘피곤해하는 남편에게 좋을거같아서 줬어요 스트레스도 잘받는지라 딱인듯해요. 알약도 작아서 먹기편하대요,HFF_MAPPED,알약,product_form:tablet,product_form,tablet,EXISTING_FACET,,,곧잘피곤해하는 남편에게 좋을거같아서 곧잘피곤해하는 남편에게 좋을거같아서 줬어요 스트레스도 잘받는지라 딱인듯해요. 알약도 작아서 먹기편하대요,HIGH,False
231,15,칼마디앤K2,health-functional-food,칼슘과 비타민D .마그네슘까지 뼈에 필요한 3가지 모두 들어있어서 좋으네요. 저도 저의 엄마도 함께 챙기고있어요. 서로먹는 비타민제달라도 먹을수 있어 더 좋은듯요,HFF_MAPPED,,non_facet,,,NON_FACET,,,칼슘과 비타민D .마그네슘까지 뼈에 칼슘과 비타민D .마그네슘까지 뼈에 필요한 3가지 모두 들어있어서 좋으네요. 저도 저의 엄마도 함께 챙기고있어요. 서로먹는 비타민제달라도 먹을수 있어 더 좋은듯요,LOW,False
230,18,쏘팔메토옥타코사놀11520,health-functional-food,뉴트리미 전립선 건강 식품은 검은색 타원형 제품으로 쏘팔메토열매추출물을 함유하고 있다.본인이 남성이 아니라 평소 소변감이 개운치 못한 가족 남성에게 섭취하라고 했고 표현이 서툰 성격이라 내색은 아 하지만 꾸준히 먹 는걸로 봐서는 효과는 있는듯 하다.,HFF_MAPPED,효과,medical_outcome,,,SUBJECTIVE_MEDICAL_OUTCOME,,,쏘팔메토열매추출물을 함유하고 있다.본인이 남성이 아니라 평소 소변감이 개운치 못한 가족 남성에게 섭취하라고 했고 표현이 서툰 성격이라 내색은 아 하지만 꾸준히 먹 는걸로 봐서는 효과는 있는듯 하다.,HIGH,True
229,21,뉴트리미 테아닌,health-functional-food,뉴트리미 테아닌은 주황색 타원형으로 스트레스로 인한 긴장 완화에 도움을 주는 제품이다이번에 면접이 있어서 긴장이 되어서 1시간 저 복용을 했는데 많이 떨렸는데 도움이 되었다. 결과는 좋지 못했지만 긴장완화에는 어느 정도 도움이 되었다.,HFF_MAPPED,완화,medical_outcome,,,SUBJECTIVE_MEDICAL_OUTCOME,,,뉴트리미 테아닌은 주황색 타원형으로 뉴트리미 테아닌은 주황색 타원형으로 스트레스로 인한 긴장 완화에 도움을 주는 제품이다이번에 면접이 있어서 긴장이 되어서 1시간 저 복용을 했는데 많이 떨렸는데 도움이 되었다. 결과는 좋지 못했지만 긴장완화에는 어느 정도 도움이 되었다.,HIGH,True
228,,,UNKNOWN,뉴트리미 여성건강제품은 갱년기 여성을 위한 건강제품으로 특이한 민트색을 띄고 있다.회화나무 열매추출물 성분을 포함하고 있으며 적당한 사이즈라 목넘김이 편해서 좋았다.하루에 한 알 섭취하는 섭취하는 제품이다.,UNMAPPED_REFERENCE,하루에,intake_frequency,,,NEW_FACET_CANDIDATE,intake_frequency,,갱년기 여성을 뉴트리미 여성건강제품은 갱년기 여성을 위한 건강제품으로 특이한 민트색을 띄고 있다.회화나무 열매추출물 성분을 포함하고 있으며 적당한 사이즈라 목넘김이 편해서 좋았다.하루에 한 알 섭취하는 섭취하는 제품이다.,MEDIUM,False
228,,,UNKNOWN,뉴트리미 여성건강제품은 갱년기 여성을 위한 건강제품으로 특이한 민트색을 띄고 있다.회화나무 열매추출물 성분을 포함하고 있으며 적당한 사이즈라 목넘김이 편해서 좋았다.하루에 한 알 섭취하는 섭취하는 제품이다.,UNMAPPED_REFERENCE,성분,ingredient_inclusion:ingredient_mentioned,ingredient_inclusion,ingredient_mentioned,EXISTING_FACET,,,뉴트리미 여성건강제품은 갱년기 여성을 뉴트리미 여성건강제품은 갱년기 여성을 위한 건강제품으로 특이한 민트색을 띄고 있다.회화나무 열매추출물 성분을 포함하고 있으며 적당한 사이즈라 목넘김이 편해서 좋았다.하루에 한 알 섭취하는 섭취하는 제품이다.,HIGH,False
228,,,UNKNOWN,뉴트리미 여성건강제품은 갱년기 여성을 위한 건강제품으로 특이한 민트색을 띄고 있다.회화나무 열매추출물 성분을 포함하고 있으며 적당한 사이즈라 목넘김이 편해서 좋았다.하루에 한 알 섭취하는 섭취하는 제품이다.,UNMAPPED_REFERENCE,목넘김,swallowability:easy,swallowability,easy,EXISTING_FACET,,,뉴트리미 여성건강제품은 갱년기 여성을 뉴트리미 여성건강제품은 갱년기 여성을 위한 건강제품으로 특이한 민트색을 띄고 있다.회화나무 열매추출물 성분을 포함하고 있으며 적당한 사이즈라 목넘김이 편해서 좋았다.하루에 한 알 섭취하는 섭취하는 제품이다.,HIGH,False
227,20,간건강 밀크씨슬,health-functional-food,뉴트리미 밀크씨슬은 초코칩 아이스크림색으로 타원형이며 하루에 한 알 섭취하는 제품으로 간건강에 좋은 도움을 준다.크지 않아서 몬 넘김이 편하고 간단하게 간을 관리 할 수 있어서 좋았다.,HFF_MAPPED,하루에,intake_frequency,,,NEW_FACET_CANDIDATE,intake_frequency,,뉴트리미 밀크씨슬은 초코칩 아이스크림 뉴트리미 밀크씨슬은 초코칩 아이스크림색으로 타원형이며 하루에 한 알 섭취하는 제품으로 간건강에 좋은 도움을 준다.크지 않아서 몬 넘김이 편하고 간단하게 간을 관리 할 수 있어서 좋았다.,MEDIUM,False
226,21,뉴트리미 테아닌,health-functional-food,스트레스 많은 요즘 테아닌 먹고 긴장도 좀 풀어주고 활력을 찾기 위해 먹고 있어요 ^^,HFF_MAPPED,,non_facet,,,NON_FACET,,,스트레스 많은 요즘 테아닌 먹고 긴장 스트레스 많은 요즘 테아닌 먹고 긴장도 좀 풀어주고 활력을 찾기 위해 먹고 있어요 ^^,LOW,False
225,,,UNKNOWN,갱년기를 조금 더 편히 보내기 위해 여자라면 꼭 챙겨먹는게 좋다하더라구오,UNMAPPED_REFERENCE,챙겨,intake_convenience:convenient,intake_convenience,convenient,EXISTING_FACET,,,갱년기를 조금 더 편히 보내기 위해 갱년기를 조금 더 편히 보내기 위해 여자라면 꼭 챙겨먹는게 좋다하더라구오,HIGH,False
224,17,혈압밸런스 코엔자임 Q10,health-functional-food,항산화와 혈압에 좋다해서 꾸준히 먹고 있어요 ^^,HFF_MAPPED,혈압,medical_outcome,,,SUBJECTIVE_MEDICAL_OUTCOME,,,항산화와 혈압에 좋다해서 꾸준히 먹고 항산화와 혈압에 좋다해서 꾸준히 먹고 있어요 ^^,HIGH,True
223,16,뉴트리미 오메가3 (500정),health-functional-food,투명한 연진캡슐이고 크기가 작아 아주 먹기 편하네요 ^^,HFF_MAPPED,먹기 편,intake_convenience:convenient,intake_convenience,convenient,EXISTING_FACET,,,투명한 연진캡슐이고 크기가 작아 아주 투명한 연진캡슐이고 크기가 작아 아주 먹기 편하네요 ^^,HIGH,False
223,16,뉴트리미 오메가3 (500정),health-functional-food,투명한 연진캡슐이고 크기가 작아 아주 먹기 편하네요 ^^,HFF_MAPPED,캡슐,product_form:capsule,product_form,capsule,EXISTING_FACET,,,투명한 연진캡슐이고 크기가 작아 아주 투명한 연진캡슐이고 크기가 작아 아주 먹기 편하네요 ^^,HIGH,False
222,14,올인원 멀티비타민 밸런스,health-functional-food,한 알로 부족한 비타민과 미네랄을 채워줄 수 있어서 좋아요,HFF_MAPPED,,non_facet,,,NON_FACET,,,한 알로 부족한 비타민과 미네랄을 채 한 알로 부족한 비타민과 미네랄을 채워줄 수 있어서 좋아요,LOW,False
221,20,간건강 밀크씨슬,health-functional-food,회식도 많고하다보니 다음날 피곤이 풀리지 않아 도음받을 려고 먹고 있어요 ^^ 꾸준히 먹으니 피로감이 덜해서 좋네요,HFF_MAPPED,,non_facet,,,NON_FACET,,,회식도 많고하다보니 다음날 피곤이 풀 회식도 많고하다보니 다음날 피곤이 풀리지 않아 도음받을 려고 먹고 있어요 ^^ 꾸준히 먹으니 피로감이 덜해서 좋네요,LOW,False
220,15,칼마디앤K2,health-functional-food,나이들수록 더 챙겨야할 뼈건강 관리를 위해 섭취하고 있어요 마그네슘과 칼슘 비타민D 한꺼번에 섭취할수 있어 좋아요,HFF_MAPPED,챙겨,intake_convenience:convenient,intake_convenience,convenient,EXISTING_FACET,,,나이들수록 더 챙겨야할 뼈건강 관리를 나이들수록 더 챙겨야할 뼈건강 관리를 위해 섭취하고 있어요 마그네슘과 칼슘 비타민D 한꺼번에 섭취할수 있어 좋아요,HIGH,False
219,13,눈건강 루테인 지아잔틴 솔루션,health-functional-food,눈이 자주 피로해지고 이물감이 느껴지는 날이 많았는데 많이 개선되었어요 ^^,HFF_MAPPED,개선,medical_outcome,,,SUBJECTIVE_MEDICAL_OUTCOME,,,눈이 자주 피로해지고 이물감이 느껴지 눈이 자주 피로해지고 이물감이 느껴지는 날이 많았는데 많이 개선되었어요 ^^,HIGH,True
218,1,"뉴트리미 에센셜 팩, 1개 150정(30포)",health-functional-food,알약크기가 모두 작아서 목넘김 좋게 잘 먹었어요 꾸준히 먹어보니 확실히 몸이 가볍고 피로감이 줄어들어 만족스럽게 잘 먹고 있어요 ^^,HFF_MAPPED,알약,product_form:tablet,product_form,tablet,EXISTING_FACET,,,알약크기가 모두 작아서 목넘김 좋게 알약크기가 모두 작아서 목넘김 좋게 잘 먹었어요 꾸준히 먹어보니 확실히 몸이 가볍고 피로감이 줄어들어 만족스럽게 잘 먹고 있어요 ^^,HIGH,False
218,1,"뉴트리미 에센셜 팩, 1개 150정(30포)",health-functional-food,알약크기가 모두 작아서 목넘김 좋게 잘 먹었어요 꾸준히 먹어보니 확실히 몸이 가볍고 피로감이 줄어들어 만족스럽게 잘 먹고 있어요 ^^,HFF_MAPPED,목넘김,swallowability:easy,swallowability,easy,EXISTING_FACET,,,알약크기가 모두 작아서 목넘김 좋게 알약크기가 모두 작아서 목넘김 좋게 잘 먹었어요 꾸준히 먹어보니 확실히 몸이 가볍고 피로감이 줄어들어 만족스럽게 잘 먹고 있어요 ^^,HIGH,False
217,17,혈압밸런스 코엔자임 Q10,health-functional-food,혈압이 있는 집안이라 예전부터 코큐텐을 집에서 많이 봤어요. 남편도 저도 혈압이 좀 높은 편이라 코큐텐 필수로 챙겨먹게 됩니다. 통에 담아있으니 자리도 안 차지하고 편하구요. 알약도 작아서 먹기도 너무 편해요.,HFF_MAPPED,혈압,medical_outcome,,,SUBJECTIVE_MEDICAL_OUTCOME,,,혈압이 있는 집안이라 예전부터 코큐텐 혈압이 있는 집안이라 예전부터 코큐텐을 집에서 많이 봤어요. 남편도 저도 혈압이 좀 높은 편이라 코큐텐 필수로 챙겨먹게 됩니다. 통에 담아있으니,HIGH,True
216,13,눈건강 루테인 지아잔틴 솔루션,health-functional-food,"루테인이 안구건조에 좋다더라는데 렌즈를 장기간 사용해오다보니 건조함은 어쩔 수 없더라구요. 그냥 눈물만 쓰다가 루테인을 먹어보자고 생각했는데, 효과가 있으면 좋겠어요. 알약이 작아서 먹기가 편해서 좋네요",HFF_MAPPED,효과,medical_outcome,,,SUBJECTIVE_MEDICAL_OUTCOME,,,"테인이 안구건조에 좋다더라는데 렌즈 루테인이 안구건조에 좋다더라는데 렌즈를 장기간 사용해오다보니 건조함은 어쩔 수 없더라구요. 그냥 눈물만 쓰다가 루테인을 먹어보자고 생각했는데, 효과가 있으면 좋겠어요. 알약이 작아서 먹기가 편해서 좋네요",HIGH,True
215,18,쏘팔메토옥타코사놀11520,health-functional-food,sns에서 광고로 많이 보던 제품이에요. 저희남편이 보자마자 시키지도 않았는데 알아서 먹더라구요 결혼 10년 다 돼 가는데 이런적 처음입니다.. 남자분들이 환장하는 영양젠가봐요. 저희남편이 다른건 몰라도 이거는 환장하고 챙겨먹어요. 쓸데도 없으면서...,HFF_MAPPED,챙겨,intake_convenience:convenient,intake_convenience,convenient,EXISTING_FACET,,,저희남편이 보자마자 시키지도 않았는데 알아서 먹더라구요 결혼 10년 다 돼 가는데 이런적 처음입니다.. 남자분들이 환장하는 영양젠가봐요. 저희남편이 다른건 몰라도 이거는 환장하고 챙겨먹어요. 쓸데도 없으면서...,HIGH,False
214,20,간건강 밀크씨슬,health-functional-food,밀크시슬은 남편을 챙겨먹여요. 아무래도 야근과 잦은 회식이 있어서 간건강을 좀 챙겨야할거같아서요. 나이가 들어가면서 회복력이 많이 달리는거같아 밀크시슬의 도움이 필수가 된 것 같습니다. 다행이 귀찮아하는 남편이 영양제 통이 색깔별로 있다보니 눈에 띄어서 잘 챙겨먹드라구요ㅎㅎ 그것만으로도 잘만든 영양제라고 생각됩니다ㅎㅎ,HFF_MAPPED,챙겨,intake_convenience:convenient,intake_convenience,convenient,EXISTING_FACET,,,밀크시슬은 남편을 챙겨먹여요. 아무래 밀크시슬은 남편을 챙겨먹여요. 아무래도 야근과 잦은 회식이 있어서 간건강을 좀 챙겨야할거같아서요. 나이가 들어가면서 회복력이 많이 달리는거같아 밀크시슬의 도움이 필,HIGH,False
213,21,뉴트리미 테아닌,health-functional-food,"테아닌이란 영양제를 처음 알았는데, 어디에 좋은건가 보니 스트레스로인한 긴장완화에 도움을 줄 수 있다더라구요. 평소 성격이 많이 예민한 편이어서 스트레스로 긴장을 자주 하는 편인데, 그런 저에게 안성맞춤인 영양제에요. 이런 영양제가 있다는걸 진작 알았으면 학생때부터 먹었을텐데.. 몰랐다는게 넘 아쉬울따름이에요ㅠㅠ",HFF_MAPPED,완화,medical_outcome,,,SUBJECTIVE_MEDICAL_OUTCOME,,,"테아닌이란 영양제를 처음 알았는데, 테아닌이란 영양제를 처음 알았는데, 어디에 좋은건가 보니 스트레스로인한 긴장완화에 도움을 줄 수 있다더라구요. 평소 성격이 많이 예민한 편이어서 스트레스로 긴장을 자주 하는 편인데, 그런 저에게 안성맞춤인 영양제에요. 이런 영양제가 있다는걸 진작 알았으면 학",HIGH,True
212,15,칼마디앤K2,health-functional-food,애들 둘 낳고 골감소증이 생겨서 칼마디를 필수로 먹고 있어요. 매번 하얀 알약만 보다가 검정알약은 첨보는데 색다르네요ㅎㅎ 알약 크기도 작은편이라서 너무 좋아요. 영양제는 알약 크면 너무 부담스럽거든요. 이건 안 그래서 넘 좋믐,HFF_MAPPED,알약,product_form:tablet,product_form,tablet,EXISTING_FACET,,,애들 둘 낳고 골감소증이 생겨서 칼마 애들 둘 낳고 골감소증이 생겨서 칼마디를 필수로 먹고 있어요. 매번 하얀 알약만 보다가 검정알약은 첨보는데 색다르네요ㅎㅎ 알약 크기도 작은편이라서 너무 좋아요. 영양제는 알약 크면 너무 부담스럽거든요. 이건 안 그래서 넘 좋믐,HIGH,False
211,16,뉴트리미 오메가3 (500정),health-functional-food,예민한 편이라 오메가3 잘못먹으면 나중에 올라오는 비린내때문에 잘 못 챙겨먹었었어요. 근데 여기 오메가3는 냄새 안 나구요. 알약도 작아서 먹기도 편해요. 첨엔 1개씩인줄 알았는데 알고보니 2알씩이더라고요. 근데 2알이어도 작아서 부담없어요.,HFF_MAPPED,챙겨,intake_convenience:convenient,intake_convenience,convenient,EXISTING_FACET,,,예민한 편이라 오메가3 잘못먹으면 나 예민한 편이라 오메가3 잘못먹으면 나중에 올라오는 비린내때문에 잘 못 챙겨먹었었어요. 근데 여기 오메가3는 냄새 안 나구요. 알약도 작아서 먹기도 편해요. 첨엔 1개씩인줄 알았는데 알고보니 2알씩이더라고요. 근데 2알이어도 작아서 부담없어요.,HIGH,False
211,16,뉴트리미 오메가3 (500정),health-functional-food,예민한 편이라 오메가3 잘못먹으면 나중에 올라오는 비린내때문에 잘 못 챙겨먹었었어요. 근데 여기 오메가3는 냄새 안 나구요. 알약도 작아서 먹기도 편해요. 첨엔 1개씩인줄 알았는데 알고보니 2알씩이더라고요. 근데 2알이어도 작아서 부담없어요.,HFF_MAPPED,비린내,odor:fishy,odor,fishy,EXISTING_FACET,,,예민한 편이라 오메가3 잘못먹으면 나 예민한 편이라 오메가3 잘못먹으면 나중에 올라오는 비린내때문에 잘 못 챙겨먹었었어요. 근데 여기 오메가3는 냄새 안 나구요. 알약도 작아서 먹기도 편해요. 첨엔 1개씩인줄 알았는데 알고보니 2알씩이더라고요. 근데 2알이어도 작아서 부담,HIGH,False
211,16,뉴트리미 오메가3 (500정),health-functional-food,예민한 편이라 오메가3 잘못먹으면 나중에 올라오는 비린내때문에 잘 못 챙겨먹었었어요. 근데 여기 오메가3는 냄새 안 나구요. 알약도 작아서 먹기도 편해요. 첨엔 1개씩인줄 알았는데 알고보니 2알씩이더라고요. 근데 2알이어도 작아서 부담없어요.,HFF_MAPPED,비린,odor:fishy,odor,fishy,EXISTING_FACET,,,예민한 편이라 오메가3 잘못먹으면 나 예민한 편이라 오메가3 잘못먹으면 나중에 올라오는 비린내때문에 잘 못 챙겨먹었었어요. 근데 여기 오메가3는 냄새 안 나구요. 알약도 작아서 먹기도 편해요. 첨엔 1개씩인줄 알았는데 알고보니 2알씩이더라고요. 근데 2알이어도 작아서 부,HIGH,False
211,16,뉴트리미 오메가3 (500정),health-functional-food,예민한 편이라 오메가3 잘못먹으면 나중에 올라오는 비린내때문에 잘 못 챙겨먹었었어요. 근데 여기 오메가3는 냄새 안 나구요. 알약도 작아서 먹기도 편해요. 첨엔 1개씩인줄 알았는데 알고보니 2알씩이더라고요. 근데 2알이어도 작아서 부담없어요.,HFF_MAPPED,냄새,odor:odor,odor,odor,NEW_ALIAS,odor,odor,예민한 편이라 오메가3 잘못먹으면 나 예민한 편이라 오메가3 잘못먹으면 나중에 올라오는 비린내때문에 잘 못 챙겨먹었었어요. 근데 여기 오메가3는 냄새 안 나구요. 알약도 작아서 먹기도 편해요. 첨엔 1개씩인줄 알았는데 알고보니 2알씩이더라고요. 근데 2알이어도 작아서 부담없어요.,HIGH,False
211,16,뉴트리미 오메가3 (500정),health-functional-food,예민한 편이라 오메가3 잘못먹으면 나중에 올라오는 비린내때문에 잘 못 챙겨먹었었어요. 근데 여기 오메가3는 냄새 안 나구요. 알약도 작아서 먹기도 편해요. 첨엔 1개씩인줄 알았는데 알고보니 2알씩이더라고요. 근데 2알이어도 작아서 부담없어요.,HFF_MAPPED,알약,product_form:tablet,product_form,tablet,EXISTING_FACET,,,예민한 편이라 오메가3 잘못먹으면 나 예민한 편이라 오메가3 잘못먹으면 나중에 올라오는 비린내때문에 잘 못 챙겨먹었었어요. 근데 여기 오메가3는 냄새 안 나구요. 알약도 작아서 먹기도 편해요. 첨엔 1개씩인줄 알았는데 알고보니 2알씩이더라고요. 근데 2알이어도 작아서 부담없어요.,HIGH,False
210,1,"뉴트리미 에센셜 팩, 1개 150정(30포)",health-functional-food,"멀티비타민은 처음 먹어보는데, 비타민 하나하나 따로 먹는 것은 귀찮은 저에게 너무 간편한 영양제네요. 색상이 너무 예뻐서 먹을 때마다 기분도 좋아져요ㅎㅎ",HFF_MAPPED,간편,intake_convenience:convenient,intake_convenience,convenient,EXISTING_FACET,,,"멀티비타민은 처음 먹어보는데, 비타민 멀티비타민은 처음 먹어보는데, 비타민 하나하나 따로 먹는 것은 귀찮은 저에게 너무 간편한 영양제네요. 색상이 너무 예뻐서 먹을 때마다 기분도 좋아져요ㅎㅎ",HIGH,False
209,,,UNKNOWN,좋은 제품 잘 먹었습니다,UNMAPPED_REFERENCE,,non_facet,,,NON_FACET,,,좋은 제품 잘 먹었습니다 좋은 제품 잘 먹었습니다,LOW,False
208,21,뉴트리미 테아닌,health-functional-food,잠자기 전에 먹고 있는데 숙면 취하는데 도움이 되는것 같아요,HFF_MAPPED,,non_facet,,,NON_FACET,,,잠자기 전에 먹고 있는데 숙면 취하는 잠자기 전에 먹고 있는데 숙면 취하는데 도움이 되는것 같아요,LOW,False
207,1,"뉴트리미 에센셜 팩, 1개 150정(30포)",health-functional-food,알약크기가 넘기기에도 좋고 작으니 다른 영양제들과 같이 먹으니 편해요,HFF_MAPPED,알약,product_form:tablet,product_form,tablet,EXISTING_FACET,,,알약크기가 넘기기에도 좋고 작으니 다 알약크기가 넘기기에도 좋고 작으니 다른 영양제들과 같이 먹으니 편해요,HIGH,False
207,1,"뉴트리미 에센셜 팩, 1개 150정(30포)",health-functional-food,알약크기가 넘기기에도 좋고 작으니 다른 영양제들과 같이 먹으니 편해요,HFF_MAPPED,넘기기,swallowability:easy,swallowability,easy,EXISTING_FACET,,,알약크기가 넘기기에도 좋고 작으니 다 알약크기가 넘기기에도 좋고 작으니 다른 영양제들과 같이 먹으니 편해요,HIGH,False
206,,,UNKNOWN,갱년기 지수가 낮아진다하니 좋네요 !!꾸준히 먹어야 겠어요,UNMAPPED_REFERENCE,,non_facet,,,NON_FACET,,,갱년기 지수가 낮아진다하니 좋네요 ! 갱년기 지수가 낮아진다하니 좋네요 !!꾸준히 먹어야 겠어요,LOW,False
205,20,간건강 밀크씨슬,health-functional-food,술을 자주 마시기도 하고 간겅강을 위해 꾸준히 먹고 있는데 확실히 몸의 피로도 덜하고 좋은것 같아요,HFF_MAPPED,,non_facet,,,NON_FACET,,,술을 자주 마시기도 하고 간겅강을 위 술을 자주 마시기도 하고 간겅강을 위해 꾸준히 먹고 있는데 확실히 몸의 피로도 덜하고 좋은것 같아요,LOW,False
204,15,칼마디앤K2,health-functional-food,칼슘 마그네슘 비타민D까지 한꺼번에 섭취가능해서 편하고 흡수도 좋은것 같아요,HFF_MAPPED,,non_facet,,,NON_FACET,,,칼슘 마그네슘 비타민D까지 한꺼번에 칼슘 마그네슘 비타민D까지 한꺼번에 섭취가능해서 편하고 흡수도 좋은것 같아요,LOW,False
203,17,혈압밸런스 코엔자임 Q10,health-functional-food,코엔자임 함량이 높은편이라 좋네요 목넘김이 편해서 거부감 없이 먹기 좋아요,HFF_MAPPED,함량,ingredient_inclusion:ingredient_mentioned,ingredient_inclusion,ingredient_mentioned,EXISTING_FACET,,,코엔자임 함량이 높은편이라 좋네요 목 코엔자임 함량이 높은편이라 좋네요 목넘김이 편해서 거부감 없이 먹기 좋아요,HIGH,False
203,17,혈압밸런스 코엔자임 Q10,health-functional-food,코엔자임 함량이 높은편이라 좋네요 목넘김이 편해서 거부감 없이 먹기 좋아요,HFF_MAPPED,목넘김,swallowability:easy,swallowability,easy,EXISTING_FACET,,,코엔자임 함량이 높은편이라 좋네요 목 코엔자임 함량이 높은편이라 좋네요 목넘김이 편해서 거부감 없이 먹기 좋아요,HIGH,False
202,13,눈건강 루테인 지아잔틴 솔루션,health-functional-food,눈 나빠지기 전에 미리미리 챙길려고 루테인 꾸준히 섭취하는데 뉴트리미 제품 원료가 좋은것 같네요,HFF_MAPPED,원료,ingredient_inclusion:ingredient_mentioned,ingredient_inclusion,ingredient_mentioned,EXISTING_FACET,,,눈 나빠지기 전에 미리미리 챙길려고 눈 나빠지기 전에 미리미리 챙길려고 루테인 꾸준히 섭취하는데 뉴트리미 제품 원료가 좋은것 같네요,HIGH,False
201,16,뉴트리미 오메가3 (500정),health-functional-food,알약 크기가 적당해서 삼키기 좋았어요 비린맛도 전혀없고 좋아요,HFF_MAPPED,비린,odor:fishy,odor,fishy,EXISTING_FACET,,,알약 크기가 적당해서 삼키기 좋았어요 알약 크기가 적당해서 삼키기 좋았어요 비린맛도 전혀없고 좋아요,HIGH,False
201,16,뉴트리미 오메가3 (500정),health-functional-food,알약 크기가 적당해서 삼키기 좋았어요 비린맛도 전혀없고 좋아요,HFF_MAPPED,알약,product_form:tablet,product_form,tablet,EXISTING_FACET,,,알약 크기가 적당해서 삼키기 좋았어요 알약 크기가 적당해서 삼키기 좋았어요 비린맛도 전혀없고 좋아요,HIGH,False
201,16,뉴트리미 오메가3 (500정),health-functional-food,알약 크기가 적당해서 삼키기 좋았어요 비린맛도 전혀없고 좋아요,HFF_MAPPED,삼키기,swallowability:easy,swallowability,easy,EXISTING_FACET,,,알약 크기가 적당해서 삼키기 좋았어요 알약 크기가 적당해서 삼키기 좋았어요 비린맛도 전혀없고 좋아요,HIGH,False
201,16,뉴트리미 오메가3 (500정),health-functional-food,알약 크기가 적당해서 삼키기 좋았어요 비린맛도 전혀없고 좋아요,HFF_MAPPED,맛,taste:taste,taste,taste,NEW_ALIAS,taste,taste,알약 크기가 적당해서 삼키기 좋았어요 알약 크기가 적당해서 삼키기 좋았어요 비린맛도 전혀없고 좋아요,HIGH,False
200,14,올인원 멀티비타민 밸런스,health-functional-food,하루 1정으로 비타민13종 과 미네랄 3종을 한번에 섭취할수 있어 좋아요,HFF_MAPPED,,non_facet,,,NON_FACET,,,하루 1정으로 비타민13종 과 미네랄 하루 1정으로 비타민13종 과 미네랄 3종을 한번에 섭취할수 있어 좋아요,LOW,False
199,15,칼마디앤K2,health-functional-food,뉴트리미 칼슘&마그네슘&비타민 D는 벽돌색 타원형 캡슐로 하루에 2알을 먹는 제품으로 한가지 제품으로 세가지를 챙길 수 있어서 좋았어요. 뼈건강에 도움이 된다니 꾸준히 먹어보고 싶은 제품입니다.,HFF_MAPPED,하루에,intake_frequency,,,NEW_FACET_CANDIDATE,intake_frequency,,뉴트리미 칼슘&마그네슘&비타민 D는 뉴트리미 칼슘&마그네슘&비타민 D는 벽돌색 타원형 캡슐로 하루에 2알을 먹는 제품으로 한가지 제품으로 세가지를 챙길 수 있어서 좋았어요. 뼈건강에 도움이 된다니 꾸준히 먹어보고 싶은 제품입니다.,MEDIUM,False
199,15,칼마디앤K2,health-functional-food,뉴트리미 칼슘&마그네슘&비타민 D는 벽돌색 타원형 캡슐로 하루에 2알을 먹는 제품으로 한가지 제품으로 세가지를 챙길 수 있어서 좋았어요. 뼈건강에 도움이 된다니 꾸준히 먹어보고 싶은 제품입니다.,HFF_MAPPED,캡슐,product_form:capsule,product_form,capsule,EXISTING_FACET,,,뉴트리미 칼슘&마그네슘&비타민 D는 뉴트리미 칼슘&마그네슘&비타민 D는 벽돌색 타원형 캡슐로 하루에 2알을 먹는 제품으로 한가지 제품으로 세가지를 챙길 수 있어서 좋았어요. 뼈건강에 도움이 된다니 꾸준히 먹어보고 싶은 제품입니다.,HIGH,False
198,17,혈압밸런스 코엔자임 Q10,health-functional-food,뉴트리미 코엔자임 Q10은 항산화와 혈압건강에 도움을 주는 제품으로 분홍색 타원형이고 하루에 한알을 먹는데 평소 코엔자임 먹고 싶 었으나 챙겨 먹지 못했는데 이번 건강검진에혈압이 다소 높아 신경 쓰였는데 잘 관리하는기분으로 3주 동안 섭취했어요.,HFF_MAPPED,혈압,medical_outcome,,,SUBJECTIVE_MEDICAL_OUTCOME,,,뉴트리미 코엔자임 Q10은 항산화와 뉴트리미 코엔자임 Q10은 항산화와 혈압건강에 도움을 주는 제품으로 분홍색 타원형이고 하루에 한알을 먹는데 평소 코엔자임 먹고 싶 었으나 챙겨 먹지 못했는데 이번 건강검진에혈압이 다소 높아 신경 쓰였는데 잘 관리하는기분,HIGH,True
197,13,눈건강 루테인 지아잔틴 솔루션,health-functional-food,뉴트리미 루테인은 팥죽색 타워형 캡술로 타제품에 비해 작은편이라 목 넘김이 좋았어요. 요즘 들어 눈 피로가 심해 오메가와 복합 기능이 있는 제품을 먹다가 따로 루테인 먹으니 제대로 관리받는 느낌이었어요.3주정도 섭취했는데 만족하는편입니다,HFF_MAPPED,,non_facet,,,NON_FACET,,,뉴트리미 루테인은 팥죽색 타워형 캡술 뉴트리미 루테인은 팥죽색 타워형 캡술로 타제품에 비해 작은편이라 목 넘김이 좋았어요. 요즘 들어 눈 피로가 심해 오메가와 복합 기능이 있는 제품을 먹다가 따로 루테인 먹으니 제대로 관리받는 느낌이었어요.3주정도 섭취했는데 만족하는편입니다,LOW,False
196,16,뉴트리미 오메가3 (500정),health-functional-food,뉴트리미 오메가-3 투명한 젤 형태 타워형 캡슐로 보통 시중 오메가 제품보다 작은편이라 목넘김이 부드러워 좋았어요.평소 오메가와 루테인 성분이 같이 있는 제품을 먹고 있었는데 분리되어 따로 섭취하는점이 번거롭지만 각각 영양성분을 제대로 섭취한다고 생각하니 좋았어요.3주정도 먹었는데 만족하는 편입니다.,HFF_MAPPED,성분,ingredient_inclusion:ingredient_mentioned,ingredient_inclusion,ingredient_mentioned,EXISTING_FACET,,,뉴트리미 오메가-3 투명한 젤 형태 뉴트리미 오메가-3 투명한 젤 형태 타워형 캡슐로 보통 시중 오메가 제품보다 작은편이라 목넘김이 부드러워 좋았어요.평소 오메가와 루테인 성분이 같이 있는 제품을 먹고 있었는데 분리되어 따로 섭취하는점이 번거롭지만 각각 영양성분을 제대로 섭취한다고 생각하니 좋았어요.3주정도 먹었는데 만족하는 편입니다.,HIGH,False
196,16,뉴트리미 오메가3 (500정),health-functional-food,뉴트리미 오메가-3 투명한 젤 형태 타워형 캡슐로 보통 시중 오메가 제품보다 작은편이라 목넘김이 부드러워 좋았어요.평소 오메가와 루테인 성분이 같이 있는 제품을 먹고 있었는데 분리되어 따로 섭취하는점이 번거롭지만 각각 영양성분을 제대로 섭취한다고 생각하니 좋았어요.3주정도 먹었는데 만족하는 편입니다.,HFF_MAPPED,캡슐,product_form:capsule,product_form,capsule,EXISTING_FACET,,,뉴트리미 오메가-3 투명한 젤 형태 뉴트리미 오메가-3 투명한 젤 형태 타워형 캡슐로 보통 시중 오메가 제품보다 작은편이라 목넘김이 부드러워 좋았어요.평소 오메가와 루테인 성분이 같이 있는 제품을 먹고 있었는데 분리되어 따로 섭취하는점이 번거롭지만 각각 영양성분,HIGH,False
196,16,뉴트리미 오메가3 (500정),health-functional-food,뉴트리미 오메가-3 투명한 젤 형태 타워형 캡슐로 보통 시중 오메가 제품보다 작은편이라 목넘김이 부드러워 좋았어요.평소 오메가와 루테인 성분이 같이 있는 제품을 먹고 있었는데 분리되어 따로 섭취하는점이 번거롭지만 각각 영양성분을 제대로 섭취한다고 생각하니 좋았어요.3주정도 먹었는데 만족하는 편입니다.,HFF_MAPPED,목넘김,swallowability:easy,swallowability,easy,EXISTING_FACET,,,뉴트리미 오메가-3 투명한 젤 형태 뉴트리미 오메가-3 투명한 젤 형태 타워형 캡슐로 보통 시중 오메가 제품보다 작은편이라 목넘김이 부드러워 좋았어요.평소 오메가와 루테인 성분이 같이 있는 제품을 먹고 있었는데 분리되어 따로 섭취하는점이 번거롭지만 각각 영양성분을 제대로 섭취한다고 생각하니 좋았어요.3주정도,HIGH,False
195,14,올인원 멀티비타민 밸런스,health-functional-food,뉴트리미 멀티비타민&미네랄 노란색 타원형 캡슐로 한 알로 비타인과 미네랄 두가지를 동시에 챙길 수 있어서 좋았어요.목 넘김도 부드럽고 색상도 노란색이라 쉽게 구분이 가서 더 좋았어요.3주정도 섭취 한거 같은데 상쾌한하루를 시작작는 느낌이네요.,HFF_MAPPED,캡슐,product_form:capsule,product_form,capsule,EXISTING_FACET,,,뉴트리미 멀티비타민&미네랄 노란색 뉴트리미 멀티비타민&미네랄 노란색 타원형 캡슐로 한 알로 비타인과 미네랄 두가지를 동시에 챙길 수 있어서 좋았어요.목 넘김도 부드럽고 색상도 노란색이라 쉽게 구분이 가서 더 좋았어요.3주정도 섭취 한거 같은데 상쾌한하루를 시,HIGH,False
194,17,혈압밸런스 코엔자임 Q10,health-functional-food,코엔자임Q10 하면 항산화 작용 !!! 혈압 감소에도 도움을 주고 항산화 작용을 도와 더 젊고 활기차게 지낼 수 있을꺼 같아요 30대 후반에서 40대로 향하고 있는데 꾸준히 먹고 젊음 유지하도록 노력하려구요,HFF_MAPPED,혈압,medical_outcome,,,SUBJECTIVE_MEDICAL_OUTCOME,,,코엔자임Q10 하면 항산화 작용 !! 코엔자임Q10 하면 항산화 작용 !!! 혈압 감소에도 도움을 주고 항산화 작용을 도와 더 젊고 활기차게 지낼 수 있을꺼 같아요 30대 후반에서 40대로 향하고 있는데 꾸준히 먹고 젊음 유지하도록 노력하려구요,HIGH,True
193,21,뉴트리미 테아닌,health-functional-food,"매일 반복되는 일상에 지친 회사원, 주부 스트레스로 인한 긴장을 완화시켜준다하니 현대인들의 필수 영양제네요 요즘 회사에서 스트레스 많이 받아하는 신랑 챙겨줘야겠어요 자기전에 테아닌 먹고 조금 더 편안하게 잘 수 있는거 같아요",HFF_MAPPED,완화,medical_outcome,,,SUBJECTIVE_MEDICAL_OUTCOME,,,"매일 반복되는 일상에 지친 회사원, 매일 반복되는 일상에 지친 회사원, 주부 스트레스로 인한 긴장을 완화시켜준다하니 현대인들의 필수 영양제네요 요즘 회사에서 스트레스 많이 받아하는 신랑 챙겨줘야겠어요 자기전에 테아닌 먹고 조금 더 편안하게 잘 수 있는거 같아요",HIGH,True
192,,,UNKNOWN,특히 갱년기 여성들에게 좋은 영양제 폐경 지나고 쉽게 얼굴이 붉어지면서 열이 올랐다가 괜찮았다 반복하고 활기도 잃는거 같더라구요 엄마에게 선물해줬더니 좋아하시네요 회화나무열매추출물이 들어있다고 하던데 엄마의 활기를 찾아주면 좋겠어요,UNMAPPED_REFERENCE,선물,non_facet,,,NON_FACET,,,특히 갱년기 여성들에게 좋은 영양제 특히 갱년기 여성들에게 좋은 영양제 폐경 지나고 쉽게 얼굴이 붉어지면서 열이 올랐다가 괜찮았다 반복하고 활기도 잃는거 같더라구요 엄마에게 선물해줬더니 좋아하시네요 회화나무열매추출물이 들어있다고 하던데 엄마의 활기를 찾아주면 좋겠어요,LOW,False
191,14,올인원 멀티비타민 밸런스,health-functional-food,멀티비타민&미네랄 하루 1정으로 비타민13종과 미네랄3종 섭취 식약처가 인정한 1일 영양성분치 100%이상 함유 되어 있다니 아침도 잘 못챙겨먹는데 요 영양제 1알로 제 건강 챙겨야겠어요 퇴근하면 육아출근하는 워킹맘에겐 필수 영양제네요,HFF_MAPPED,1일,intake_frequency,,,NEW_FACET_CANDIDATE,intake_frequency,,멀티비타민&미네랄 하루 멀티비타민&미네랄 하루 1정으로 비타민13종과 미네랄3종 섭취 식약처가 인정한 1일 영양성분치 100%이상 함유 되어 있다니 아침도 잘 못챙겨먹는데 요 영양제 1알로 제 건강 챙겨야겠어요 퇴근하면 육아출근하는 워킹맘에겐 필수 영양제네요,MEDIUM,False
191,14,올인원 멀티비타민 밸런스,health-functional-food,멀티비타민&미네랄 하루 1정으로 비타민13종과 미네랄3종 섭취 식약처가 인정한 1일 영양성분치 100%이상 함유 되어 있다니 아침도 잘 못챙겨먹는데 요 영양제 1알로 제 건강 챙겨야겠어요 퇴근하면 육아출근하는 워킹맘에겐 필수 영양제네요,HFF_MAPPED,성분,ingredient_inclusion:ingredient_mentioned,ingredient_inclusion,ingredient_mentioned,EXISTING_FACET,,,멀티비타민&미네랄 하루 멀티비타민&미네랄 하루 1정으로 비타민13종과 미네랄3종 섭취 식약처가 인정한 1일 영양성분치 100%이상 함유 되어 있다니 아침도 잘 못챙겨먹는데 요 영양제 1알로 제 건강 챙겨야겠어요 퇴근하면 육아출근하는 워킹맘에겐 필수 영양제네요,HIGH,False
191,14,올인원 멀티비타민 밸런스,health-functional-food,멀티비타민&미네랄 하루 1정으로 비타민13종과 미네랄3종 섭취 식약처가 인정한 1일 영양성분치 100%이상 함유 되어 있다니 아침도 잘 못챙겨먹는데 요 영양제 1알로 제 건강 챙겨야겠어요 퇴근하면 육아출근하는 워킹맘에겐 필수 영양제네요,HFF_MAPPED,챙겨,intake_convenience:convenient,intake_convenience,convenient,EXISTING_FACET,,,멀티비타민&미네랄 하루 멀티비타민&미네랄 하루 1정으로 비타민13종과 미네랄3종 섭취 식약처가 인정한 1일 영양성분치 100%이상 함유 되어 있다니 아침도 잘 못챙겨먹는데 요 영양제 1알로 제 건강 챙겨야겠어요 퇴근하면 육아출근하는 워킹맘에겐 필수 영양제네요,HIGH,False
190,1,"뉴트리미 에센셜 팩, 1개 150정(30포)",health-functional-food,좋은 기회를 주셔서 감사합니다:) 온가족이 영양제 잘 챙겨 먹고 있어요,HFF_MAPPED,챙겨,intake_convenience:convenient,intake_convenience,convenient,EXISTING_FACET,,,좋은 기회를 주셔서 감사합니다:) 좋은 기회를 주셔서 감사합니다:) 온가족이 영양제 잘 챙겨 먹고 있어요,HIGH,False
189,14,올인원 멀티비타민 밸런스,health-functional-food,건강에 신경을 많이 쓰고 있는데 여러개 먹기엔 자꾸 까먹고 그럴때 멀티비타민이 최고에요,HFF_MAPPED,,non_facet,,,NON_FACET,,,건강에 신경을 많이 쓰고 있는데 건강에 신경을 많이 쓰고 있는데 여러개 먹기엔 자꾸 까먹고 그럴때 멀티비타민이 최고에요,LOW,False
188,134,뉴트리미 마이팩 하루 한 포 맞춤영양제,health-functional-food,다양한 영양제를 체험해 보고 효과를 느껴갈수 있어서 너무 좋은 기회였어요 제품이 다 목넘김이 좋고 너무 만족스럽습니다^^,HFF_MAPPED,효과,medical_outcome,,,SUBJECTIVE_MEDICAL_OUTCOME,,,다양한 영양제를 체험해 보고 다양한 영양제를 체험해 보고 효과를 느껴갈수 있어서 너무 좋은 기회였어요 제품이 다 목넘김이 좋고 너무 만족스럽습니다^^,HIGH,True
187,14,올인원 멀티비타민 밸런스,health-functional-food,늘 기본으로 챙겨야 하는 멀티 비타민ㅎㅎ 매일매일 피곤함이 많이 줄고 일상의 활력이 회복되는게 느껴져요 너무 잘 먹고 있습니다^^,HFF_MAPPED,챙겨,intake_convenience:convenient,intake_convenience,convenient,EXISTING_FACET,,,늘 기본으로 챙겨야 하는 멀티 비타민 늘 기본으로 챙겨야 하는 멀티 비타민ㅎㅎ 매일매일 피곤함이 많이 줄고 일상의 활력이 회복되는게 느껴져요 너무 잘 먹고 있습니다^^,HIGH,False
186,17,혈압밸런스 코엔자임 Q10,health-functional-food,콜레스테롤도 높고 혈액순환이 잘 안되서 늘 오메가는 챙기고 있는데 알이 커서 목넘김이 정말 힘들었는데 요 제품은 알이 작아서 너무 좋습니다 너무 편하게 잘 먹고 있습니다^^,HFF_MAPPED,콜레스테롤,medical_outcome,,,SUBJECTIVE_MEDICAL_OUTCOME,,,콜레스테롤도 높고 혈액순환이 잘 콜레스테롤도 높고 혈액순환이 잘 안되서 늘 오메가는 챙기고 있는데 알이 커서 목넘김이 정말 힘들었는데 요 제품은 알이 작아서 너무 좋습니다 너무 편하게 잘,HIGH,True
185,13,눈건강 루테인 지아잔틴 솔루션,health-functional-food,컴퓨터를 많이 하는 직업이라 항상 눈이 피곤했는데 피곤함이 정말 많이 좋아졌어요 매일 꼭 챙기고 있습니다^^ 모든 약이 알이 작아서 정말 좋아요 ㅎㅎ,HFF_MAPPED,알이 작,tablet_size:small,tablet_size,small,EXISTING_FACET,,,컴퓨터를 많이 하는 직업이라 컴퓨터를 많이 하는 직업이라 항상 눈이 피곤했는데 피곤함이 정말 많이 좋아졌어요 매일 꼭 챙기고 있습니다^^ 모든 약이 알이 작아서 정말 좋아요 ㅎㅎ,HIGH,False
184,17,혈압밸런스 코엔자임 Q10,health-functional-food,피곤할때도 좋고 여자들에게 좋다고 해서 꼭 챙기고 있는 코엔자임 Q10 알이 사이즈가 작아서 정말 좋고 꾸준히 먹으면 효과가 좋을거 같애요!!,HFF_MAPPED,효과,medical_outcome,,,SUBJECTIVE_MEDICAL_OUTCOME,,,피곤할때도 좋고 여자들에게 피곤할때도 좋고 여자들에게 좋다고 해서 꼭 챙기고 있는 코엔자임 Q10 알이 사이즈가 작아서 정말 좋고 꾸준히 먹으면 효과가 좋을거 같애요!!,HIGH,True
183,15,칼마디앤K2,health-functional-food,칼마디는 정말 필수 영양제죠..!! 이석증이 있으면서 비타민D를 꾸준히 챙기고 있는데 칼슘 마그네슘을 같이 먹어야 흡수가 잘되서 간편하게 먹을수 있는 칼마디 너무 잘 먹고 있습니다^^,HFF_MAPPED,간편,intake_convenience:convenient,intake_convenience,convenient,EXISTING_FACET,,,칼마디는 정말 필수 영양제죠..!! 칼마디는 정말 필수 영양제죠..!! 이석증이 있으면서 비타민D를 꾸준히 챙기고 있는데 칼슘 마그네슘을 같이 먹어야 흡수가 잘되서 간편하게 먹을수 있는 칼마디 너무 잘 먹고 있습니다^^,HIGH,False
182,20,간건강 밀크씨슬,health-functional-food,간이 안조아 늘 피곤하고 지쳐있었는데 밀크씨슬이 효과가 좋은거 같애요 확실히 피곤함도 덜하고 먹은날과 안먹은 날이 다르네요ㅎㅎ 잘 챙겨 먹어야겠어요^^,HFF_MAPPED,효과,medical_outcome,,,SUBJECTIVE_MEDICAL_OUTCOME,,,간이 안조아 늘 피곤하고 지쳐있었는데 간이 안조아 늘 피곤하고 지쳐있었는데 밀크씨슬이 효과가 좋은거 같애요 확실히 피곤함도 덜하고 먹은날과 안먹은 날이 다르네요ㅎㅎ 잘 챙겨 먹어야겠어요^^,HIGH,True
181,,,UNKNOWN,갱년기 때문에 고생하시는 어무이께 드렸는데 목넘김이 편해서 먹기 좋다고 너무 좋아하시네요,UNMAPPED_REFERENCE,목넘김,swallowability:easy,swallowability,easy,EXISTING_FACET,,,갱년기 때문에 고생하시는 어무이께 갱년기 때문에 고생하시는 어무이께 드렸는데 목넘김이 편해서 먹기 좋다고 너무 좋아하시네요,HIGH,False
180,1,"뉴트리미 에센셜 팩, 1개 150정(30포)",health-functional-food,새벽일하시는 아버지께 선물해 드렸는데 알이 작아서 먹기에도 편하고 만족해 하시네요,HFF_MAPPED,알이 작,tablet_size:small,tablet_size,small,EXISTING_FACET,,,새벽일하시는 아버지께 선물해 드렸는데 새벽일하시는 아버지께 선물해 드렸는데 알이 작아서 먹기에도 편하고 만족해 하시네요,HIGH,False
179,21,뉴트리미 테아닌,health-functional-food,일이 많아서 늘 스트레스를 많이 받아서 위장도 약하고 자주 긴장하는 편인데 영양제 먹으면서 좀 편안해진 느낌이 들어서 놀랐어요..!! 알이 작아서 목넘김이 편하고 꾸준히 먹으면 스트레스로 부터 많이 편안해질거 같아요..^^,HFF_MAPPED,목넘김,swallowability:easy,swallowability,easy,EXISTING_FACET,,,일이 많아서 늘 스트레스를 일이 많아서 늘 스트레스를 많이 받아서 위장도 약하고 자주 긴장하는 편인데 영양제 먹으면서 좀 편안해진 느낌이 들어서 놀랐어요..!! 알이 작아서 목넘김이 편하고 꾸준히 먹으면 스트레스로 부터 많이 편안해질거 같아요..^^,HIGH,False
179,21,뉴트리미 테아닌,health-functional-food,일이 많아서 늘 스트레스를 많이 받아서 위장도 약하고 자주 긴장하는 편인데 영양제 먹으면서 좀 편안해진 느낌이 들어서 놀랐어요..!! 알이 작아서 목넘김이 편하고 꾸준히 먹으면 스트레스로 부터 많이 편안해질거 같아요..^^,HFF_MAPPED,알이 작,tablet_size:small,tablet_size,small,EXISTING_FACET,,,일이 많아서 늘 스트레스를 일이 많아서 늘 스트레스를 많이 받아서 위장도 약하고 자주 긴장하는 편인데 영양제 먹으면서 좀 편안해진 느낌이 들어서 놀랐어요..!! 알이 작아서 목넘김이 편하고 꾸준히 먹으면 스트레스로 부터 많이 편안해질거 같아요..^^,HIGH,False
178,15,칼마디앤K2,health-functional-food,칼.마.비D 확실히 칼마비 섭취하고 일주일 넘게 영양제 섭취후 피곤함이 줄어들어 좋왔어요. 꾸준히 섭취하고 건강 유지할께요.,HFF_MAPPED,,non_facet,,,NON_FACET,,,칼.마.비D 확실히 칼마 칼.마.비D 확실히 칼마비 섭취하고 일주일 넘게 영양제 섭취후 피곤함이 줄어들어 좋왔어요. 꾸준히 섭취하고 건강 유지할께요.,LOW,False
177,21,뉴트리미 테아닌,health-functional-food,육아로 매일 스트레스가 엄청 심한편인데 테아닌 영양제가 스트레스로 인한 긴장완화에 도움을 준다고 해서 꾸준히 섭취중 입니다.,HFF_MAPPED,완화,medical_outcome,,,SUBJECTIVE_MEDICAL_OUTCOME,,,육아로 매일 스트레스가 엄청 심한편인 육아로 매일 스트레스가 엄청 심한편인데 테아닌 영양제가 스트레스로 인한 긴장완화에 도움을 준다고 해서 꾸준히 섭취중 입니다.,HIGH,True
176,20,간건강 밀크씨슬,health-functional-food,밀크씨슬 요즘따라 부쩍 몸이 매일매일 피곤해서 꾸준히 섭취중 입니다. 좋은 영양제 꾸준히 섭취하고 효과가 좋와지길 기대하며 매일 먹고 있어요.,HFF_MAPPED,효과,medical_outcome,,,SUBJECTIVE_MEDICAL_OUTCOME,,,밀크씨슬 요즘따라 부쩍 밀크씨슬 요즘따라 부쩍 몸이 매일매일 피곤해서 꾸준히 섭취중 입니다. 좋은 영양제 꾸준히 섭취하고 효과가 좋와지길 기대하며 매일 먹고 있어요.,HIGH,True
175,1,"뉴트리미 에센셜 팩, 1개 150정(30포)",health-functional-food,계속해서 재구하고있읍니다~~` 너무나 좋은 실속있는 보조영양제입니다~~ 늘감사합니다~~ 후기가 너무 늦었네요~~,HFF_MAPPED,,non_facet,,,NON_FACET,,,계속해서 재구하고있읍니다~~` 계속해서 재구하고있읍니다~~` 너무나 좋은 실속있는 보조영양제입니다~~ 늘감사합니다~~ 후기가 너무 늦었네요~~,LOW,False
174,21,뉴트리미 테아닌,health-functional-food,진짜여긴 알약크기가 다 작다는게 넘 좋아요. 향이나 거부감없이 먹기좋은 알약 스트레스 심한 남편에게 주고있어요. 원체 화가 많은 사람이라 스트레스많은 남자들에게 더욱 좋은듯하네요,HFF_MAPPED,향,odor:odor,odor,odor,NEW_ALIAS,odor,odor,진짜여긴 알약크기가 다 작다는게 넘 진짜여긴 알약크기가 다 작다는게 넘 좋아요. 향이나 거부감없이 먹기좋은 알약 스트레스 심한 남편에게 주고있어요. 원체 화가 많은 사람이라 스트레스많은 남자들에게 더욱 좋은듯하네요,HIGH,False
174,21,뉴트리미 테아닌,health-functional-food,진짜여긴 알약크기가 다 작다는게 넘 좋아요. 향이나 거부감없이 먹기좋은 알약 스트레스 심한 남편에게 주고있어요. 원체 화가 많은 사람이라 스트레스많은 남자들에게 더욱 좋은듯하네요,HFF_MAPPED,알약,product_form:tablet,product_form,tablet,EXISTING_FACET,,,진짜여긴 알약크기가 다 작다는게 넘 진짜여긴 알약크기가 다 작다는게 넘 좋아요. 향이나 거부감없이 먹기좋은 알약 스트레스 심한 남편에게 주고있어요. 원체 화가 많은 사람이라 스트레스많은 남자들,HIGH,False
173,1,"뉴트리미 에센셜 팩, 1개 150정(30포)",health-functional-food,좋은 기회를 주셔서 감사히 잘 먹었습니다. 제 생활과 저에게 맞는 아이템들은 다시 재구매 하려고 합니다.,HFF_MAPPED,재구매,non_facet,,,NON_FACET,,,좋은 기회를 주셔서 감사히 잘 좋은 기회를 주셔서 감사히 잘 먹었습니다. 제 생활과 저에게 맞는 아이템들은 다시 재구매 하려고 합니다.,LOW,False
172,1,"뉴트리미 에센셜 팩, 1개 150정(30포)",health-functional-food,요즘같은 일상에 가장필요한 부분같습니다. 다른 영양제들과 함께 씨너즈를 올려 좀 더 편한 하루를 만들어 주는데 효과를 하는것 같습니다. 목넘김 편함,HFF_MAPPED,효과,medical_outcome,,,SUBJECTIVE_MEDICAL_OUTCOME,,,요즘같은 일상에 가장필요한 부분같 요즘같은 일상에 가장필요한 부분같습니다. 다른 영양제들과 함께 씨너즈를 올려 좀 더 편한 하루를 만들어 주는데 효과를 하는것 같습니다. 목넘김 편함,HIGH,True
171,21,뉴트리미 테아닌,health-functional-food,밤에 잠을 잘 못잤는데 확실히 편해짐 먹기편한 사이즈 목넘김 편함,HFF_MAPPED,목넘김,swallowability:easy,swallowability,easy,EXISTING_FACET,,,밤에 잠을 잘 못잤는데 확실 밤에 잠을 잘 못잤는데 확실히 편해짐 먹기편한 사이즈 목넘김 편함,HIGH,False
170,,,UNKNOWN,먹기편한 싸이즈,UNMAPPED_REFERENCE,,non_facet,,,NON_FACET,,,먹기편한 싸이즈 먹기편한 싸이즈,LOW,False
169,17,혈압밸런스 코엔자임 Q10,health-functional-food,일단 싸이즈가 작아서 먹기 편함 신경쓰면 혈압이 가급올라 두통이 있었는데 확실히 편해진것 같음,HFF_MAPPED,혈압,medical_outcome,,,SUBJECTIVE_MEDICAL_OUTCOME,,,일단 싸이즈가 작아서 먹기 편함 일단 싸이즈가 작아서 먹기 편함 신경쓰면 혈압이 가급올라 두통이 있었는데 확실히 편해진것 같음,HIGH,True
168,1,"뉴트리미 에센셜 팩, 1개 150정(30포)",health-functional-food,아직 효과는 모르겠지만 꾸준히 먹어볼라고요 먹기편하고 목넘김이 편함,HFF_MAPPED,효과,medical_outcome,,,SUBJECTIVE_MEDICAL_OUTCOME,,,아직 효과는 모르겠지만 꾸준히 아직 효과는 모르겠지만 꾸준히 먹어볼라고요 먹기편하고 목넘김이 편함,HIGH,True
167,16,뉴트리미 오메가3 (500정),health-functional-food,비린맛이 없어서 목넘김 편하네요,HFF_MAPPED,비린,odor:fishy,odor,fishy,EXISTING_FACET,,,비린맛이 없어서 목넘김 편하네요 비린맛이 없어서 목넘김 편하네요,HIGH,False
167,16,뉴트리미 오메가3 (500정),health-functional-food,비린맛이 없어서 목넘김 편하네요,HFF_MAPPED,목넘김,swallowability:easy,swallowability,easy,EXISTING_FACET,,,비린맛이 없어서 목넘김 편하네요 비린맛이 없어서 목넘김 편하네요,HIGH,False
167,16,뉴트리미 오메가3 (500정),health-functional-food,비린맛이 없어서 목넘김 편하네요,HFF_MAPPED,맛,taste:taste,taste,taste,NEW_ALIAS,taste,taste,비린맛이 없어서 목넘김 편하네요 비린맛이 없어서 목넘김 편하네요,HIGH,False
166,1,"뉴트리미 에센셜 팩, 1개 150정(30포)",health-functional-food,아침 운동 가기전 루틴 이 되었습니다. 기분탓인지 모르겠지만 피곤함이 확실히 덜한것 같네요,HFF_MAPPED,,non_facet,,,NON_FACET,,,아침 운동 가기전 루틴 이 되었 아침 운동 가기전 루틴 이 되었습니다. 기분탓인지 모르겠지만 피곤함이 확실히 덜한것 같네요,LOW,False
165,1,"뉴트리미 에센셜 팩, 1개 150정(30포)",health-functional-food,엄마드시라고 선물드렸어요!,HFF_MAPPED,선물,non_facet,,,NON_FACET,,,엄마드시라고 선물드렸어요! 엄마드시라고 선물드렸어요!,LOW,False
164,21,뉴트리미 테아닌,health-functional-food,테아닌은 육아맘들에게 없어서 안될것같아요!,HFF_MAPPED,,non_facet,,,NON_FACET,,,테아닌은 육아맘들에게 없어서 안될것같 테아닌은 육아맘들에게 없어서 안될것같아요!,LOW,False
163,18,쏘팔메토옥타코사놀11520,health-functional-food,남자에게는필수인제품인것같아요!,HFF_MAPPED,,non_facet,,,NON_FACET,,,남자에게는필수인제품인것같아요! 남자에게는필수인제품인것같아요!,LOW,False
162,1,"뉴트리미 에센셜 팩, 1개 150정(30포)",health-functional-food,배송도 빠르고 뉴트리미를 처음 알게되었는데 꾸준히 먹어보려합니다!,HFF_MAPPED,배송,non_facet,,,NON_FACET,,,배송도 빠르고 뉴트리미를 처음 알게되 배송도 빠르고 뉴트리미를 처음 알게되었는데 꾸준히 먹어보려합니다!,LOW,False
161,15,칼마디앤K2,health-functional-food,칼슘 마그네슘은 진짜필요했던찬라 뉴트리미 알게되서 열심히 챙겨먹어보려합니다!,HFF_MAPPED,챙겨,intake_convenience:convenient,intake_convenience,convenient,EXISTING_FACET,,,칼슘 마그네슘은 진짜필요했던찬라 칼슘 마그네슘은 진짜필요했던찬라 뉴트리미 알게되서 열심히 챙겨먹어보려합니다!,HIGH,False
160,1,"뉴트리미 에센셜 팩, 1개 150정(30포)",health-functional-food,음식으로 채울수 없던 영양분을 영양제로 채울수있어서 만족해요!,HFF_MAPPED,,non_facet,,,NON_FACET,,,음식으로 채울수 없던 영양분을 영양제 음식으로 채울수 없던 영양분을 영양제로 채울수있어서 만족해요!,LOW,False
159,13,눈건강 루테인 지아잔틴 솔루션,health-functional-food,눈이안좋아서 루태인 찾고있었는데 뉴트리미 루테인으로 꾸주히 먹어볼께요^^,HFF_MAPPED,,non_facet,,,NON_FACET,,,눈이안좋아서 루태인 찾고있었는데 뉴트 눈이안좋아서 루태인 찾고있었는데 뉴트리미 루테인으로 꾸주히 먹어볼께요^^,LOW,False
158,16,뉴트리미 오메가3 (500정),health-functional-food,오메가3 챙겨먹어야했는데 다른제품과달리 거북함도없고 섭취하기좋아요,HFF_MAPPED,챙겨,intake_convenience:convenient,intake_convenience,convenient,EXISTING_FACET,,,오메가3 챙겨먹어야했는데 다른제품 오메가3 챙겨먹어야했는데 다른제품과달리 거북함도없고 섭취하기좋아요,HIGH,False
157,134,뉴트리미 마이팩 하루 한 포 맞춤영양제,health-functional-food,배송도빠르고 좋았어요!,HFF_MAPPED,배송,non_facet,,,NON_FACET,,,배송도빠르고 좋았어요! 배송도빠르고 좋았어요!,LOW,False
156,134,뉴트리미 마이팩 하루 한 포 맞춤영양제,health-functional-food,챙겨먹기 힘들었던부분을 영양제로 채울수있어서 너무만족합니다,HFF_MAPPED,챙겨,intake_convenience:convenient,intake_convenience,convenient,EXISTING_FACET,,,챙겨먹기 힘들었던부분을 영양제로 채울 챙겨먹기 힘들었던부분을 영양제로 채울수있어서 너무만족합니다,HIGH,False
156,134,뉴트리미 마이팩 하루 한 포 맞춤영양제,health-functional-food,챙겨먹기 힘들었던부분을 영양제로 채울수있어서 너무만족합니다,HFF_MAPPED,먹기 힘,intake_convenience:inconvenient,intake_convenience,inconvenient,EXISTING_FACET,,,챙겨먹기 힘들었던부분을 영양제로 채울 챙겨먹기 힘들었던부분을 영양제로 채울수있어서 너무만족합니다,HIGH,False
155,20,간건강 밀크씨슬,health-functional-food,침묵의 장기 간!! 운동하면서 간건강은 필수! 함량 좋고 매일 챙기고 있어요 ~~,HFF_MAPPED,함량,ingredient_inclusion:ingredient_mentioned,ingredient_inclusion,ingredient_mentioned,EXISTING_FACET,,,침묵의 장기 간!! 운동 침묵의 장기 간!! 운동하면서 간건강은 필수! 함량 좋고 매일 챙기고 있어요 ~~,HIGH,False
154,13,눈건강 루테인 지아잔틴 솔루션,health-functional-food,요즘 침침한 눈을 위해 구매했어요+ 연질캡슐로 목넘김이 좋아요,HFF_MAPPED,캡슐,product_form:capsule,product_form,capsule,EXISTING_FACET,,,요즘 침침한 눈을 위해 구매했어요+ 요즘 침침한 눈을 위해 구매했어요+ 연질캡슐로 목넘김이 좋아요,HIGH,False
154,13,눈건강 루테인 지아잔틴 솔루션,health-functional-food,요즘 침침한 눈을 위해 구매했어요+ 연질캡슐로 목넘김이 좋아요,HFF_MAPPED,목넘김,swallowability:easy,swallowability,easy,EXISTING_FACET,,,요즘 침침한 눈을 위해 구매했어요+ 요즘 침침한 눈을 위해 구매했어요+ 연질캡슐로 목넘김이 좋아요,HIGH,False
153,16,뉴트리미 오메가3 (500정),health-functional-food,연질캡슐로 부담없이 섭취할 수 있고 섭취 후에도 속이 편안해서 좋아요~~,HFF_MAPPED,속이 편,digestive_tolerance,,,NEW_FACET_CANDIDATE,digestive_tolerance,,연질캡슐로 부담없이 섭취할 수 있고 연질캡슐로 부담없이 섭취할 수 있고 섭취 후에도 속이 편안해서 좋아요~~,MEDIUM,False
153,16,뉴트리미 오메가3 (500정),health-functional-food,연질캡슐로 부담없이 섭취할 수 있고 섭취 후에도 속이 편안해서 좋아요~~,HFF_MAPPED,캡슐,product_form:capsule,product_form,capsule,EXISTING_FACET,,,연질캡슐로 부담없이 섭취할 수 있고 연질캡슐로 부담없이 섭취할 수 있고 섭취 후에도 속이 편안해서 좋아요~~,HIGH,False
152,16,뉴트리미 오메가3 (500정),health-functional-food,목넘김이 좋고 믿을 수 있는 원료라 안심하고 섭취하고 있어요,HFF_MAPPED,원료,ingredient_inclusion:ingredient_mentioned,ingredient_inclusion,ingredient_mentioned,EXISTING_FACET,,,목넘김이 좋고 믿을 수 목넘김이 좋고 믿을 수 있는 원료라 안심하고 섭취하고 있어요,HIGH,False
152,16,뉴트리미 오메가3 (500정),health-functional-food,목넘김이 좋고 믿을 수 있는 원료라 안심하고 섭취하고 있어요,HFF_MAPPED,목넘김,swallowability:easy,swallowability,easy,EXISTING_FACET,,,목넘김이 좋고 믿을 수 목넘김이 좋고 믿을 수 있는 원료라 안심하고 섭취하고 있어요,HIGH,False
151,16,뉴트리미 오메가3 (500정),health-functional-food,배송 빠르고 포장도 깜끔해서 좋아요 작은 알약크기와 연잘 캡슐로 섭취하기 좋고 부담없어요! 매일 챙기며 효과 보고 있습니다! 나만의 문진 결과에 따라 선택 구매 할 수 있어 구입하기 쉽고 좋은 원료와 함량으로 더욱 믿음이 가네요! 다 먹으면 또 구입하겠습니다! 감사합니다 :),HFF_MAPPED,효과,medical_outcome,,,SUBJECTIVE_MEDICAL_OUTCOME,,,배송 빠르고 포장도 깜끔해서 좋아요 배송 빠르고 포장도 깜끔해서 좋아요 작은 알약크기와 연잘 캡슐로 섭취하기 좋고 부담없어요! 매일 챙기며 효과 보고 있습니다! 나만의 문진 결과에 따라 선택 구매 할 수 있어 구입하기 쉽고 좋은 원료와 함량으로 더욱 믿음이 가네요! 다 먹으면 또 구입하겠습니다! 감사합니다 :),HIGH,True
150,134,뉴트리미 마이팩 하루 한 포 맞춤영양제,health-functional-food,"하루 2알로 칼슘, 마그네슘, 비타민D 섭취가 가능 하다니 확실히 피로도가 덜하고 식사후 꼭 챙기고 잇답니다^^ 목넘김도 너무 져아여 조은제품 감사합니댱",HFF_MAPPED,목넘김,swallowability:easy,swallowability,easy,EXISTING_FACET,,,"하루 2알로 칼슘, 마그네슘, 비타민 하루 2알로 칼슘, 마그네슘, 비타민D 섭취가 가능 하다니 확실히 피로도가 덜하고 식사후 꼭 챙기고 잇답니다^^ 목넘김도 너무 져아여 조은제품 감사합니댱",HIGH,False
149,20,간건강 밀크씨슬,health-functional-food,"잦은 술자리에 회사 생활을 하다보니 충분한 수면을 취하기 힘든 신랑 간건강을 위해 밀크씨슬 챙겨주고 있어요 확실히 피로도가 낮아지는거 같아요 애둘 키우며 일하고 있는 워킹맘인 저도 열심히 챙겨먹어 보려구요 회사인, 워킹맘 모두에게 꼭꼭 필요한 영양제네요",HFF_MAPPED,챙겨,intake_convenience:convenient,intake_convenience,convenient,EXISTING_FACET,,,"잦은 술자리에 회사 생활을 하다보니 잦은 술자리에 회사 생활을 하다보니 충분한 수면을 취하기 힘든 신랑 간건강을 위해 밀크씨슬 챙겨주고 있어요 확실히 피로도가 낮아지는거 같아요 애둘 키우며 일하고 있는 워킹맘인 저도 열심히 챙겨먹어 보려구요 회사인, 워킹맘 모두에게 꼭꼭 필요한 영양제네요",HIGH,False
148,15,칼마디앤K2,health-functional-food,뼈건강에 좋은 칼슘 마그네슘 비타민D를 하루 두알로 간편하게 권장량 섭취가 가능해서 좋았어요 아이둘 낳고 40대를 향해 열심히 달려가고 있는데 이제 뼈건강 영양제는 필수인거 같아요,HFF_MAPPED,간편,intake_convenience:convenient,intake_convenience,convenient,EXISTING_FACET,,,뼈건강에 좋은 칼슘 마그네슘 비타민D 뼈건강에 좋은 칼슘 마그네슘 비타민D를 하루 두알로 간편하게 권장량 섭취가 가능해서 좋았어요 아이둘 낳고 40대를 향해 열심히 달려가고 있는데 이제 뼈건강 영양제는 필수인거 같아요,HIGH,False
148,15,칼마디앤K2,health-functional-food,뼈건강에 좋은 칼슘 마그네슘 비타민D를 하루 두알로 간편하게 권장량 섭취가 가능해서 좋았어요 아이둘 낳고 40대를 향해 열심히 달려가고 있는데 이제 뼈건강 영양제는 필수인거 같아요,HFF_MAPPED,향,odor:odor,odor,odor,NEW_ALIAS,odor,odor,뼈건강에 좋은 칼슘 마그네슘 비타민D 뼈건강에 좋은 칼슘 마그네슘 비타민D를 하루 두알로 간편하게 권장량 섭취가 가능해서 좋았어요 아이둘 낳고 40대를 향해 열심히 달려가고 있는데 이제 뼈건강 영양제는 필수인거 같아요,HIGH,False
147,13,눈건강 루테인 지아잔틴 솔루션,health-functional-food,눈건강에 좋은 루테인 눈 라섹 후 건조함도 덜한거 같고 하루 폰사용량이 많은 편인데 눈 피로도가 덜한거 같아요 작은 알약으로 되어 있어서 섭취하기 편했어요,HFF_MAPPED,알약,product_form:tablet,product_form,tablet,EXISTING_FACET,,,눈건강에 좋은 루테인 눈 라섹 후 건 눈건강에 좋은 루테인 눈 라섹 후 건조함도 덜한거 같고 하루 폰사용량이 많은 편인데 눈 피로도가 덜한거 같아요 작은 알약으로 되어 있어서 섭취하기 편했어요,HIGH,False
147,13,눈건강 루테인 지아잔틴 솔루션,health-functional-food,눈건강에 좋은 루테인 눈 라섹 후 건조함도 덜한거 같고 하루 폰사용량이 많은 편인데 눈 피로도가 덜한거 같아요 작은 알약으로 되어 있어서 섭취하기 편했어요,HFF_MAPPED,작은 알,tablet_size:small,tablet_size,small,EXISTING_FACET,,,눈건강에 좋은 루테인 눈 라섹 후 건 눈건강에 좋은 루테인 눈 라섹 후 건조함도 덜한거 같고 하루 폰사용량이 많은 편인데 눈 피로도가 덜한거 같아요 작은 알약으로 되어 있어서 섭취하기 편했어요,HIGH,False
146,16,뉴트리미 오메가3 (500정),health-functional-food,오메가3 혈행건강이나 혈행순환에 좋은건 알지만 음식으로 섭취하기가 쉽지 않은데 비린 냄새도 없이 간편하게 섭취할 수 있어서 좋았어요 알약이 작아서 목넘김도 편했어요 꾸준히 섭취해서 건강 챙길께요 감사합니다,HFF_MAPPED,간편,intake_convenience:convenient,intake_convenience,convenient,EXISTING_FACET,,,오메가3 혈행건강이나 혈행순환에 좋은 오메가3 혈행건강이나 혈행순환에 좋은건 알지만 음식으로 섭취하기가 쉽지 않은데 비린 냄새도 없이 간편하게 섭취할 수 있어서 좋았어요 알약이 작아서 목넘김도 편했어요 꾸준히 섭취해서 건강 챙길께요 감사합니다,HIGH,False
146,16,뉴트리미 오메가3 (500정),health-functional-food,오메가3 혈행건강이나 혈행순환에 좋은건 알지만 음식으로 섭취하기가 쉽지 않은데 비린 냄새도 없이 간편하게 섭취할 수 있어서 좋았어요 알약이 작아서 목넘김도 편했어요 꾸준히 섭취해서 건강 챙길께요 감사합니다,HFF_MAPPED,비린,odor:fishy,odor,fishy,EXISTING_FACET,,,오메가3 혈행건강이나 혈행순환에 좋은 오메가3 혈행건강이나 혈행순환에 좋은건 알지만 음식으로 섭취하기가 쉽지 않은데 비린 냄새도 없이 간편하게 섭취할 수 있어서 좋았어요 알약이 작아서 목넘김도 편했어요 꾸준히 섭취해서 건강 챙길께요 감사합니다,HIGH,False
146,16,뉴트리미 오메가3 (500정),health-functional-food,오메가3 혈행건강이나 혈행순환에 좋은건 알지만 음식으로 섭취하기가 쉽지 않은데 비린 냄새도 없이 간편하게 섭취할 수 있어서 좋았어요 알약이 작아서 목넘김도 편했어요 꾸준히 섭취해서 건강 챙길께요 감사합니다,HFF_MAPPED,냄새,odor:odor,odor,odor,NEW_ALIAS,odor,odor,오메가3 혈행건강이나 혈행순환에 좋은 오메가3 혈행건강이나 혈행순환에 좋은건 알지만 음식으로 섭취하기가 쉽지 않은데 비린 냄새도 없이 간편하게 섭취할 수 있어서 좋았어요 알약이 작아서 목넘김도 편했어요 꾸준히 섭취해서 건강 챙길께요 감사합니다,HIGH,False
146,16,뉴트리미 오메가3 (500정),health-functional-food,오메가3 혈행건강이나 혈행순환에 좋은건 알지만 음식으로 섭취하기가 쉽지 않은데 비린 냄새도 없이 간편하게 섭취할 수 있어서 좋았어요 알약이 작아서 목넘김도 편했어요 꾸준히 섭취해서 건강 챙길께요 감사합니다,HFF_MAPPED,알약,product_form:tablet,product_form,tablet,EXISTING_FACET,,,오메가3 혈행건강이나 혈행순환에 좋은 오메가3 혈행건강이나 혈행순환에 좋은건 알지만 음식으로 섭취하기가 쉽지 않은데 비린 냄새도 없이 간편하게 섭취할 수 있어서 좋았어요 알약이 작아서 목넘김도 편했어요 꾸준히 섭취해서 건강 챙길께요 감사합니다,HIGH,False
146,16,뉴트리미 오메가3 (500정),health-functional-food,오메가3 혈행건강이나 혈행순환에 좋은건 알지만 음식으로 섭취하기가 쉽지 않은데 비린 냄새도 없이 간편하게 섭취할 수 있어서 좋았어요 알약이 작아서 목넘김도 편했어요 꾸준히 섭취해서 건강 챙길께요 감사합니다,HFF_MAPPED,목넘김,swallowability:easy,swallowability,easy,EXISTING_FACET,,,3 혈행건강이나 혈행순환에 좋은 오메가3 혈행건강이나 혈행순환에 좋은건 알지만 음식으로 섭취하기가 쉽지 않은데 비린 냄새도 없이 간편하게 섭취할 수 있어서 좋았어요 알약이 작아서 목넘김도 편했어요 꾸준히 섭취해서 건강 챙길께요 감사합니다,HIGH,False
145,134,뉴트리미 마이팩 하루 한 포 맞춤영양제,health-functional-food,다양한 영양제로 나의.상태에.맞게 먹을수가있어사 너무 좋은것같아요 영양제마다 설명이나 복용법도 잘 적혀있어 먹기도 쉽고 편리해요,HFF_MAPPED,,non_facet,,,NON_FACET,,,다양한 영양제로 나의.상태에.맞게 먹 다양한 영양제로 나의.상태에.맞게 먹을수가있어사 너무 좋은것같아요 영양제마다 설명이나 복용법도 잘 적혀있어 먹기도 쉽고 편리해요,LOW,False
144,134,뉴트리미 마이팩 하루 한 포 맞춤영양제,health-functional-food,알약크기가 크지않고 꿀떡 삼키기 너무 좋은 사이즈!! 3~4개 같이 꿀떡해도 부담스럽지않아서 너무 좋았어요!! 약통도 크지않아서 가방안에 넣기도 좋고 여러개 같이 먹어도 한방에 꿀떡 먹기 너무 좋아요♡ 종류도 11가지나 되니까 나한테 맞는 영양제 골라서 먹을수도있고 아주 마음에 들어요♡,HFF_MAPPED,알약,product_form:tablet,product_form,tablet,EXISTING_FACET,,,알약크기가 크지않고 꿀떡 삼키기 너무 알약크기가 크지않고 꿀떡 삼키기 너무 좋은 사이즈!! 3~4개 같이 꿀떡해도 부담스럽지않아서 너무 좋았어요!! 약통도 크지않아서 가방안에 넣기도,HIGH,False
144,134,뉴트리미 마이팩 하루 한 포 맞춤영양제,health-functional-food,알약크기가 크지않고 꿀떡 삼키기 너무 좋은 사이즈!! 3~4개 같이 꿀떡해도 부담스럽지않아서 너무 좋았어요!! 약통도 크지않아서 가방안에 넣기도 좋고 여러개 같이 먹어도 한방에 꿀떡 먹기 너무 좋아요♡ 종류도 11가지나 되니까 나한테 맞는 영양제 골라서 먹을수도있고 아주 마음에 들어요♡,HFF_MAPPED,삼키기,swallowability:easy,swallowability,easy,EXISTING_FACET,,,알약크기가 크지않고 꿀떡 삼키기 너무 알약크기가 크지않고 꿀떡 삼키기 너무 좋은 사이즈!! 3~4개 같이 꿀떡해도 부담스럽지않아서 너무 좋았어요!! 약통도 크지않아서 가방안에 넣기도 좋고 여러개 같이 먹어도 한,HIGH,False
143,134,뉴트리미 마이팩 하루 한 포 맞춤영양제,health-functional-food,알약 잘 삼키지 못하는데 알약도 작아서 좋았고 무엇보다 빠른배송과 정확한 성분표시가 너무 좋은것 같아요. 필요한 영양소가.들어간 영양제가 많아서 너무 좋아요!! 다음에 또 주문해야겠어요!!,HFF_MAPPED,성분,ingredient_inclusion:ingredient_mentioned,ingredient_inclusion,ingredient_mentioned,EXISTING_FACET,,,알약 잘 삼키지 못하는데 알약도 작아 알약 잘 삼키지 못하는데 알약도 작아서 좋았고 무엇보다 빠른배송과 정확한 성분표시가 너무 좋은것 같아요. 필요한 영양소가.들어간 영양제가 많아서 너무 좋아요!! 다음에 또 주문해야겠어요!!,HIGH,False
143,134,뉴트리미 마이팩 하루 한 포 맞춤영양제,health-functional-food,알약 잘 삼키지 못하는데 알약도 작아서 좋았고 무엇보다 빠른배송과 정확한 성분표시가 너무 좋은것 같아요. 필요한 영양소가.들어간 영양제가 많아서 너무 좋아요!! 다음에 또 주문해야겠어요!!,HFF_MAPPED,알약,product_form:tablet,product_form,tablet,EXISTING_FACET,,,알약 잘 삼키지 못하는데 알약도 작아 알약 잘 삼키지 못하는데 알약도 작아서 좋았고 무엇보다 빠른배송과 정확한 성분표시가 너무 좋은것 같아요. 필요한 영양소가.들어간 영양제가 많아서,HIGH,False
142,134,뉴트리미 마이팩 하루 한 포 맞춤영양제,health-functional-food,좋은제품 알게 되서 좋아요!,HFF_MAPPED,,non_facet,,,NON_FACET,,,좋은제품 알게 되서 좋아요! 좋은제품 알게 되서 좋아요!,LOW,False
141,15,칼마디앤K2,health-functional-food,"알약을 평소 잘 삼키지 못해 약 먹을 때마다 힘들어하는데 우선 칼슘&마그네슘&비타민D를 한번에 섭취할 수 있다는 점이 마음에 들었고, 알약 사이즈가 정말 목넘김에 지장없게 잘나왔더라구요! 한번에 두알씩이지만 하나씩 넘기는데 그래도 약먹는 시간이 많이 단축되어서 매우 만족합니다. 기존약들이 커서 손이 잘안가던 것을 이젠 요아이로 꾸준히 먹어보려해요!",HFF_MAPPED,알약,product_form:tablet,product_form,tablet,EXISTING_FACET,,,"알약을 평소 잘 삼키지 못해 약 먹을 알약을 평소 잘 삼키지 못해 약 먹을 때마다 힘들어하는데 우선 칼슘&마그네슘&비타민D를 한번에 섭취할 수 있다는 점이 마음에 들었고, 알약 사이즈",HIGH,False
141,15,칼마디앤K2,health-functional-food,"알약을 평소 잘 삼키지 못해 약 먹을 때마다 힘들어하는데 우선 칼슘&마그네슘&비타민D를 한번에 섭취할 수 있다는 점이 마음에 들었고, 알약 사이즈가 정말 목넘김에 지장없게 잘나왔더라구요! 한번에 두알씩이지만 하나씩 넘기는데 그래도 약먹는 시간이 많이 단축되어서 매우 만족합니다. 기존약들이 커서 손이 잘안가던 것을 이젠 요아이로 꾸준히 먹어보려해요!",HFF_MAPPED,목넘김,swallowability:easy,swallowability,easy,EXISTING_FACET,,,"잘 삼키지 못해 약 먹을 알약을 평소 잘 삼키지 못해 약 먹을 때마다 힘들어하는데 우선 칼슘&마그네슘&비타민D를 한번에 섭취할 수 있다는 점이 마음에 들었고, 알약 사이즈가 정말 목넘김에 지장없게 잘나왔더라구요! 한번에 두알씩이지만 하나씩 넘기는데 그래도 약먹는 시간이 많이 단축되어서 매우 만족합니다. 기존약들이 커서 손이 잘안가던 것을 이젠 요아이로 꾸준히 먹",HIGH,False
140,123,[마이팩] 뉴트리미 마이본팩,health-functional-food,칼마디 먹고나서 잠도 더 잘자고 아침에 일어날 때 좀 덜 피곤한 것 같아요 칼슘 마그네슘 비타민D를 한번에 섭취할 수 있어서 정말 간편해요,HFF_MAPPED,간편,intake_convenience:convenient,intake_convenience,convenient,EXISTING_FACET,,,칼마디 먹고나서 잠도 더 잘자고 아침 칼마디 먹고나서 잠도 더 잘자고 아침에 일어날 때 좀 덜 피곤한 것 같아요 칼슘 마그네슘 비타민D를 한번에 섭취할 수 있어서 정말 간편해요,HIGH,False
139,123,[마이팩] 뉴트리미 마이본팩,health-functional-food,칼슘 마그네슘 비타민D를 한번에 다 섭취할 수 있어서 넘 간편했어요 음식으로 미처 다 섭취하지 못한 부분들을 보충해줘서 좋았고 영양제먹고는 잠도 더 잘 자고 아침에 일어날 때 웬지 덜 피곤한 것 같아서 좋았습니다ㅎㅎ,HFF_MAPPED,간편,intake_convenience:convenient,intake_convenience,convenient,EXISTING_FACET,,,칼슘 마그네슘 비타민D를 한번에 다 칼슘 마그네슘 비타민D를 한번에 다 섭취할 수 있어서 넘 간편했어요 음식으로 미처 다 섭취하지 못한 부분들을 보충해줘서 좋았고 영양제먹고는 잠도 더 잘 자고 아침에 일어날 때 웬지 덜 피곤한 것 같아서 좋았습니다ㅎㅎ,HIGH,False
138,134,뉴트리미 마이팩 하루 한 포 맞춤영양제,health-functional-food,"뉴트리미 영양학 박사, 전문 영양사가 사람 개인에 신체적 특성이 맞춰 영양제도 맞춤으로 제공해준다는 점이 너무 좋았어요! 저는 오메가3 먼저 먹어봤는데 알이 작아서 먹기 편해서 그게 너무 좋았네요!! 뉴트리미의 가장 큰 특징이 상담을 원할 경우 예약하여 받을 수 있는점이잖아요 저도 나중에 남편 좀 상담 통해 남편에게 맞는 영양제 먹을 수 있도록 해주고",HFF_MAPPED,먹기 편,intake_convenience:convenient,intake_convenience,convenient,EXISTING_FACET,,,"전문 영양사가 뉴트리미 영양학 박사, 전문 영양사가 사람 개인에 신체적 특성이 맞춰 영양제도 맞춤으로 제공해준다는 점이 너무 좋았어요! 저는 오메가3 먼저 먹어봤는데 알이 작아서 먹기 편해서 그게 너무 좋았네요!! 뉴트리미의 가장 큰 특징이 상담을 원할 경우 예약하여 받을 수 있는점이잖아요 저도 나중에 남편 좀 상담 통해 남편에게 맞는 영양제 먹을 수 있도록 해주",HIGH,False
138,134,뉴트리미 마이팩 하루 한 포 맞춤영양제,health-functional-food,"뉴트리미 영양학 박사, 전문 영양사가 사람 개인에 신체적 특성이 맞춰 영양제도 맞춤으로 제공해준다는 점이 너무 좋았어요! 저는 오메가3 먼저 먹어봤는데 알이 작아서 먹기 편해서 그게 너무 좋았네요!! 뉴트리미의 가장 큰 특징이 상담을 원할 경우 예약하여 받을 수 있는점이잖아요 저도 나중에 남편 좀 상담 통해 남편에게 맞는 영양제 먹을 수 있도록 해주고",HFF_MAPPED,알이 작,tablet_size:small,tablet_size,small,EXISTING_FACET,,,"양학 박사, 전문 영양사가 뉴트리미 영양학 박사, 전문 영양사가 사람 개인에 신체적 특성이 맞춰 영양제도 맞춤으로 제공해준다는 점이 너무 좋았어요! 저는 오메가3 먼저 먹어봤는데 알이 작아서 먹기 편해서 그게 너무 좋았네요!! 뉴트리미의 가장 큰 특징이 상담을 원할 경우 예약하여 받을 수 있는점이잖아요 저도 나중에 남편 좀 상담 통해 남편에게 맞는 영양제 먹을 수",HIGH,False
137,134,뉴트리미 마이팩 하루 한 포 맞춤영양제,health-functional-food,"알이 작아서 너무 좋아요. 좋다는 영양제 여럿 먹어봤지만 알이 크고 먹고 나서 목에 걸려있는 느낌, 속쓰림등이 종종 있었는데요. 이 제품은 그런 증상이 전혀 없어서 꾸준히 먹을수 있을것 같아요",HFF_MAPPED,증상,medical_outcome,,,SUBJECTIVE_MEDICAL_OUTCOME,,,"알이 작아서 너무 좋아요. 알이 작아서 너무 좋아요. 좋다는 영양제 여럿 먹어봤지만 알이 크고 먹고 나서 목에 걸려있는 느낌, 속쓰림등이 종종 있었는데요. 이 제품은 그런 증상이 전혀 없어서 꾸준히 먹을수 있을것 같아요",HIGH,True
136,,,UNKNOWN,가장 큰장점은 가볍게 프로틴만 먹을수 있어서 좋습니다. 물이나 우유에 1포만 타서 가볍게 먹으면 든든해지네요. 다른 맛이 없어서서 깔끔해서 좋습니다. 자연방목프로틴이라서 아이들에게도 안심하고 먹일수 있어서 좋네요,UNMAPPED_REFERENCE,타서,mixability,,,NEW_FACET_CANDIDATE,mixability,,가장 큰장점은 가볍게 프로틴만 먹을 가장 큰장점은 가볍게 프로틴만 먹을수 있어서 좋습니다. 물이나 우유에 1포만 타서 가볍게 먹으면 든든해지네요. 다른 맛이 없어서서 깔끔해서 좋습니다. 자연방목프로틴이라서 아이들에게도 안심하고 먹일수 있어서 좋네요,MEDIUM,False
136,,,UNKNOWN,가장 큰장점은 가볍게 프로틴만 먹을수 있어서 좋습니다. 물이나 우유에 1포만 타서 가볍게 먹으면 든든해지네요. 다른 맛이 없어서서 깔끔해서 좋습니다. 자연방목프로틴이라서 아이들에게도 안심하고 먹일수 있어서 좋네요,UNMAPPED_REFERENCE,맛,taste:taste,taste,taste,NEW_ALIAS,taste,taste,가장 큰장점은 가볍게 프로틴만 먹을 가장 큰장점은 가볍게 프로틴만 먹을수 있어서 좋습니다. 물이나 우유에 1포만 타서 가볍게 먹으면 든든해지네요. 다른 맛이 없어서서 깔끔해서 좋습니다. 자연방목프로틴이라서 아이들에게도 안심하고 먹일수 있어서 좋네요,HIGH,False
135,16,뉴트리미 오메가3 (500정),health-functional-food,"너무너무 감사히 잘받았습니다 오메가3가 정말필요했고 어디제품을 먹어야할지 고민하던찰나 여기 접하게되었고, 감사하게 체험팩이있어 감사하게도 먹어볼수도있었답니다!! 다른 제품도 더먹고 느껴보고싶은마음이 큽니다~~ 앞으로도 잘부탁드려요",HFF_MAPPED,,non_facet,,,NON_FACET,,,"너무너무 감사히 잘받았습니다 오메가3 너무너무 감사히 잘받았습니다 오메가3가 정말필요했고 어디제품을 먹어야할지 고민하던찰나 여기 접하게되었고, 감사하게 체험팩이있어 감사하게도 먹어볼수도있었답니다!! 다른 제품도 더먹고 느껴보고싶은마음이 큽니다~~ 앞으로도 잘부탁드려요",LOW,False
134,15,칼마디앤K2,health-functional-food,"제약업계 현장에서 근무하고 있는제가 직접 선택한 뉴트리미영양제7가지 영양제 멀티비타민 &미네랄, 칼슐&마그네슘&비타민D, 코엔자임Q10캡슐, 오메가3, 테아닌, 루테인, 전립선건강 저와 이쁜 와이프의 건강을 지켜주는 최고의 영양제 입니다 We know supply chain 원료와 원료사를 아는 진정한 전문성 Less additives 첨가",HFF_MAPPED,원료,ingredient_inclusion:ingredient_mentioned,ingredient_inclusion,ingredient_mentioned,EXISTING_FACET,,,"칼슐&마그네슘&비타민D, 코엔자임Q10캡슐, 오메가3, 테아닌, 루테인, 전립선건강 저와 이쁜 와이프의 건강을 지켜주는 최고의 영양제 입니다 We know supply chain 원료와 원료사를 아는 진정한 전문성 Less additives 첨가",HIGH,False
134,15,칼마디앤K2,health-functional-food,"제약업계 현장에서 근무하고 있는제가 직접 선택한 뉴트리미영양제7가지 영양제 멀티비타민 &미네랄, 칼슐&마그네슘&비타민D, 코엔자임Q10캡슐, 오메가3, 테아닌, 루테인, 전립선건강 저와 이쁜 와이프의 건강을 지켜주는 최고의 영양제 입니다 We know supply chain 원료와 원료사를 아는 진정한 전문성 Less additives 첨가",HFF_MAPPED,캡슐,product_form:capsule,product_form,capsule,EXISTING_FACET,,,"제약업계 현장에서 근무하고 있는제가 제약업계 현장에서 근무하고 있는제가 직접 선택한 뉴트리미영양제7가지 영양제 멀티비타민 &미네랄, 칼슐&마그네슘&비타민D, 코엔자임Q10캡슐, 오메가3, 테아닌, 루테인, 전립선건강 저와 이쁜 와이프의 건강을 지켜주는 최고의 영양제 입니다 We know supply chain 원료와 원료사를 아는 진정한 전문성 Les",HIGH,False
133,134,뉴트리미 마이팩 하루 한 포 맞춤영양제,health-functional-food,약 크기가 크지 않아서 먹기 너무 편리했어요~ 선물용으로도 넘 좋을거 같아요! 다양한 종류의 제품으로 건강관리 할수 있어서 추천드려요~^^,HFF_MAPPED,선물,non_facet,,,NON_FACET,,,약 크기가 크지 않아서 먹기 너무 편 약 크기가 크지 않아서 먹기 너무 편리했어요~ 선물용으로도 넘 좋을거 같아요! 다양한 종류의 제품으로 건강관리 할수 있어서 추천드려요~^^,LOW,False
132,134,뉴트리미 마이팩 하루 한 포 맞춤영양제,health-functional-food,약 크기가 크지 않아서 먹기 너무 편리했어요~ 선물용으로도 넘 좋을거 같아요! 다양한 종류의 제품으로 건강관리 할수 있어서 추천드려요~^^,HFF_MAPPED,선물,non_facet,,,NON_FACET,,,약 크기가 크지 않아서 먹기 너무 편 약 크기가 크지 않아서 먹기 너무 편리했어요~ 선물용으로도 넘 좋을거 같아요! 다양한 종류의 제품으로 건강관리 할수 있어서 추천드려요~^^,LOW,False
131,134,뉴트리미 마이팩 하루 한 포 맞춤영양제,health-functional-food,약 크기가 크지 않아서 먹기 너무 편리했어요~ 다양한 종류의 제품으로 건강관리 할수 있어서 추천드려요~^^,HFF_MAPPED,,non_facet,,,NON_FACET,,,약 크기가 크지 않아서 먹기 너무 편 약 크기가 크지 않아서 먹기 너무 편리했어요~ 다양한 종류의 제품으로 건강관리 할수 있어서 추천드려요~^^,LOW,False
130,134,뉴트리미 마이팩 하루 한 포 맞춤영양제,health-functional-food,약 크기가 크지 않아서 먹기 너무 편리했어요~ 다양한 종류의 제품으로 건강관리 할수 있어서 추천드려요~^^,HFF_MAPPED,,non_facet,,,NON_FACET,,,약 크기가 크지 않아서 먹기 너무 편 약 크기가 크지 않아서 먹기 너무 편리했어요~ 다양한 종류의 제품으로 건강관리 할수 있어서 추천드려요~^^,LOW,False
129,134,뉴트리미 마이팩 하루 한 포 맞춤영양제,health-functional-food,약 크기가 크지 않아서 먹기 너무 편리했어요~ 다양한 종류의 제품으로 건강관리 할수 있어서 추천드려요~^^,HFF_MAPPED,,non_facet,,,NON_FACET,,,약 크기가 크지 않아서 먹기 너무 편 약 크기가 크지 않아서 먹기 너무 편리했어요~ 다양한 종류의 제품으로 건강관리 할수 있어서 추천드려요~^^,LOW,False
128,134,뉴트리미 마이팩 하루 한 포 맞춤영양제,health-functional-food,약 크기가 크지 않아서 먹기 너무 편리했어요~ 다양한 종류의 제품으로 건강관리 할수 있어서 추천드려요~^^,HFF_MAPPED,,non_facet,,,NON_FACET,,,약 크기가 크지 않아서 먹기 너무 편 약 크기가 크지 않아서 먹기 너무 편리했어요~ 다양한 종류의 제품으로 건강관리 할수 있어서 추천드려요~^^,LOW,False
127,134,뉴트리미 마이팩 하루 한 포 맞춤영양제,health-functional-food,약 크기가 크지 않아서 먹기 너무 편리했어요~ 다양한 종류의 제품으로 건강관리 할수 있어서 추천드려요~^^,HFF_MAPPED,,non_facet,,,NON_FACET,,,약 크기가 크지 않아서 먹기 너무 편 약 크기가 크지 않아서 먹기 너무 편리했어요~ 다양한 종류의 제품으로 건강관리 할수 있어서 추천드려요~^^,LOW,False
126,134,뉴트리미 마이팩 하루 한 포 맞춤영양제,health-functional-food,약 크기가 크지 않아서 먹기 너무 편리했어요~ 다양한 종류의 제품으로 건강관리 할수 있어서 추천드려요~^^,HFF_MAPPED,,non_facet,,,NON_FACET,,,약 크기가 크지 않아서 먹기 너무 편 약 크기가 크지 않아서 먹기 너무 편리했어요~ 다양한 종류의 제품으로 건강관리 할수 있어서 추천드려요~^^,LOW,False
125,134,뉴트리미 마이팩 하루 한 포 맞춤영양제,health-functional-food,약 크기가 크지 않아서 먹기 너무 편리했어요~ 다양한 종류의 제품으로 건강관리 할수 있어서 추천드려요~^^,HFF_MAPPED,,non_facet,,,NON_FACET,,,약 크기가 크지 않아서 먹기 너무 편 약 크기가 크지 않아서 먹기 너무 편리했어요~ 다양한 종류의 제품으로 건강관리 할수 있어서 추천드려요~^^,LOW,False
124,134,뉴트리미 마이팩 하루 한 포 맞춤영양제,health-functional-food,약 크기가 크지 않아서 먹기 너무 편리했어요~ 다양한 종류의 제품으로 건강관리 할수 있어서 추천드려요~^^,HFF_MAPPED,,non_facet,,,NON_FACET,,,약 크기가 크지 않아서 먹기 너무 편 약 크기가 크지 않아서 먹기 너무 편리했어요~ 다양한 종류의 제품으로 건강관리 할수 있어서 추천드려요~^^,LOW,False
123,123,[마이팩] 뉴트리미 마이본팩,health-functional-food,1일1정이라는 간편함과 목넘김이 편안해서 더 찾게되는 제품이에요. 영양제 챙겨먹는거 별거 아닌데 하루4알씩 먹어야하고 목넘김 불편하면 그거 방치하는 지름길 이더라고요ㅠ.ㅠ 그런게 없으니 더 비교되고 더 찾아먹게 됩니다. 13종의 비타민과 3종의 미네랄을 함께 섭취 할 수 있는 제품인데 제가 딱 가 1알로 들어있는 영양제만,HFF_MAPPED,1일,intake_frequency,,,NEW_FACET_CANDIDATE,intake_frequency,,1일1정이라는 간편함과 목넘김이 편안 1일1정이라는 간편함과 목넘김이 편안해서 더 찾게되는 제품이에요. 영양제 챙겨먹는거 별거 아닌데 하루4알씩 먹어야하고 목넘김 불편하면 그거 방치하,MEDIUM,False
123,123,[마이팩] 뉴트리미 마이본팩,health-functional-food,1일1정이라는 간편함과 목넘김이 편안해서 더 찾게되는 제품이에요. 영양제 챙겨먹는거 별거 아닌데 하루4알씩 먹어야하고 목넘김 불편하면 그거 방치하는 지름길 이더라고요ㅠ.ㅠ 그런게 없으니 더 비교되고 더 찾아먹게 됩니다. 13종의 비타민과 3종의 미네랄을 함께 섭취 할 수 있는 제품인데 제가 딱 가 1알로 들어있는 영양제만,HFF_MAPPED,간편,intake_convenience:convenient,intake_convenience,convenient,EXISTING_FACET,,,1일1정이라는 간편함과 목넘김이 편안 1일1정이라는 간편함과 목넘김이 편안해서 더 찾게되는 제품이에요. 영양제 챙겨먹는거 별거 아닌데 하루4알씩 먹어야하고 목넘김 불편하면 그거 방치하는 지름길 이더,HIGH,False
123,123,[마이팩] 뉴트리미 마이본팩,health-functional-food,1일1정이라는 간편함과 목넘김이 편안해서 더 찾게되는 제품이에요. 영양제 챙겨먹는거 별거 아닌데 하루4알씩 먹어야하고 목넘김 불편하면 그거 방치하는 지름길 이더라고요ㅠ.ㅠ 그런게 없으니 더 비교되고 더 찾아먹게 됩니다. 13종의 비타민과 3종의 미네랄을 함께 섭취 할 수 있는 제품인데 제가 딱 가 1알로 들어있는 영양제만,HFF_MAPPED,챙겨,intake_convenience:convenient,intake_convenience,convenient,EXISTING_FACET,,,1일1정이라는 간편함과 목넘김이 편안 1일1정이라는 간편함과 목넘김이 편안해서 더 찾게되는 제품이에요. 영양제 챙겨먹는거 별거 아닌데 하루4알씩 먹어야하고 목넘김 불편하면 그거 방치하는 지름길 이더라고요ㅠ.ㅠ 그런게 없으니 더 비교되고 더 찾아먹게 됩니다. 13종의 비타민과 3종의 미네랄을 함,HIGH,False
123,123,[마이팩] 뉴트리미 마이본팩,health-functional-food,1일1정이라는 간편함과 목넘김이 편안해서 더 찾게되는 제품이에요. 영양제 챙겨먹는거 별거 아닌데 하루4알씩 먹어야하고 목넘김 불편하면 그거 방치하는 지름길 이더라고요ㅠ.ㅠ 그런게 없으니 더 비교되고 더 찾아먹게 됩니다. 13종의 비타민과 3종의 미네랄을 함께 섭취 할 수 있는 제품인데 제가 딱 가 1알로 들어있는 영양제만,HFF_MAPPED,목넘김,swallowability:easy,swallowability,easy,EXISTING_FACET,,,1일1정이라는 간편함과 목넘김이 편안 1일1정이라는 간편함과 목넘김이 편안해서 더 찾게되는 제품이에요. 영양제 챙겨먹는거 별거 아닌데 하루4알씩 먹어야하고 목넘김 불편하면 그거 방치하는 지름길 이더라고요ㅠ.ㅠ,HIGH,False
122,134,뉴트리미 마이팩 하루 한 포 맞춤영양제,health-functional-food,"뉴트리미 영양제가 공통으로 만족스러웠던 점! 1) 적당한크기 타 영양제들은 크기가 커서 먹다가 걸려서 이물감이 느껴져 손이 안가는 경우도 있었는데, 뉴트리미 영양제들은 크기가 적당해서 목넘김에 불편함이 없었어요. 2) 합리적인 가격 & 적당한 분량 1~2개월 분의 적당한 분량을 합리적인 가격에 파는 곳이라 좋았어요. 개봉하는 순간부터 산",HFF_MAPPED,개봉,opening_convenience,,,NEW_FACET_CANDIDATE,opening_convenience,,"었는데, 뉴트리미 영양제들은 크기가 적당해서 목넘김에 불편함이 없었어요. 2) 합리적인 가격 & 적당한 분량 1~2개월 분의 적당한 분량을 합리적인 가격에 파는 곳이라 좋았어요. 개봉하는 순간부터 산",MEDIUM,False
122,134,뉴트리미 마이팩 하루 한 포 맞춤영양제,health-functional-food,"뉴트리미 영양제가 공통으로 만족스러웠던 점! 1) 적당한크기 타 영양제들은 크기가 커서 먹다가 걸려서 이물감이 느껴져 손이 안가는 경우도 있었는데, 뉴트리미 영양제들은 크기가 적당해서 목넘김에 불편함이 없었어요. 2) 합리적인 가격 & 적당한 분량 1~2개월 분의 적당한 분량을 합리적인 가격에 파는 곳이라 좋았어요. 개봉하는 순간부터 산",HFF_MAPPED,목넘김,swallowability:easy,swallowability,easy,EXISTING_FACET,,,"미 영양제가 공통으로 만족스러웠던 점! 1) 적당한크기 타 영양제들은 크기가 커서 먹다가 걸려서 이물감이 느껴져 손이 안가는 경우도 있었는데, 뉴트리미 영양제들은 크기가 적당해서 목넘김에 불편함이 없었어요. 2) 합리적인 가격 & 적당한 분량 1~2개월 분의 적당한 분량을 합리적인 가격에 파는 곳이라 좋았어요. 개봉하는 순간부터 산",HIGH,False
121,18,쏘팔메토옥타코사놀11520,health-functional-food,전립선건강 로르산(쏘팔메토 열매 추출물) 70mg 접립선건강에 도움을 주는 영양제로 성인 남성만 먹으라고 쓰여있네요! :) 워낙 적립선 건강에 쏘팔메토가 유명하다보니까 ..! 저는 남자친구 챙겨주려고 선택했어요. 뉴트리미 영양제가 공통으로 만족스러웠던 점! 1) 적당한크기 타 영양제들은 크기가 커서 먹다가 걸려서 이물감이 느껴져 손,HFF_MAPPED,챙겨,intake_convenience:convenient,intake_convenience,convenient,EXISTING_FACET,,,로르산(쏘팔메토 열매 추출물) 70mg 접립선건강에 도움을 주는 영양제로 성인 남성만 먹으라고 쓰여있네요! :) 워낙 적립선 건강에 쏘팔메토가 유명하다보니까 ..! 저는 남자친구 챙겨주려고 선택했어요. 뉴트리미 영양제가 공통으로 만족스러웠던 점! 1) 적당한크기 타 영양제들은 크기가 커서 먹다가 걸려서 이물감이 느껴져 손,HIGH,False
120,20,간건강 밀크씨슬,health-functional-food,밀크씨슬 실리마린 130mg 간기능 개선에 좋은 영양제로 유명해서 선택했어요. 피로는 간떄문이니까요... Non-GMO 인증받은 폴란드산 밀크씨슬 씨앗을 사용했다고해서 더 마음놓고 먹을 수 있었어요. 뉴트리미 영양제가 공통으로 만족스러웠던 점! 1) 적당한크기 타 영양제들은 크기가 커서 먹다가 걸려서 이물감이 느껴져 손이 안가는 경,HFF_MAPPED,개선,medical_outcome,,,SUBJECTIVE_MEDICAL_OUTCOME,,,밀크씨슬 실리마린 130mg 밀크씨슬 실리마린 130mg 간기능 개선에 좋은 영양제로 유명해서 선택했어요. 피로는 간떄문이니까요... Non-GMO 인증받은 폴란드산 밀크씨슬 씨앗을 사용했다고해서 더 마음놓고 먹을 수 있었어요. 뉴트리미 영양제가,HIGH,True
119,134,뉴트리미 마이팩 하루 한 포 맞춤영양제,health-functional-food,"칼슘 마그네슘 비타민D 칼슘 233mg, 마그네슘 105mg, 비타민D 3.3ug 체내 흡수율이 좋도록 황금 비율로 제작되어 있어서 영양제를 처음 시작하는 분들이라면 요렇게 일명 칼마디를 한번에 해결할 수 있는 영양제도 좋을 것 같아요. 뉴트리미 영양제가 공통으로 만족스러웠던 점! 1) 적당한크기 타 영양제들은 크기가 커서 먹다",HFF_MAPPED,,non_facet,,,NON_FACET,,,"칼슘 마그네슘 비타민D 칼슘 마그네슘 비타민D 칼슘 233mg, 마그네슘 105mg, 비타민D 3.3ug 체내 흡수율이 좋도록 황금 비율로 제작되어 있어서 영양제를 처음 시작하는 분들이라면 요렇게 일명 칼마디를 한번에 해결할 수 있는 영양제도 좋을 것 같아요. 뉴트리미 영양제가 공통으로 만족스러웠던 점! 1) 적당한크기 타 영양제들은 크기가 커서 먹다",LOW,False
118,21,뉴트리미 테아닌,health-functional-food,"테아닌 200mg 스트레스 완화에 도움을 주는 영양제에요. 뇌파 중 안정감을 느끼게하는 알파파를 증가시켜준다고해서 선택했어요. 바쁘게 현대를 살아가는 많은 분들께 필요한 영양제가 아닐지.. 뉴트리미 영양제가 공통으로 만족스러웠던 점! 1) 적당한크기 타 영양제들은 크기가 커서 먹다가 걸려서 이물감이 느껴져 손이 안가는 경우도 있었는데,",HFF_MAPPED,완화,medical_outcome,,,SUBJECTIVE_MEDICAL_OUTCOME,,,테아닌 200mg 스트 테아닌 200mg 스트레스 완화에 도움을 주는 영양제에요. 뇌파 중 안정감을 느끼게하는 알파파를 증가시켜준다고해서 선택했어요. 바쁘게 현대를 살아가는 많은 분들께 필요한 영양제가 아닐지.. 뉴트리미 영양제가 공,HIGH,True
117,16,뉴트리미 오메가3 (500정),health-functional-food,"오메가3 EPA&DHA합 500mg rTG형 오메가3로 자연 형태와 가장 유사한 분자구조로 체내 흡수, 생체 이용에 용이한 형태라 좋았어요. rTG형 오메가3는 대부분 엄청 비싸던데 합리적인 가격이라 더 좋았네요. 천연 페퍼민트오일이 함유되어있어서 오메가3 먹고 난 뒤 특유의 비린내()가 안나서 만족했어요. (오메가3 영양제 큰거 정말 힘들어요",HFF_MAPPED,비린내,odor:fishy,odor,fishy,EXISTING_FACET,,,"수, 생체 이용에 용이한 형태라 좋았어요. rTG형 오메가3는 대부분 엄청 비싸던데 합리적인 가격이라 더 좋았네요. 천연 페퍼민트오일이 함유되어있어서 오메가3 먹고 난 뒤 특유의 비린내()가 안나서 만족했어요. (오메가3 영양제 큰거 정말 힘들어요",HIGH,False
117,16,뉴트리미 오메가3 (500정),health-functional-food,"오메가3 EPA&DHA합 500mg rTG형 오메가3로 자연 형태와 가장 유사한 분자구조로 체내 흡수, 생체 이용에 용이한 형태라 좋았어요. rTG형 오메가3는 대부분 엄청 비싸던데 합리적인 가격이라 더 좋았네요. 천연 페퍼민트오일이 함유되어있어서 오메가3 먹고 난 뒤 특유의 비린내()가 안나서 만족했어요. (오메가3 영양제 큰거 정말 힘들어요",HFF_MAPPED,비린,odor:fishy,odor,fishy,EXISTING_FACET,,,"수, 생체 이용에 용이한 형태라 좋았어요. rTG형 오메가3는 대부분 엄청 비싸던데 합리적인 가격이라 더 좋았네요. 천연 페퍼민트오일이 함유되어있어서 오메가3 먹고 난 뒤 특유의 비린내()가 안나서 만족했어요. (오메가3 영양제 큰거 정말 힘들어요",HIGH,False
116,13,눈건강 루테인 지아잔틴 솔루션,health-functional-food,"루테인 10mg Non-GMO 인증을 받은 마리골드꽃추출물이 주 원료라 안심했어요. 체내 합성이 잘 안되는 루테인을 일일권장량(10mg)에 맞게 섭취할 수 있어서 좋았어요. 뉴트리미 영양제가 공통으로 만족스러웠던 점! 1) 적당한크기 타 영양제들은 크기가 커서 먹다가 걸려서 이물감이 느껴져 손이 안가는 경우도 있었는데, 뉴",HFF_MAPPED,원료,ingredient_inclusion:ingredient_mentioned,ingredient_inclusion,ingredient_mentioned,EXISTING_FACET,,,루테인 10mg 루테인 10mg Non-GMO 인증을 받은 마리골드꽃추출물이 주 원료라 안심했어요. 체내 합성이 잘 안되는 루테인을 일일권장량(10mg)에 맞게 섭취할 수 있어서 좋았어요. 뉴트리미 영양제가 공통으로 만족스러웠던 점! 1) 적당한크기 타 영양제들은,HIGH,False
115,17,혈압밸런스 코엔자임 Q10,health-functional-food,"코엔자임Q10 100mg 에너지를 생성하는 중요한 성분이기도하고, 항산화 작용을 통해 건강에 도움 된다고해서 선택했어요. 항산화 때문인지 피부미용을 생각하시는 분들도 많이 드시더라구요. 뉴트리미 영양제가 공통으로 만족스러웠던 점! 1) 적당한크기 타 영양제들은 크기가 커서 먹다가 걸려서 이물감이 느껴져 손이 안가는 경우도 있었는데,",HFF_MAPPED,성분,ingredient_inclusion:ingredient_mentioned,ingredient_inclusion,ingredient_mentioned,EXISTING_FACET,,,"코엔자임Q10 100mg 코엔자임Q10 100mg 에너지를 생성하는 중요한 성분이기도하고, 항산화 작용을 통해 건강에 도움 된다고해서 선택했어요. 항산화 때문인지 피부미용을 생각하시는 분들도 많이 드시더라구요. 뉴트리미 영양제가 공통으로 만족스러웠던 점! 1",HIGH,False
114,14,올인원 멀티비타민 밸런스,health-functional-food,멀티비타민&미네랄 비타민 13종과 미네랄 3종 모두 1일 최대 권장 섭취량 100% 충족한 양을 한번에 섭취할 수 있어서 좋네요. 각각의 함량과 원료사와 원산지도 모두 밝히고 있어서 더 안심하고 먹을 수 있었어요. 뉴트리미 영양제가 공통으로 만족스러웠던 점! 1) 적당한크기 타 영양제들은 크기가 커서 먹다가 걸려서 이물감이 느껴져 손,HFF_MAPPED,1일,intake_frequency,,,NEW_FACET_CANDIDATE,intake_frequency,,멀티비타민&미네랄 멀티비타민&미네랄 비타민 13종과 미네랄 3종 모두 1일 최대 권장 섭취량 100% 충족한 양을 한번에 섭취할 수 있어서 좋네요. 각각의 함량과 원료사와 원산지도 모두 밝히고 있어서 더 안심하고 먹을 수 있었어요. 뉴트리미 영양제가 공,MEDIUM,False
114,14,올인원 멀티비타민 밸런스,health-functional-food,멀티비타민&미네랄 비타민 13종과 미네랄 3종 모두 1일 최대 권장 섭취량 100% 충족한 양을 한번에 섭취할 수 있어서 좋네요. 각각의 함량과 원료사와 원산지도 모두 밝히고 있어서 더 안심하고 먹을 수 있었어요. 뉴트리미 영양제가 공통으로 만족스러웠던 점! 1) 적당한크기 타 영양제들은 크기가 커서 먹다가 걸려서 이물감이 느껴져 손,HFF_MAPPED,원료,ingredient_inclusion:ingredient_mentioned,ingredient_inclusion,ingredient_mentioned,EXISTING_FACET,,,멀티비타민&미네랄 멀티비타민&미네랄 비타민 13종과 미네랄 3종 모두 1일 최대 권장 섭취량 100% 충족한 양을 한번에 섭취할 수 있어서 좋네요. 각각의 함량과 원료사와 원산지도 모두 밝히고 있어서 더 안심하고 먹을 수 있었어요. 뉴트리미 영양제가 공통으로 만족스러웠던 점! 1) 적당한크기 타 영양제들은 크기가 커서 먹다가 걸려서 이물감이 느,HIGH,False
114,14,올인원 멀티비타민 밸런스,health-functional-food,멀티비타민&미네랄 비타민 13종과 미네랄 3종 모두 1일 최대 권장 섭취량 100% 충족한 양을 한번에 섭취할 수 있어서 좋네요. 각각의 함량과 원료사와 원산지도 모두 밝히고 있어서 더 안심하고 먹을 수 있었어요. 뉴트리미 영양제가 공통으로 만족스러웠던 점! 1) 적당한크기 타 영양제들은 크기가 커서 먹다가 걸려서 이물감이 느껴져 손,HFF_MAPPED,함량,ingredient_inclusion:ingredient_mentioned,ingredient_inclusion,ingredient_mentioned,EXISTING_FACET,,,멀티비타민&미네랄 멀티비타민&미네랄 비타민 13종과 미네랄 3종 모두 1일 최대 권장 섭취량 100% 충족한 양을 한번에 섭취할 수 있어서 좋네요. 각각의 함량과 원료사와 원산지도 모두 밝히고 있어서 더 안심하고 먹을 수 있었어요. 뉴트리미 영양제가 공통으로 만족스러웠던 점! 1) 적당한크기 타 영양제들은 크기가 커서 먹다가 걸려서 이물,HIGH,False
113,17,혈압밸런스 코엔자임 Q10,health-functional-food,진짜 작은사이즈라 먹기편해요 남편이 특히 혈압 미리관리하고파서 먹는게 코엔자임 큐텐이라 더 유심히 첑겼네요.,HFF_MAPPED,혈압,medical_outcome,,,SUBJECTIVE_MEDICAL_OUTCOME,,,진짜 작은사이즈라 먹기편해요 진짜 작은사이즈라 먹기편해요 남편이 특히 혈압 미리관리하고파서 먹는게 코엔자임 큐텐이라 더 유심히 첑겼네요.,HIGH,True
112,16,뉴트리미 오메가3 (500정),health-functional-food,알약 크기에 비해 영양분은 가득하고 목넘김이 부담스럽지 않고 건강을 챙길 수 있는 좋은 기회였던거 같아요 ~~~ 건강은 잃기 전에 건강을 챙겨야 할 걸 느끼게 해준 시간이었어요,HFF_MAPPED,챙겨,intake_convenience:convenient,intake_convenience,convenient,EXISTING_FACET,,,알약 크기에 비해 영양분은 가득하고 알약 크기에 비해 영양분은 가득하고 목넘김이 부담스럽지 않고 건강을 챙길 수 있는 좋은 기회였던거 같아요 ~~~ 건강은 잃기 전에 건강을 챙겨야 할 걸 느끼게 해준 시간이었어요,HIGH,False
112,16,뉴트리미 오메가3 (500정),health-functional-food,알약 크기에 비해 영양분은 가득하고 목넘김이 부담스럽지 않고 건강을 챙길 수 있는 좋은 기회였던거 같아요 ~~~ 건강은 잃기 전에 건강을 챙겨야 할 걸 느끼게 해준 시간이었어요,HFF_MAPPED,알약,product_form:tablet,product_form,tablet,EXISTING_FACET,,,알약 크기에 비해 영양분은 가득하고 알약 크기에 비해 영양분은 가득하고 목넘김이 부담스럽지 않고 건강을 챙길 수 있는 좋은 기회였던거 같아요 ~~~ 건강은 잃기 전에 건강을 챙겨야 할,HIGH,False
112,16,뉴트리미 오메가3 (500정),health-functional-food,알약 크기에 비해 영양분은 가득하고 목넘김이 부담스럽지 않고 건강을 챙길 수 있는 좋은 기회였던거 같아요 ~~~ 건강은 잃기 전에 건강을 챙겨야 할 걸 느끼게 해준 시간이었어요,HFF_MAPPED,목넘김,swallowability:easy,swallowability,easy,EXISTING_FACET,,,알약 크기에 비해 영양분은 가득하고 알약 크기에 비해 영양분은 가득하고 목넘김이 부담스럽지 않고 건강을 챙길 수 있는 좋은 기회였던거 같아요 ~~~ 건강은 잃기 전에 건강을 챙겨야 할 걸 느끼게 해준 시간이었어요,HIGH,False
111,16,뉴트리미 오메가3 (500정),health-functional-food,콜레스테롤 수치가 높아서 오메가3 먹고 싶어도 캡슐이 크고 비려서 좀 꺼려지고 있는것도 잘 안먹게 되더라고요 뉴트리미 오메가3는 캡슐 사이즈가 작아서 목넘김도 쉽고 오메가3 특유의 비릿한 맛이 없어서 너무 좋아요 좋은 원료에 불필요한 첨가물이 없어서 맘에 듭니다~,HFF_MAPPED,콜레스테롤,medical_outcome,,,SUBJECTIVE_MEDICAL_OUTCOME,,,콜레스테롤 수치가 높아서 오메가3 먹 콜레스테롤 수치가 높아서 오메가3 먹고 싶어도 캡슐이 크고 비려서 좀 꺼려지고 있는것도 잘 안먹게 되더라고요 뉴트리미 오메가3는 캡슐 사이즈가 작아서,HIGH,True
110,20,간건강 밀크씨슬,health-functional-food,남편이 40대 되니 전립선 건강이 안좋은것 같아서 챙겨주려고요~ 쏘팔메토 워낙 전립선 건강에 좋다고 알려져있으니 도움되길 바랍니다 정제가 작아서 목넘김도 좋고 뉴트리미 제품들 가성비가 좋아서 부담없고 너무 좋아요,HFF_MAPPED,챙겨,intake_convenience:convenient,intake_convenience,convenient,EXISTING_FACET,,,남편이 40대 되니 전립선 건강이 안 남편이 40대 되니 전립선 건강이 안좋은것 같아서 챙겨주려고요~ 쏘팔메토 워낙 전립선 건강에 좋다고 알려져있으니 도움되길 바랍니다 정제가 작아서 목넘김도 좋고 뉴트리미 제품들 가성비가 좋아서 부담없고 너무 좋아요,HIGH,False
110,20,간건강 밀크씨슬,health-functional-food,남편이 40대 되니 전립선 건강이 안좋은것 같아서 챙겨주려고요~ 쏘팔메토 워낙 전립선 건강에 좋다고 알려져있으니 도움되길 바랍니다 정제가 작아서 목넘김도 좋고 뉴트리미 제품들 가성비가 좋아서 부담없고 너무 좋아요,HFF_MAPPED,정제,product_form:tablet,product_form,tablet,EXISTING_FACET,,,남편이 40대 되니 전립선 건강이 안 남편이 40대 되니 전립선 건강이 안좋은것 같아서 챙겨주려고요~ 쏘팔메토 워낙 전립선 건강에 좋다고 알려져있으니 도움되길 바랍니다 정제가 작아서 목넘김도 좋고 뉴트리미 제품들 가성비가 좋아서 부담없고 너무 좋아요,HIGH,False
110,20,간건강 밀크씨슬,health-functional-food,남편이 40대 되니 전립선 건강이 안좋은것 같아서 챙겨주려고요~ 쏘팔메토 워낙 전립선 건강에 좋다고 알려져있으니 도움되길 바랍니다 정제가 작아서 목넘김도 좋고 뉴트리미 제품들 가성비가 좋아서 부담없고 너무 좋아요,HFF_MAPPED,목넘김,swallowability:easy,swallowability,easy,EXISTING_FACET,,,이 40대 되니 전립선 건강이 안 남편이 40대 되니 전립선 건강이 안좋은것 같아서 챙겨주려고요~ 쏘팔메토 워낙 전립선 건강에 좋다고 알려져있으니 도움되길 바랍니다 정제가 작아서 목넘김도 좋고 뉴트리미 제품들 가성비가 좋아서 부담없고 너무 좋아요,HIGH,False
109,14,올인원 멀티비타민 밸런스,health-functional-food,육아하다보니 식사도 불규칙하고 잘 못챙겨먹다보니 피곤하고 활력이 너무 떨어져서 멀티비타민이라도 챙겨먹어야겠다 싶어 먹어봤어요 한 알만 먹어도 필요한 비타민 미네랄들을 충족할 수 있어서 좋네요 알 크기도 작아서 삼키기도 좋고 가격도 착해서 부담없이 건강 챙기기 좋아요!,HFF_MAPPED,챙겨,intake_convenience:convenient,intake_convenience,convenient,EXISTING_FACET,,,육아하다보니 식사도 불규칙하고 잘 못 육아하다보니 식사도 불규칙하고 잘 못챙겨먹다보니 피곤하고 활력이 너무 떨어져서 멀티비타민이라도 챙겨먹어야겠다 싶어 먹어봤어요 한 알만 먹어도 필요한 비타민 미네랄들을 충족할 수 있어서 좋네요 알 크기도 작아서 삼키기도,HIGH,False
109,14,올인원 멀티비타민 밸런스,health-functional-food,육아하다보니 식사도 불규칙하고 잘 못챙겨먹다보니 피곤하고 활력이 너무 떨어져서 멀티비타민이라도 챙겨먹어야겠다 싶어 먹어봤어요 한 알만 먹어도 필요한 비타민 미네랄들을 충족할 수 있어서 좋네요 알 크기도 작아서 삼키기도 좋고 가격도 착해서 부담없이 건강 챙기기 좋아요!,HFF_MAPPED,삼키기,swallowability:easy,swallowability,easy,EXISTING_FACET,,,잘 못챙겨먹다보니 피곤하고 활력이 너무 떨어져서 멀티비타민이라도 챙겨먹어야겠다 싶어 먹어봤어요 한 알만 먹어도 필요한 비타민 미네랄들을 충족할 수 있어서 좋네요 알 크기도 작아서 삼키기도 좋고 가격도 착해서 부담없이 건강 챙기기 좋아요!,HIGH,False
108,123,[마이팩] 뉴트리미 마이본팩,health-functional-food,골감소증이 있어서 칼슘 비타민D 챙겨먹는데 칼마디를 한번에 간편하게 섭취할 수 있어서 좋아요 용기도 콤팩트하니 좋고 알약 큰거 잘 못삼키는데 정제가 작아서 목넘김이 편해서 먹기 수월해요 가격도 착해서 부담없네요~,HFF_MAPPED,간편,intake_convenience:convenient,intake_convenience,convenient,EXISTING_FACET,,,골감소증이 있어서 칼슘 비타민D 챙겨 골감소증이 있어서 칼슘 비타민D 챙겨먹는데 칼마디를 한번에 간편하게 섭취할 수 있어서 좋아요 용기도 콤팩트하니 좋고 알약 큰거 잘 못삼키는데 정제가 작아서 목넘김이 편해서 먹기 수월해요 가격도 착해서 부담없네요~,HIGH,False
108,123,[마이팩] 뉴트리미 마이본팩,health-functional-food,골감소증이 있어서 칼슘 비타민D 챙겨먹는데 칼마디를 한번에 간편하게 섭취할 수 있어서 좋아요 용기도 콤팩트하니 좋고 알약 큰거 잘 못삼키는데 정제가 작아서 목넘김이 편해서 먹기 수월해요 가격도 착해서 부담없네요~,HFF_MAPPED,챙겨,intake_convenience:convenient,intake_convenience,convenient,EXISTING_FACET,,,골감소증이 있어서 칼슘 비타민D 챙겨 골감소증이 있어서 칼슘 비타민D 챙겨먹는데 칼마디를 한번에 간편하게 섭취할 수 있어서 좋아요 용기도 콤팩트하니 좋고 알약 큰거 잘 못삼키는데 정제가 작아서 목넘김이 편해서 먹기,HIGH,False
108,123,[마이팩] 뉴트리미 마이본팩,health-functional-food,골감소증이 있어서 칼슘 비타민D 챙겨먹는데 칼마디를 한번에 간편하게 섭취할 수 있어서 좋아요 용기도 콤팩트하니 좋고 알약 큰거 잘 못삼키는데 정제가 작아서 목넘김이 편해서 먹기 수월해요 가격도 착해서 부담없네요~,HFF_MAPPED,알약,product_form:tablet,product_form,tablet,EXISTING_FACET,,,골감소증이 있어서 칼슘 비타민D 챙겨 골감소증이 있어서 칼슘 비타민D 챙겨먹는데 칼마디를 한번에 간편하게 섭취할 수 있어서 좋아요 용기도 콤팩트하니 좋고 알약 큰거 잘 못삼키는데 정제가 작아서 목넘김이 편해서 먹기 수월해요 가격도 착해서 부담없네요~,HIGH,False
108,123,[마이팩] 뉴트리미 마이본팩,health-functional-food,골감소증이 있어서 칼슘 비타민D 챙겨먹는데 칼마디를 한번에 간편하게 섭취할 수 있어서 좋아요 용기도 콤팩트하니 좋고 알약 큰거 잘 못삼키는데 정제가 작아서 목넘김이 편해서 먹기 수월해요 가격도 착해서 부담없네요~,HFF_MAPPED,정제,product_form:tablet,product_form,tablet,EXISTING_FACET,,,골감소증이 있어서 칼슘 비타민D 챙겨 골감소증이 있어서 칼슘 비타민D 챙겨먹는데 칼마디를 한번에 간편하게 섭취할 수 있어서 좋아요 용기도 콤팩트하니 좋고 알약 큰거 잘 못삼키는데 정제가 작아서 목넘김이 편해서 먹기 수월해요 가격도 착해서 부담없네요~,HIGH,False
108,123,[마이팩] 뉴트리미 마이본팩,health-functional-food,골감소증이 있어서 칼슘 비타민D 챙겨먹는데 칼마디를 한번에 간편하게 섭취할 수 있어서 좋아요 용기도 콤팩트하니 좋고 알약 큰거 잘 못삼키는데 정제가 작아서 목넘김이 편해서 먹기 수월해요 가격도 착해서 부담없네요~,HFF_MAPPED,목넘김,swallowability:easy,swallowability,easy,EXISTING_FACET,,,서 칼슘 비타민D 챙겨 골감소증이 있어서 칼슘 비타민D 챙겨먹는데 칼마디를 한번에 간편하게 섭취할 수 있어서 좋아요 용기도 콤팩트하니 좋고 알약 큰거 잘 못삼키는데 정제가 작아서 목넘김이 편해서 먹기 수월해요 가격도 착해서 부담없네요~,HIGH,False
107,16,뉴트리미 오메가3 (500정),health-functional-food,알약 삼키기 힘든데 크기가 작아서 목넘김이 좋았습니다. 좋은 원료사의 제품으로 만드신것 같아서 믿음이 가요. 잘 챙겨먹으면 더 건강해질것 같아서 기대됩니당^^,HFF_MAPPED,원료,ingredient_inclusion:ingredient_mentioned,ingredient_inclusion,ingredient_mentioned,EXISTING_FACET,,,알약 삼키기 힘든데 크기가 작아서 목 알약 삼키기 힘든데 크기가 작아서 목넘김이 좋았습니다. 좋은 원료사의 제품으로 만드신것 같아서 믿음이 가요. 잘 챙겨먹으면 더 건강해질것 같아서 기대됩니당^^,HIGH,False
107,16,뉴트리미 오메가3 (500정),health-functional-food,알약 삼키기 힘든데 크기가 작아서 목넘김이 좋았습니다. 좋은 원료사의 제품으로 만드신것 같아서 믿음이 가요. 잘 챙겨먹으면 더 건강해질것 같아서 기대됩니당^^,HFF_MAPPED,챙겨,intake_convenience:convenient,intake_convenience,convenient,EXISTING_FACET,,,알약 삼키기 힘든데 크기가 작아서 목 알약 삼키기 힘든데 크기가 작아서 목넘김이 좋았습니다. 좋은 원료사의 제품으로 만드신것 같아서 믿음이 가요. 잘 챙겨먹으면 더 건강해질것 같아서 기대됩니당^^,HIGH,False
107,16,뉴트리미 오메가3 (500정),health-functional-food,알약 삼키기 힘든데 크기가 작아서 목넘김이 좋았습니다. 좋은 원료사의 제품으로 만드신것 같아서 믿음이 가요. 잘 챙겨먹으면 더 건강해질것 같아서 기대됩니당^^,HFF_MAPPED,알약,product_form:tablet,product_form,tablet,EXISTING_FACET,,,알약 삼키기 힘든데 크기가 작아서 목 알약 삼키기 힘든데 크기가 작아서 목넘김이 좋았습니다. 좋은 원료사의 제품으로 만드신것 같아서 믿음이 가요. 잘 챙겨먹으면 더 건강해질것 같아서,HIGH,False
107,16,뉴트리미 오메가3 (500정),health-functional-food,알약 삼키기 힘든데 크기가 작아서 목넘김이 좋았습니다. 좋은 원료사의 제품으로 만드신것 같아서 믿음이 가요. 잘 챙겨먹으면 더 건강해질것 같아서 기대됩니당^^,HFF_MAPPED,목넘김,swallowability:easy,swallowability,easy,EXISTING_FACET,,,알약 삼키기 힘든데 크기가 작아서 목 알약 삼키기 힘든데 크기가 작아서 목넘김이 좋았습니다. 좋은 원료사의 제품으로 만드신것 같아서 믿음이 가요. 잘 챙겨먹으면 더 건강해질것 같아서 기대됩니당^^,HIGH,False
107,16,뉴트리미 오메가3 (500정),health-functional-food,알약 삼키기 힘든데 크기가 작아서 목넘김이 좋았습니다. 좋은 원료사의 제품으로 만드신것 같아서 믿음이 가요. 잘 챙겨먹으면 더 건강해질것 같아서 기대됩니당^^,HFF_MAPPED,삼키기,swallowability:easy,swallowability,easy,EXISTING_FACET,,,알약 삼키기 힘든데 크기가 작아서 목 알약 삼키기 힘든데 크기가 작아서 목넘김이 좋았습니다. 좋은 원료사의 제품으로 만드신것 같아서 믿음이 가요. 잘 챙겨먹으면 더 건강해질것 같아서 기대됩니,HIGH,False
106,13,눈건강 루테인 지아잔틴 솔루션,health-functional-food,부모님 선물하려고 구입했어요 루테인은 나이들면 무조건 먹어야하는 영양제라고 하더라구요 부담없는 가격이거 패키지도 이뻐서 선물하기 딱입니다,HFF_MAPPED,가격,non_facet,,,NON_FACET,,,부모님 선물하려고 구입했어요 부모님 선물하려고 구입했어요 루테인은 나이들면 무조건 먹어야하는 영양제라고 하더라구요 부담없는 가격이거 패키지도 이뻐서 선물하기 딱입니다,LOW,False
105,,,UNKNOWN,갱년기 여성들에게 활력을 주는 영양제라고 해서 엄마 선물용으로 준비했어요 아빠에게는 루테인을 주고 부모님께 선물하려구요 패키지도 이쁘고 알약 크기도 작아서 부모님 좋아하실거같아요,UNMAPPED_REFERENCE,알약,product_form:tablet,product_form,tablet,EXISTING_FACET,,,갱년기 여성들에게 활력을 주는 영양제 갱년기 여성들에게 활력을 주는 영양제라고 해서 엄마 선물용으로 준비했어요 아빠에게는 루테인을 주고 부모님께 선물하려구요 패키지도 이쁘고 알약 크기도 작아서 부모님 좋아하실거같아요,HIGH,False
104,20,간건강 밀크씨슬,health-functional-food,남편이 야근도 많고 술을 자주 마셔서 남편선물용으로 주문했어요 뉴트리미 포장도 종이로만 해주시고 패키지도 이뻐서 산물용으로도 마음에 들어요,HFF_MAPPED,포장,packaging:packaging,packaging,packaging,EXISTING_FACET,,,남편이 야근도 많고 술을 자주 마셔서 남편이 야근도 많고 술을 자주 마셔서 남편선물용으로 주문했어요 뉴트리미 포장도 종이로만 해주시고 패키지도 이뻐서 산물용으로도 마음에 들어요,HIGH,False
103,21,뉴트리미 테아닌,health-functional-food,스트레스 많이 받는 직장인 학생들에게 좋다고 해서 주문했어요 긴장완화 심신안정에 도움을 준데요 패키지도 이쁘고 부담없이 삼킬수있는 사이즈에요,HFF_MAPPED,완화,medical_outcome,,,SUBJECTIVE_MEDICAL_OUTCOME,,,스트레스 많이 받는 직장인 학생들에게 스트레스 많이 받는 직장인 학생들에게 좋다고 해서 주문했어요 긴장완화 심신안정에 도움을 준데요 패키지도 이쁘고 부담없이 삼킬수있는 사이즈에요,HIGH,True
102,26,비타민D 2000IU,health-functional-food,부모님 선물 드리려고해요 우리나라 사람이 비타민D가 특히 부족하다고 하는데 채우려구요 그리고 뼈튼튼하게 하는데 도움이 된다고 해서요 타블렛 크기도 작아 만족입니다,HFF_MAPPED,선물,non_facet,,,NON_FACET,,,부모님 선물 드리려고해요 우리나라 사 부모님 선물 드리려고해요 우리나라 사람이 비타민D가 특히 부족하다고 하는데 채우려구요 그리고 뼈튼튼하게 하는데 도움이 된다고 해서요 타블렛 크기도 작아 만족입니다,LOW,False
101,16,뉴트리미 오메가3 (500정),health-functional-food,원래 먹던 오메가3이 있는데 알약이 커서 삼키기 힘들었어요 뉴트리미는 딱 먹기 좋은 사이즈에요 작은생선이나 노르웨이 고등어 유가 들어있는게 좋다고 해서 구입했습니다,HFF_MAPPED,알약,product_form:tablet,product_form,tablet,EXISTING_FACET,,,원래 먹던 오메가3이 있는데 알약이 원래 먹던 오메가3이 있는데 알약이 커서 삼키기 힘들었어요 뉴트리미는 딱 먹기 좋은 사이즈에요 작은생선이나 노르웨이 고등어 유가 들어있는게 좋다고 해서 구입했습니다,HIGH,False
101,16,뉴트리미 오메가3 (500정),health-functional-food,원래 먹던 오메가3이 있는데 알약이 커서 삼키기 힘들었어요 뉴트리미는 딱 먹기 좋은 사이즈에요 작은생선이나 노르웨이 고등어 유가 들어있는게 좋다고 해서 구입했습니다,HFF_MAPPED,삼키기,swallowability:easy,swallowability,easy,EXISTING_FACET,,,원래 먹던 오메가3이 있는데 알약이 원래 먹던 오메가3이 있는데 알약이 커서 삼키기 힘들었어요 뉴트리미는 딱 먹기 좋은 사이즈에요 작은생선이나 노르웨이 고등어 유가 들어있는게 좋다고 해서 구입했습니다,HIGH,False
100,16,뉴트리미 오메가3 (500정),health-functional-food,가득 주문해서 건강해질 예정이에요 제가 알약이 굵으면 삼키는거 어려워하는 사람인데 넘기기 딱 좋은 사이즈에요 성능도 꼼꼼히 비교하고 선택했어요,HFF_MAPPED,알약,product_form:tablet,product_form,tablet,EXISTING_FACET,,,가득 주문해서 건강해질 예정이에요 가득 주문해서 건강해질 예정이에요 제가 알약이 굵으면 삼키는거 어려워하는 사람인데 넘기기 딱 좋은 사이즈에요 성능도 꼼꼼히 비교하고 선택했어요,HIGH,False
100,16,뉴트리미 오메가3 (500정),health-functional-food,가득 주문해서 건강해질 예정이에요 제가 알약이 굵으면 삼키는거 어려워하는 사람인데 넘기기 딱 좋은 사이즈에요 성능도 꼼꼼히 비교하고 선택했어요,HFF_MAPPED,넘기기,swallowability:easy,swallowability,easy,EXISTING_FACET,,,가득 주문해서 건강해질 예정이에요 가득 주문해서 건강해질 예정이에요 제가 알약이 굵으면 삼키는거 어려워하는 사람인데 넘기기 딱 좋은 사이즈에요 성능도 꼼꼼히 비교하고 선택했어요,HIGH,False
99,14,올인원 멀티비타민 밸런스,health-functional-food,"좋은기회로 체험단에 당첨되서 뉴트리미 비타민들을 복용할 수 있게 되었습니다! 보통 비타민들 크기가 커서 한번에 여러개 복욕하는데 목에 걸리고 불편한 점이 많은데,, 뉴트리미 비타민같은 경우 대부분의 알약들이 새끼손톱정도 크기고 여러개를 한번에 복용해도 전혀 목에 걸리지 않는다는 점이 정말 좋았어요!! 그리고 비타민들이 많아서 복용방법과 비타민들",HFF_MAPPED,알약,product_form:tablet,product_form,tablet,EXISTING_FACET,,,"당첨되서 뉴트리미 비타민들을 복용할 수 있게 되었습니다! 보통 비타민들 크기가 커서 한번에 여러개 복욕하는데 목에 걸리고 불편한 점이 많은데,, 뉴트리미 비타민같은 경우 대부분의 알약들이 새끼손톱정도 크기고 여러개를 한번에 복용해도 전혀 목에 걸리지 않는다는 점이 정말 좋았어요!! 그리고 비타민들이 많아서 복용방법과 비타민들",HIGH,False
98,1,"뉴트리미 에센셜 팩, 1개 150정(30포)",health-functional-food,계속 재구매 중입니다 좋아용~,HFF_MAPPED,재구매,non_facet,,,NON_FACET,,,계속 재구매 중입니다 좋 계속 재구매 중입니다 좋아용~,LOW,False
97,13,눈건강 루테인 지아잔틴 솔루션,health-functional-food,루테인은 피부가 노래질 수 있어 많이 먹어도 부담인데 10mg이라 안심스러워요~ 정말 작고 맘에 들어요~,HFF_MAPPED,,non_facet,,,NON_FACET,,,루테인은 피부가 노래질 수 있어 많이 루테인은 피부가 노래질 수 있어 많이 먹어도 부담인데 10mg이라 안심스러워요~ 정말 작고 맘에 들어요~,LOW,False
96,17,혈압밸런스 코엔자임 Q10,health-functional-food,코엔자임 좋아용!!!!:-) 원료가 미국산 코셔인증이니 아니 독일산 아마씨유까지 ㅎ 좋은 제품 감사합니당~~,HFF_MAPPED,원료,ingredient_inclusion:ingredient_mentioned,ingredient_inclusion,ingredient_mentioned,EXISTING_FACET,,,코엔자임 좋아용!!!!:-) 원료가 코엔자임 좋아용!!!!:-) 원료가 미국산 코셔인증이니 아니 독일산 아마씨유까지 ㅎ 좋은 제품 감사합니당~~,HIGH,False
95,16,뉴트리미 오메가3 (500정),health-functional-food,오메가3 정말정말 작고 페퍼민트오일이 들어서인지 냄새 없어요~ EPA를 먹으려면 어류 오메가가 필요하니 ㅎ 진짜 잘 먹겠습니당 ㅎ,HFF_MAPPED,냄새,odor:odor,odor,odor,NEW_ALIAS,odor,odor,오메가3 정말정말 작고 페퍼민트오일이 오메가3 정말정말 작고 페퍼민트오일이 들어서인지 냄새 없어요~ EPA를 먹으려면 어류 오메가가 필요하니 ㅎ 진짜 잘 먹겠습니당 ㅎ,HIGH,False
94,134,뉴트리미 마이팩 하루 한 포 맞춤영양제,health-functional-food,"마이팩 간편해요~ 멀티비타민 구성도 알차요! 뼈가 좋은 비타민 K까지 들어있고 눈에 좋은 비타민 A도 들어있네요~ 8가지 B와 C, D, 항산화에 좋은 아연, 구리, 셀렌까지 모두 100%씩 있네용~~아, 젊은 남녀가 꼭 챙겨 먹어야할 엽산은 200% ㅎㅎ",HFF_MAPPED,간편,intake_convenience:convenient,intake_convenience,convenient,EXISTING_FACET,,,"마이팩 간편해요~ 멀티비타민 구성도 마이팩 간편해요~ 멀티비타민 구성도 알차요! 뼈가 좋은 비타민 K까지 들어있고 눈에 좋은 비타민 A도 들어있네요~ 8가지 B와 C, D, 항산화에 좋은 아",HIGH,False
94,134,뉴트리미 마이팩 하루 한 포 맞춤영양제,health-functional-food,"마이팩 간편해요~ 멀티비타민 구성도 알차요! 뼈가 좋은 비타민 K까지 들어있고 눈에 좋은 비타민 A도 들어있네요~ 8가지 B와 C, D, 항산화에 좋은 아연, 구리, 셀렌까지 모두 100%씩 있네용~~아, 젊은 남녀가 꼭 챙겨 먹어야할 엽산은 200% ㅎㅎ",HFF_MAPPED,챙겨,intake_convenience:convenient,intake_convenience,convenient,EXISTING_FACET,,,"뼈가 좋은 비타민 K까지 들어있고 눈에 좋은 비타민 A도 들어있네요~ 8가지 B와 C, D, 항산화에 좋은 아연, 구리, 셀렌까지 모두 100%씩 있네용~~아, 젊은 남녀가 꼭 챙겨 먹어야할 엽산은 200% ㅎㅎ",HIGH,False
93,134,뉴트리미 마이팩 하루 한 포 맞춤영양제,health-functional-food,강남차병원에서 오래 계셨던 선생님이시고 상담이 정말 친절했어요~~ 일반 식사할 때도 잘 참고할께용,HFF_MAPPED,,non_facet,,,NON_FACET,,,강남차병원에서 오래 계셨던 선생님이시 강남차병원에서 오래 계셨던 선생님이시고 상담이 정말 친절했어요~~ 일반 식사할 때도 잘 참고할께용,LOW,False
92,134,뉴트리미 마이팩 하루 한 포 맞춤영양제,health-functional-food,간편하게 손이 가는 영양제예요!,HFF_MAPPED,간편,intake_convenience:convenient,intake_convenience,convenient,EXISTING_FACET,,,간편하게 손이 가는 영양제예요! 간편하게 손이 가는 영양제예요!,HIGH,False
91,134,뉴트리미 마이팩 하루 한 포 맞춤영양제,health-functional-food,먹기도 편하고 모든 성분이 최고네요 내몸에도 잘 맞아서 건강해지는 느낌입니다,HFF_MAPPED,성분,ingredient_inclusion:ingredient_mentioned,ingredient_inclusion,ingredient_mentioned,EXISTING_FACET,,,먹기도 편하고 모든 성분이 최고네요 먹기도 편하고 모든 성분이 최고네요 내몸에도 잘 맞아서 건강해지는 느낌입니다,HIGH,False
90,134,뉴트리미 마이팩 하루 한 포 맞춤영양제,health-functional-food,굿 넘 좋아요. 매일 매일 건강해집니다.,HFF_MAPPED,,non_facet,,,NON_FACET,,,굿 넘 좋아요. 매일 매일 건강해집니 굿 넘 좋아요. 매일 매일 건강해집니다.,LOW,False
89,1,"뉴트리미 에센셜 팩, 1개 150정(30포)",health-functional-food,몸이 좋아지는걸 느껴요,HFF_MAPPED,,non_facet,,,NON_FACET,,,몸이 좋아지는걸 느껴요 몸이 좋아지는걸 느껴요,LOW,False
88,1,"뉴트리미 에센셜 팩, 1개 150정(30포)",health-functional-food,에션셜팩 복용후 피곤함이없고 활력이생기며 약크기가작아 위에부담이 없어요 뉴트라미 굿입니다,HFF_MAPPED,,non_facet,,,NON_FACET,,,에션셜팩 복용후 피곤함이없고 활력이 에션셜팩 복용후 피곤함이없고 활력이생기며 약크기가작아 위에부담이 없어요 뉴트라미 굿입니다,LOW,False
87,16,뉴트리미 오메가3 (500정),health-functional-food,먹기 편하며 전반적으로 만족도가 높습니다.,HFF_MAPPED,먹기 편,intake_convenience:convenient,intake_convenience,convenient,EXISTING_FACET,,,먹기 편하며 전반적으로 만족도가 높습 먹기 편하며 전반적으로 만족도가 높습니다.,HIGH,False
86,,,UNKNOWN,"평소에 뉴트리미 제품 꾸준히 먹고 있는데, 물병 나와서 주문해보았어요 ^^ 상세 사진이 없어서 뚜껑이 어떻게 되어있는 지 몰랐는데 믿고 구매했어요 :) 제가 프로바이오텍트랑 멀티비타민 오메가3이렇게 자주 먹는데, 딱 세가지 담아서 다닐 수 있어서 좋아요 !!! 사진이라도 보시고 다른 분들 구매하라고 이렇게 포토 후기 남겨요 ~!",UNMAPPED_REFERENCE,뚜껑,opening_convenience,,,NEW_FACET_CANDIDATE,opening_convenience,,"평소에 뉴트리미 제품 꾸준히 먹고 있 평소에 뉴트리미 제품 꾸준히 먹고 있는데, 물병 나와서 주문해보았어요 ^^ 상세 사진이 없어서 뚜껑이 어떻게 되어있는 지 몰랐는데 믿고 구매했어요 :) 제가 프로바이오텍트랑 멀티비타민 오메가3이렇게 자주 먹는데, 딱 세가지 담아서 다닐 수 있어서 좋아요 !!! 사진이라도 보시고",MEDIUM,False
85,74,뉴트리미 에센셜 X 칼마디K2 세트,health-functional-food,매번 주문하는 제품이예요 선물해도 만족도 높고 애용합니다,HFF_MAPPED,선물,non_facet,,,NON_FACET,,,매번 주문하는 제품이예요 매번 주문하는 제품이예요 선물해도 만족도 높고 애용합니다,LOW,False
84,20,간건강 밀크씨슬,health-functional-food,추천받아 먹어봅니다 효과있길!!,HFF_MAPPED,효과,medical_outcome,,,SUBJECTIVE_MEDICAL_OUTCOME,,,추천받아 먹어봅니다 효과 추천받아 먹어봅니다 효과있길!!,HIGH,True
83,16,뉴트리미 오메가3 (500정),health-functional-food,아이도 부담없이 먹을수있고 효과또한 좋아요,HFF_MAPPED,효과,medical_outcome,,,SUBJECTIVE_MEDICAL_OUTCOME,,,아이도 부담없이 먹을수있고 효과또한 아이도 부담없이 먹을수있고 효과또한 좋아요,HIGH,True
82,14,올인원 멀티비타민 밸런스,health-functional-food,어린이가 먹어도 정말좋아요 앞으로꾸준히 유산균과 오메가3랑함께 먹일생각입니다,HFF_MAPPED,,non_facet,,,NON_FACET,,,어린이가 먹어도 정말좋아요 앞으로꾸준 어린이가 먹어도 정말좋아요 앞으로꾸준히 유산균과 오메가3랑함께 먹일생각입니다,LOW,False
81,,,UNKNOWN,이벤트상품과 함께 재구매했어요. 좋은 제품 만들어주셔서 감사~^^,UNMAPPED_REFERENCE,재구매,non_facet,,,NON_FACET,,,이벤트상품과 함께 재구매했어요. 이벤트상품과 함께 재구매했어요. 좋은 제품 만들어주셔서 감사~^^,LOW,False
80,1,"뉴트리미 에센셜 팩, 1개 150정(30포)",health-functional-food,친정엄마가 늘 찾으셔서 구매했어요. 영양제 사드려도 챙겨드시다 마는데 에센셜팩은 한 포에 복용이 가능해서 꼭 꼭 잘드셔요. 안드신날과 드신날의 컨디션이 다르다고 하세요. 드시고 다음날 아침 붓지 않고 한 결 가볍다고 하시더라고요. 에센셜팩 최고!!,HFF_MAPPED,챙겨,intake_convenience:convenient,intake_convenience,convenient,EXISTING_FACET,,,친정엄마가 늘 찾으셔서 구매했어요. 친정엄마가 늘 찾으셔서 구매했어요. 영양제 사드려도 챙겨드시다 마는데 에센셜팩은 한 포에 복용이 가능해서 꼭 꼭 잘드셔요. 안드신날과 드신날의 컨디션이 다르다고 하세요. 드시고 다음날 아침 붓지 않고 한 결 가볍다고 하시더라고요. 에센,HIGH,False
79,13,눈건강 루테인 지아잔틴 솔루션,health-functional-food,믿고 구매하고 먹는 뉴트리미 사랑해요! 건조했던 눈이 부드럽게 개선되는 효과가 있어서 꾸준히 먹고싶어요!,HFF_MAPPED,개선,medical_outcome,,,SUBJECTIVE_MEDICAL_OUTCOME,,,믿고 구매하고 먹는 뉴트리미 사랑해요 믿고 구매하고 먹는 뉴트리미 사랑해요! 건조했던 눈이 부드럽게 개선되는 효과가 있어서 꾸준히 먹고싶어요!,HIGH,True
78,1,"뉴트리미 에센셜 팩, 1개 150정(30포)",health-functional-food,"일단 배송이 엄청 빨랐구요, 알이 진짜 진짜 쪼꼬만해요 !!! 지인분 추천으로 이 브랜드 알게되어서 그냥 저한테 필요한 비타민 주문했어용",HFF_MAPPED,배송,non_facet,,,NON_FACET,,,"일단 배송이 엄청 빨랐구요, 알이 진 일단 배송이 엄청 빨랐구요, 알이 진짜 진짜 쪼꼬만해요 !!! 지인분 추천으로 이 브랜드 알게되어서 그냥 저한테 필요한 비타민 주문했어용",LOW,False
77,16,뉴트리미 오메가3 (500정),health-functional-food,매일 회사에 출근하다본 햇빛 받을 일이 적어서 원래 먹는 오메가3 시키는 김에 같이 구매해봤어요 오메가는 정기구독해서 꾸준히 먹어왔던지라 비타민d도 효과 있는 거 같으면 정기구독할 예정이에요,HFF_MAPPED,효과,medical_outcome,,,SUBJECTIVE_MEDICAL_OUTCOME,,,사에 출근하다본 햇빛 받을 일 매일 회사에 출근하다본 햇빛 받을 일이 적어서 원래 먹는 오메가3 시키는 김에 같이 구매해봤어요 오메가는 정기구독해서 꾸준히 먹어왔던지라 비타민d도 효과 있는 거 같으면 정기구독할 예정이에요,HIGH,True
76,16,뉴트리미 오메가3 (500정),health-functional-food,타사 제품에 비해 오메가3 사이즈가 작아서 먹기 너무 편했어요 항상 사이즈 큰 오메가 먹다가 구역질 했었는데 ㅋㅋㅋ 그리구 새로나온 비타민d도 같이 주문했는데 오메가보다 더 작은게 귀엽네요,HFF_MAPPED,,non_facet,,,NON_FACET,,,타사 제품에 비해 오메가3 사이즈가 타사 제품에 비해 오메가3 사이즈가 작아서 먹기 너무 편했어요 항상 사이즈 큰 오메가 먹다가 구역질 했었는데 ㅋㅋㅋ 그리구 새로나온 비타민d도 같이 주문했는데 오메가보다 더 작은게 귀엽네요,LOW,False
75,17,혈압밸런스 코엔자임 Q10,health-functional-food,한 달 복용 후 재구매 의사 100%입니다 잠을 잘 자고 어지럼증도 현저히 줄었습니다,HFF_MAPPED,재구매,non_facet,,,NON_FACET,,,한 달 복용 후 재구매 의사 100% 한 달 복용 후 재구매 의사 100%입니다 잠을 잘 자고 어지럼증도 현저히 줄었습니다,LOW,False
74,116,[마이팩] 뉴트리미 하이key팩,health-functional-food,"1. 알이 작아서 목 넘김이 쉽다 2. 디자인이 너무 예쁘다 3. 여러가지 영양제를 한꺼번에 한 포로 해결가능해서 편리하다. 여러가지 영양제를 먹어봤지만, 이렇게 섭취가 편한 제품은 없었던것 같아요! 섭취 후, 당연히 다음날 아침이 개운해지는 효과까지 있으니 꾸준히 구매 중입니다.",HFF_MAPPED,효과,medical_outcome,,,SUBJECTIVE_MEDICAL_OUTCOME,,,"여러가지 영양제를 한꺼번에 한 포로 해결가능해서 편리하다. 여러가지 영양제를 먹어봤지만, 이렇게 섭취가 편한 제품은 없었던것 같아요! 섭취 후, 당연히 다음날 아침이 개운해지는 효과까지 있으니 꾸준히 구매 중입니다.",HIGH,True
73,20,간건강 밀크씨슬,health-functional-food,좋아요~,HFF_MAPPED,,non_facet,,,NON_FACET,,,좋아요~ 좋아요~,LOW,False
72,13,눈건강 루테인 지아잔틴 솔루션,health-functional-food,선물하려고 주문했어요 받으신 분도 맘에 든다고 좋아하셨구요,HFF_MAPPED,선물,non_facet,,,NON_FACET,,,선물하려고 주문했어요 받 선물하려고 주문했어요 받으신 분도 맘에 든다고 좋아하셨구요,LOW,False
71,21,뉴트리미 테아닌,health-functional-food,매우좋음,HFF_MAPPED,,non_facet,,,NON_FACET,,,매우좋음 매우좋음,LOW,False
70,20,간건강 밀크씨슬,health-functional-food,아주 좋아요~~ 항상잊지않고 챙겨먹었더니 많이 건강이 좋아졌어요~~ 감사히 생각하고 있읍니다~~,HFF_MAPPED,챙겨,intake_convenience:convenient,intake_convenience,convenient,EXISTING_FACET,,,아주 좋아요~~ 항상잊지 아주 좋아요~~ 항상잊지않고 챙겨먹었더니 많이 건강이 좋아졌어요~~ 감사히 생각하고 있읍니다~~,HIGH,False
69,22,뉴트리미 프로바이오텍트 플러스 이뮨,health-functional-food,계속 재구매해서 먹는 중입니다~,HFF_MAPPED,재구매,non_facet,,,NON_FACET,,,계속 재구매해서 먹는 중입니다~ 계속 재구매해서 먹는 중입니다~,LOW,False
68,13,눈건강 루테인 지아잔틴 솔루션,health-functional-food,"제가 먹으려는 건 아니었고 아버지 사다드렸는데, 매일 잘 드시고 계시네요 ㅎㅎ 배송도 빠르고 좋습니다",HFF_MAPPED,배송,non_facet,,,NON_FACET,,,"제가 먹으려는 건 아니었고 아버지 사 제가 먹으려는 건 아니었고 아버지 사다드렸는데, 매일 잘 드시고 계시네요 ㅎㅎ 배송도 빠르고 좋습니다",LOW,False
67,18,쏘팔메토옥타코사놀11520,health-functional-food,처음 출시되고 거의 바로 지인이 선물해줘서 먹구 제가 2번 주문해서 먹었어요. 꾸준히 먹으니 효과가 있는 거 같네요,HFF_MAPPED,효과,medical_outcome,,,SUBJECTIVE_MEDICAL_OUTCOME,,,처음 출시되고 거의 바로 지인이 선물 처음 출시되고 거의 바로 지인이 선물해줘서 먹구 제가 2번 주문해서 먹었어요. 꾸준히 먹으니 효과가 있는 거 같네요,HIGH,True
66,17,혈압밸런스 코엔자임 Q10,health-functional-food,너~무 좋아요~` 혈액순환 잘되어서 그런지 오른쪽 머리족이 좀 둔한듯했는데~~ 잊어버리고있었네요계속재구매합니다,HFF_MAPPED,재구매,non_facet,,,NON_FACET,,,너~무 좋아요~` 혈액 너~무 좋아요~` 혈액순환 잘되어서 그런지 오른쪽 머리족이 좀 둔한듯했는데~~ 잊어버리고있었네요계속재구매합니다,LOW,False
65,17,혈압밸런스 코엔자임 Q10,health-functional-food,"비타민 색이 너무 너무 예뻐요 알 사이즈도 너무 작고 귀엽네요 페키지도 이쁘구,, 배송도 빠르고,,",HFF_MAPPED,배송,non_facet,,,NON_FACET,,,"비타민 색이 너무 너무 예뻐요 비타민 색이 너무 너무 예뻐요 알 사이즈도 너무 작고 귀엽네요 페키지도 이쁘구,, 배송도 빠르고,,",LOW,False
64,13,눈건강 루테인 지아잔틴 솔루션,health-functional-food,테아닌 후기 적다가 생각해보니까 에센셜팩에도 루테인이 들어가 있네요 ㅋㅋㅋ 어쩐지 눈이 침침한게 덜하다 했는데 .. 제품 좋아서 후기 남깁니다~,HFF_MAPPED,,non_facet,,,NON_FACET,,,테아닌 후기 적다가 생각해보니까 에센 테아닌 후기 적다가 생각해보니까 에센셜팩에도 루테인이 들어가 있네요 ㅋㅋㅋ 어쩐지 눈이 침침한게 덜하다 했는데 .. 제품 좋아서 후기 남깁니다~,LOW,False
63,21,뉴트리미 테아닌,health-functional-food,저는 에센셜팩 먹구 딸이 대학생인데 시험기간때마다 스트레스 받길래 주문했어요 루테인두 같이요 요즘 대학생들 온라인으로 강의 들으니까 하루종일 컴퓨터 앞에 앉아있더라구요 눈이 건조하다고 하길래 같이 주문했네요 ~~ 원래 에센셜팩 꾸준히 먹구 효과보는거 같아서 루테인 테아닌 둘다 좋을거 같네요,HFF_MAPPED,효과,medical_outcome,,,SUBJECTIVE_MEDICAL_OUTCOME,,,길래 주문했어요 루테인두 같이요 요즘 대학생들 온라인으로 강의 들으니까 하루종일 컴퓨터 앞에 앉아있더라구요 눈이 건조하다고 하길래 같이 주문했네요 ~~ 원래 에센셜팩 꾸준히 먹구 효과보는거 같아서 루테인 테아닌 둘다 좋을거 같네요,HIGH,True
62,22,뉴트리미 프로바이오텍트 플러스 이뮨,health-functional-food,포장 깔끔하고 작은 알약이라서 잘 넘어가요 균 종류가 다양해서 구매했어요 아직 일주일 밖에 안됬지만 체감상 먹고 안 먹고의 차이가 있는 것 같아요 또 재구매 할 예정입니다,HFF_MAPPED,알약,product_form:tablet,product_form,tablet,EXISTING_FACET,,,포장 깔끔하고 작은 알약이라서 잘 넘 포장 깔끔하고 작은 알약이라서 잘 넘어가요 균 종류가 다양해서 구매했어요 아직 일주일 밖에 안됬지만 체감상 먹고 안 먹고의 차이가 있는 것 같아요 또 재구매 할 예정,HIGH,False
62,22,뉴트리미 프로바이오텍트 플러스 이뮨,health-functional-food,포장 깔끔하고 작은 알약이라서 잘 넘어가요 균 종류가 다양해서 구매했어요 아직 일주일 밖에 안됬지만 체감상 먹고 안 먹고의 차이가 있는 것 같아요 또 재구매 할 예정입니다,HFF_MAPPED,작은 알,tablet_size:small,tablet_size,small,EXISTING_FACET,,,포장 깔끔하고 작은 알약이라서 잘 넘 포장 깔끔하고 작은 알약이라서 잘 넘어가요 균 종류가 다양해서 구매했어요 아직 일주일 밖에 안됬지만 체감상 먹고 안 먹고의 차이가 있는 것 같아요 또 재구매 할 예,HIGH,False
62,22,뉴트리미 프로바이오텍트 플러스 이뮨,health-functional-food,포장 깔끔하고 작은 알약이라서 잘 넘어가요 균 종류가 다양해서 구매했어요 아직 일주일 밖에 안됬지만 체감상 먹고 안 먹고의 차이가 있는 것 같아요 또 재구매 할 예정입니다,HFF_MAPPED,포장,packaging:packaging,packaging,packaging,EXISTING_FACET,,,포장 깔끔하고 작은 알약이라서 잘 넘 포장 깔끔하고 작은 알약이라서 잘 넘어가요 균 종류가 다양해서 구매했어요 아직 일주일 밖에 안됬지만 체감상 먹고 안 먹고의 차이가 있는 것 같아요,HIGH,False
61,1,"뉴트리미 에센셜 팩, 1개 150정(30포)",health-functional-food,포장 깔끔하고 작은 알약이라서 잘 넘어가요 원재료가 좋아서 구매했어요 아직 일주일 밖에 안됬지만 체감상 먹고 안 먹고의 차이가 있는 것 같아요 한달 꾸준히 먹어보고 효과가 뚜렷하면 재구매 할 예정입니다,HFF_MAPPED,효과,medical_outcome,,,SUBJECTIVE_MEDICAL_OUTCOME,,,이라서 잘 넘 포장 깔끔하고 작은 알약이라서 잘 넘어가요 원재료가 좋아서 구매했어요 아직 일주일 밖에 안됬지만 체감상 먹고 안 먹고의 차이가 있는 것 같아요 한달 꾸준히 먹어보고 효과가 뚜렷하면 재구매 할 예정입니다,HIGH,True
60,1,"뉴트리미 에센셜 팩, 1개 150정(30포)",health-functional-food,"알이 작아서, 알약을 잘 못삼키는 저도 한꺼번에 다 먹을 수 있었습니다. 한 일주일 섭취하니, 저녁에 피곤함이 좀 덜한것도 같아요. 다른 여러영양제를 먹기보다는 하루에 1포씩 먹는 것도 너무 편해서, 앞으로 꾸준히 구매 해볼까 합니다.",HFF_MAPPED,하루에,intake_frequency,,,NEW_FACET_CANDIDATE,intake_frequency,,"잘 못삼키는 저 알이 작아서, 알약을 잘 못삼키는 저도 한꺼번에 다 먹을 수 있었습니다. 한 일주일 섭취하니, 저녁에 피곤함이 좀 덜한것도 같아요. 다른 여러영양제를 먹기보다는 하루에 1포씩 먹는 것도 너무 편해서, 앞으로 꾸준히 구매 해볼까 합니다.",MEDIUM,False
60,1,"뉴트리미 에센셜 팩, 1개 150정(30포)",health-functional-food,"알이 작아서, 알약을 잘 못삼키는 저도 한꺼번에 다 먹을 수 있었습니다. 한 일주일 섭취하니, 저녁에 피곤함이 좀 덜한것도 같아요. 다른 여러영양제를 먹기보다는 하루에 1포씩 먹는 것도 너무 편해서, 앞으로 꾸준히 구매 해볼까 합니다.",HFF_MAPPED,알약,product_form:tablet,product_form,tablet,EXISTING_FACET,,,"알이 작아서, 알약을 잘 못삼키는 저 알이 작아서, 알약을 잘 못삼키는 저도 한꺼번에 다 먹을 수 있었습니다. 한 일주일 섭취하니, 저녁에 피곤함이 좀 덜한것도 같아요. 다른 여러영양제를 먹기보다는",HIGH,False
60,1,"뉴트리미 에센셜 팩, 1개 150정(30포)",health-functional-food,"알이 작아서, 알약을 잘 못삼키는 저도 한꺼번에 다 먹을 수 있었습니다. 한 일주일 섭취하니, 저녁에 피곤함이 좀 덜한것도 같아요. 다른 여러영양제를 먹기보다는 하루에 1포씩 먹는 것도 너무 편해서, 앞으로 꾸준히 구매 해볼까 합니다.",HFF_MAPPED,알이 작,tablet_size:small,tablet_size,small,EXISTING_FACET,,,"알이 작아서, 알약을 잘 못삼키는 저 알이 작아서, 알약을 잘 못삼키는 저도 한꺼번에 다 먹을 수 있었습니다. 한 일주일 섭취하니, 저녁에 피곤함이 좀 덜한것도 같아요. 다른 여러영양제를",HIGH,False
59,18,쏘팔메토옥타코사놀11520,health-functional-food,친구 선물해줬는데 고맙다고 사진 왔네요 이틀전에 시켰는데 친구한테 오늘 배송왔다고 바로 연락왔어요 처음에 지인 소개로 뉴트리미 제품 먹어보고 좋아서 꾸준히 먹고 있는데 효과봐서 계속 시키고 있어요 제품이 좋은거에 비해 가격이 착해서 주변에 선물해야될 때 이쪽에서 구매해서 보내고 있어요 보니까 프로모션도 자주 하더라고요 자주 이용할게요,HFF_MAPPED,효과,medical_outcome,,,SUBJECTIVE_MEDICAL_OUTCOME,,,사진 왔네 친구 선물해줬는데 고맙다고 사진 왔네요 이틀전에 시켰는데 친구한테 오늘 배송왔다고 바로 연락왔어요 처음에 지인 소개로 뉴트리미 제품 먹어보고 좋아서 꾸준히 먹고 있는데 효과봐서 계속 시키고 있어요 제품이 좋은거에 비해 가격이 착해서 주변에 선물해야될 때 이쪽에서 구매해서 보내고 있어요 보니까 프로모션도 자주 하더라고요 자주 이용할게요,HIGH,True
58,13,눈건강 루테인 지아잔틴 솔루션,health-functional-food,따로 먹던 제품이 있었는데 이번에는 이걸로 구매해봤어요 다 먹고 괜찮으면 또 주문할게요 배송도 엄청 빨랐어요,HFF_MAPPED,배송,non_facet,,,NON_FACET,,,따로 먹던 제품이 있었는데 따로 먹던 제품이 있었는데 이번에는 이걸로 구매해봤어요 다 먹고 괜찮으면 또 주문할게요 배송도 엄청 빨랐어요,LOW,False
57,20,간건강 밀크씨슬,health-functional-food,최근에 식사 후 자꾸 체하거나 소화가 안되서 종합검진을 받았는데 간에 혹이나서 그렇다네요.. 약국에서 파는 약보다는 비타민을 선호하는 편이라 알아보다가 주문했어요 조금이라도 나아졌으면 하는 바람으로 꾸준히 먹어보겠습니다..,HFF_MAPPED,,non_facet,,,NON_FACET,,,최근에 식사 후 자꾸 체하거나 소화가 최근에 식사 후 자꾸 체하거나 소화가 안되서 종합검진을 받았는데 간에 혹이나서 그렇다네요.. 약국에서 파는 약보다는 비타민을 선호하는 편이라 알아보다가 주문했어요 조금이라도 나아졌으면 하는 바람으로 꾸준히 먹어보겠습니다..,LOW,False
56,18,쏘팔메토옥타코사놀11520,health-functional-food,남편꺼 제꺼 구매해서 남편 먹으라고 줬더니 씨익 웃네요 ㅎㅎ,HFF_MAPPED,,non_facet,,,NON_FACET,,,남편꺼 제꺼 구매해서 남편 먹으라고 남편꺼 제꺼 구매해서 남편 먹으라고 줬더니 씨익 웃네요 ㅎㅎ,LOW,False
55,,,UNKNOWN,"남편꺼랑 제꺼랑 구매했어요 !! 커플 비타민 느낌 나네요 ~~ 패키징도 너무 이쁘고 배송도 진짜 빨리 왔어요 !! 알크기는 그냥 저냥 적당한거 같아요 프로모션도 많이 하는거 같던데, 다음 프로모션 때 쟁여놔야겠네요 ㅎㅎ",UNMAPPED_REFERENCE,배송,non_facet,,,NON_FACET,,,"남편꺼랑 제꺼랑 구매했어요 !! 커플 남편꺼랑 제꺼랑 구매했어요 !! 커플 비타민 느낌 나네요 ~~ 패키징도 너무 이쁘고 배송도 진짜 빨리 왔어요 !! 알크기는 그냥 저냥 적당한거 같아요 프로모션도 많이 하는거 같던데, 다음 프로모션 때 쟁여놔야겠네요 ㅎㅎ",LOW,False
54,1,"뉴트리미 에센셜 팩, 1개 150정(30포)",health-functional-food,너무 좋아서 항상 먹는 비타민이에요,HFF_MAPPED,,non_facet,,,NON_FACET,,,너무 좋아서 항상 먹는 비타민이에요 너무 좋아서 항상 먹는 비타민이에요,LOW,False
53,13,눈건강 루테인 지아잔틴 솔루션,health-functional-food,안녕하세요. 회사원입니다. 라식을 한지 얼마 안되어서 눈에 관심이 가더라구요. 이곳 루테인 크기가 이렇게 작은 곳 처음 보았습니다. 알약 잘 못 먹는데.. 참 만족스럽게 먹고 있습니다. 감사합니다. 번창하세요 ! :>,HFF_MAPPED,알약,product_form:tablet,product_form,tablet,EXISTING_FACET,,,안녕하세요. 회사원입니다. 라식을 한 안녕하세요. 회사원입니다. 라식을 한지 얼마 안되어서 눈에 관심이 가더라구요. 이곳 루테인 크기가 이렇게 작은 곳 처음 보았습니다. 알약 잘 못 먹는데.. 참 만족스럽게 먹고 있습니다. 감사합니다. 번창하세요 ! :>,HIGH,False
52,,,UNKNOWN,이제 잘 챙겨먹어야하는 나이인듯요. 친구들꺼까지 함께 구매합니다~~ 효과가 있기를 바랍니다,UNMAPPED_REFERENCE,효과,medical_outcome,,,SUBJECTIVE_MEDICAL_OUTCOME,,,이제 잘 챙겨먹어야하는 나이인듯요. 이제 잘 챙겨먹어야하는 나이인듯요. 친구들꺼까지 함께 구매합니다~~ 효과가 있기를 바랍니다,HIGH,True
51,15,칼마디앤K2,health-functional-food,우리 온가족 뼈건강위해 구입해봅니다~^^ 많이파세요 ㅋ,HFF_MAPPED,,non_facet,,,NON_FACET,,,우리 온가족 뼈건강위해 구입해봅니다~ 우리 온가족 뼈건강위해 구입해봅니다~^^ 많이파세요 ㅋ,LOW,False
50,20,간건강 밀크씨슬,health-functional-food,잠을 잘 못자는지라 건강을 챙겨야겠어서 생애 처음 영양제 구입해봅니다. 효과가 있겠지요 한달 잘 먹어보겠습니다.,HFF_MAPPED,효과,medical_outcome,,,SUBJECTIVE_MEDICAL_OUTCOME,,,잠을 잘 못자는지라 건강을 챙겨야겠어 잠을 잘 못자는지라 건강을 챙겨야겠어서 생애 처음 영양제 구입해봅니다. 효과가 있겠지요 한달 잘 먹어보겠습니다.,HIGH,True
49,22,뉴트리미 프로바이오텍트 플러스 이뮨,health-functional-food,자주 앉아있다보니 그런지 몰라도 요새 화장실을 자주 못가서 걱정이었어요ㅜ..ㅜ 친구가 추천해줘서 꾸준히 챙겨먹었는데 효과 좋습니다!!,HFF_MAPPED,효과,medical_outcome,,,SUBJECTIVE_MEDICAL_OUTCOME,,,자주 앉아있다보니 그런지 몰라도 요새 자주 앉아있다보니 그런지 몰라도 요새 화장실을 자주 못가서 걱정이었어요ㅜ..ㅜ 친구가 추천해줘서 꾸준히 챙겨먹었는데 효과 좋습니다!!,HIGH,True
48,16,뉴트리미 오메가3 (500정),health-functional-food,이제 건강 챙겨야겠다 싶어서 오메가 3랑 멀티비타민 구입했어요~ 한달째 먹고있는데 크기가 작아서 꾸준히 잘먹게 되는거 같아요!!!,HFF_MAPPED,챙겨,intake_convenience:convenient,intake_convenience,convenient,EXISTING_FACET,,,이제 건강 챙겨야겠다 싶어서 오메가 이제 건강 챙겨야겠다 싶어서 오메가 3랑 멀티비타민 구입했어요~ 한달째 먹고있는데 크기가 작아서 꾸준히 잘먹게 되는거 같아요!!!,HIGH,False
47,16,뉴트리미 오메가3 (500정),health-functional-food,오메가 3 생선 비린냄새 안나고 페퍼민트 넣어서 향긋하더라구요!!! 출근하고 하루에 2알씩 꼭 챙겨먹고있어요:-),HFF_MAPPED,하루에,intake_frequency,,,NEW_FACET_CANDIDATE,intake_frequency,,오메가 3 생선 비린냄새 안나고 페퍼 오메가 3 생선 비린냄새 안나고 페퍼민트 넣어서 향긋하더라구요!!! 출근하고 하루에 2알씩 꼭 챙겨먹고있어요:-),MEDIUM,False
47,16,뉴트리미 오메가3 (500정),health-functional-food,오메가 3 생선 비린냄새 안나고 페퍼민트 넣어서 향긋하더라구요!!! 출근하고 하루에 2알씩 꼭 챙겨먹고있어요:-),HFF_MAPPED,챙겨,intake_convenience:convenient,intake_convenience,convenient,EXISTING_FACET,,,오메가 3 생선 비린냄새 안나고 페퍼 오메가 3 생선 비린냄새 안나고 페퍼민트 넣어서 향긋하더라구요!!! 출근하고 하루에 2알씩 꼭 챙겨먹고있어요:-),HIGH,False
47,16,뉴트리미 오메가3 (500정),health-functional-food,오메가 3 생선 비린냄새 안나고 페퍼민트 넣어서 향긋하더라구요!!! 출근하고 하루에 2알씩 꼭 챙겨먹고있어요:-),HFF_MAPPED,비린,odor:fishy,odor,fishy,EXISTING_FACET,,,오메가 3 생선 비린냄새 안나고 페퍼 오메가 3 생선 비린냄새 안나고 페퍼민트 넣어서 향긋하더라구요!!! 출근하고 하루에 2알씩 꼭 챙겨먹고있어요:-),HIGH,False
47,16,뉴트리미 오메가3 (500정),health-functional-food,오메가 3 생선 비린냄새 안나고 페퍼민트 넣어서 향긋하더라구요!!! 출근하고 하루에 2알씩 꼭 챙겨먹고있어요:-),HFF_MAPPED,냄새,odor:odor,odor,odor,NEW_ALIAS,odor,odor,오메가 3 생선 비린냄새 안나고 페퍼 오메가 3 생선 비린냄새 안나고 페퍼민트 넣어서 향긋하더라구요!!! 출근하고 하루에 2알씩 꼭 챙겨먹고있어요:-),HIGH,False
47,16,뉴트리미 오메가3 (500정),health-functional-food,오메가 3 생선 비린냄새 안나고 페퍼민트 넣어서 향긋하더라구요!!! 출근하고 하루에 2알씩 꼭 챙겨먹고있어요:-),HFF_MAPPED,향,odor:odor,odor,odor,NEW_ALIAS,odor,odor,오메가 3 생선 비린냄새 안나고 페퍼 오메가 3 생선 비린냄새 안나고 페퍼민트 넣어서 향긋하더라구요!!! 출근하고 하루에 2알씩 꼭 챙겨먹고있어요:-),HIGH,False
46,22,뉴트리미 프로바이오텍트 플러스 이뮨,health-functional-food,배송도 빠르고 건강하게 잘먹겠습니다.,HFF_MAPPED,배송,non_facet,,,NON_FACET,,,배송도 빠르고 건강하게 잘먹겠습니다. 배송도 빠르고 건강하게 잘먹겠습니다.,LOW,False
45,21,뉴트리미 테아닌,health-functional-food,포장이 너무 꼼꼼하고 이뻐요,HFF_MAPPED,포장,packaging:packaging,packaging,packaging,EXISTING_FACET,,,포장이 너무 꼼꼼하고 이뻐요 포장이 너무 꼼꼼하고 이뻐요,HIGH,False
44,22,뉴트리미 프로바이오텍트 플러스 이뮨,health-functional-food,평소에 에센셜팩 꾸준히 먹다가 에센셜팩에 없는 비타민들 이번에 따로 시켜먹었는데 유산균 효과 짱입니다 ㅎㅎ 화장실 갈듯말듯한 느낌 받을 때 한알 먹어주면 바로 화장실 직행이에요 !! 너어무 좋아요오 목넘김도 좋아요 전에 타사제품 캡슐은 입안에서 동동 떠서 넘기기 힘들었는데 이건 너무 잘넘어가서 헛구역질 안나요 넘 좋네요,HFF_MAPPED,효과,medical_outcome,,,SUBJECTIVE_MEDICAL_OUTCOME,,,평소에 에센셜팩 꾸준히 먹다가 에센셜 평소에 에센셜팩 꾸준히 먹다가 에센셜팩에 없는 비타민들 이번에 따로 시켜먹었는데 유산균 효과 짱입니다 ㅎㅎ 화장실 갈듯말듯한 느낌 받을 때 한알 먹어주면 바로 화장실 직행이에요 !! 너어무 좋아요오 목넘김도 좋아요 전에 타사제품 캡슐은 입안에서 동동 떠서 넘기기 힘들었는,HIGH,True
43,1,"뉴트리미 에센셜 팩, 1개 150정(30포)",health-functional-food,"사무실 노트북 앞에 놔뒀더니, 출근해서 보자마자 먹고있는데 체력적으로 도움이 많이 되는 것 같아서 좋아요확실히 덜 피곤한 것 같네여 ㅎㅎ 지인 소개로 먹기 시작했는데 꾸준히 시켜먹고 있어요 먹은지는 넉달넘은 것 같은데 후기는 처음 써보네요 !!",HFF_MAPPED,,non_facet,,,NON_FACET,,,"사무실 노트북 앞에 놔뒀더니, 출근해 사무실 노트북 앞에 놔뒀더니, 출근해서 보자마자 먹고있는데 체력적으로 도움이 많이 되는 것 같아서 좋아요확실히 덜 피곤한 것 같네여 ㅎㅎ 지인 소개로 먹기 시작했는데 꾸준히 시켜먹고 있어요 먹은지는 넉달넘은 것 같은데 후기는 처음 써보네요 !!",LOW,False
42,,,UNKNOWN,지인 소개로 에센셜 팩 처음 먹어보고 꾸준히 시켜먹고 있다가 추석 프로모션 하길래 언렁 주문했어요. 패키지도 너무 이쁘고 선물용으로 너무 고급지고 좋네요~,UNMAPPED_REFERENCE,프로모션,non_facet,,,NON_FACET,,,지인 소개로 에센셜 팩 처음 먹어보고 지인 소개로 에센셜 팩 처음 먹어보고 꾸준히 시켜먹고 있다가 추석 프로모션 하길래 언렁 주문했어요. 패키지도 너무 이쁘고 선물용으로 너무 고급지고 좋네요~,LOW,False
41,20,간건강 밀크씨슬,health-functional-food,요즘 간이 좀 걱정되서 밀크씨슬 사 놨어요. 꾸준히 먹어볼께요 작은 사이즈로 하루 한개만 먹어서 좋아요.,HFF_MAPPED,하루 한,intake_frequency,,,NEW_FACET_CANDIDATE,intake_frequency,,요즘 간이 좀 걱정되서 밀크씨슬 사 요즘 간이 좀 걱정되서 밀크씨슬 사 놨어요. 꾸준히 먹어볼께요 작은 사이즈로 하루 한개만 먹어서 좋아요.,MEDIUM,False
40,21,뉴트리미 테아닌,health-functional-food,"테아닌 색깔이 은은한게 너무 이쁘네요 ㅋㅋ 추석 프로모션한다길래 제가 원래 먹던 조합으로 부모님 사드리고, 저는 테아닌 또 주문했어요 !! 피로개선 쪽에서 뉴트리미 제품이 많이 도움되는거 같아요 앞으로도 꾸준히 먹을 예정이에요",HFF_MAPPED,개선,medical_outcome,,,SUBJECTIVE_MEDICAL_OUTCOME,,,"아닌 색깔이 은은한게 너무 이쁘네요 테아닌 색깔이 은은한게 너무 이쁘네요 ㅋㅋ 추석 프로모션한다길래 제가 원래 먹던 조합으로 부모님 사드리고, 저는 테아닌 또 주문했어요 !! 피로개선 쪽에서 뉴트리미 제품이 많이 도움되는거 같아요 앞으로도 꾸준히 먹을 예정이에요",HIGH,True
39,,,UNKNOWN,아직 먹을나인 아니지만 미리 먹어두려고 주문했는데 부모님한테도 선물해드리려구요!! 너무 좋아요,UNMAPPED_REFERENCE,선물,non_facet,,,NON_FACET,,,아직 먹을나인 아니지만 미리 먹어두려 아직 먹을나인 아니지만 미리 먹어두려고 주문했는데 부모님한테도 선물해드리려구요!! 너무 좋아요,LOW,False
38,14,올인원 멀티비타민 밸런스,health-functional-food,"멀티비타민 항상 챙겨먹는데, 사이즈도 딱 좋은것같아요",HFF_MAPPED,챙겨,intake_convenience:convenient,intake_convenience,convenient,EXISTING_FACET,,,"멀티비타민 항상 챙겨먹는데, 사이즈도 멀티비타민 항상 챙겨먹는데, 사이즈도 딱 좋은것같아요",HIGH,False
37,,,UNKNOWN,너무 간편하고 좋아요 !! 저는 흑임자 가루랑 꿀 조금 타서 먹고 있는데 흑임자라떼맛 나서 넘 맛있어요 ㅎㅎ,UNMAPPED_REFERENCE,타서,mixability,,,NEW_FACET_CANDIDATE,mixability,,너무 간편하고 좋아요 !! 저는 흑임 너무 간편하고 좋아요 !! 저는 흑임자 가루랑 꿀 조금 타서 먹고 있는데 흑임자라떼맛 나서 넘 맛있어요 ㅎㅎ,MEDIUM,False
37,,,UNKNOWN,너무 간편하고 좋아요 !! 저는 흑임자 가루랑 꿀 조금 타서 먹고 있는데 흑임자라떼맛 나서 넘 맛있어요 ㅎㅎ,UNMAPPED_REFERENCE,간편,intake_convenience:convenient,intake_convenience,convenient,EXISTING_FACET,,,너무 간편하고 좋아요 !! 저는 흑임 너무 간편하고 좋아요 !! 저는 흑임자 가루랑 꿀 조금 타서 먹고 있는데 흑임자라떼맛 나서 넘 맛있어요 ㅎㅎ,HIGH,False
37,,,UNKNOWN,너무 간편하고 좋아요 !! 저는 흑임자 가루랑 꿀 조금 타서 먹고 있는데 흑임자라떼맛 나서 넘 맛있어요 ㅎㅎ,UNMAPPED_REFERENCE,가루,product_form:powder,product_form,powder,EXISTING_FACET,,,너무 간편하고 좋아요 !! 저는 흑임 너무 간편하고 좋아요 !! 저는 흑임자 가루랑 꿀 조금 타서 먹고 있는데 흑임자라떼맛 나서 넘 맛있어요 ㅎㅎ,HIGH,False
37,,,UNKNOWN,너무 간편하고 좋아요 !! 저는 흑임자 가루랑 꿀 조금 타서 먹고 있는데 흑임자라떼맛 나서 넘 맛있어요 ㅎㅎ,UNMAPPED_REFERENCE,맛,taste:taste,taste,taste,NEW_ALIAS,taste,taste,너무 간편하고 좋아요 !! 저는 흑임 너무 간편하고 좋아요 !! 저는 흑임자 가루랑 꿀 조금 타서 먹고 있는데 흑임자라떼맛 나서 넘 맛있어요 ㅎㅎ,HIGH,False
36,1,"뉴트리미 에센셜 팩, 1개 150정(30포)",health-functional-food,"타사 제품들은 약 하나하나 직접 꺼내 먹어야하는데, 에센셜 팩은 한 포 챙겨나가면되서 너무 편해요 ~ 작년 하반기부터 꾸준히 먹고 있는데 체력적으로 도움이 많이 되는것 같아요",HFF_MAPPED,챙겨,intake_convenience:convenient,intake_convenience,convenient,EXISTING_FACET,,,"타사 제품들은 약 하나하나 직접 꺼내 타사 제품들은 약 하나하나 직접 꺼내 먹어야하는데, 에센셜 팩은 한 포 챙겨나가면되서 너무 편해요 ~ 작년 하반기부터 꾸준히 먹고 있는데 체력적으로 도움이 많이 되는것 같아요",HIGH,False
35,,,UNKNOWN,병 포장이 심플하고 이뻐요. 사이즈도 작아서 먹기 편해요 ^^,UNMAPPED_REFERENCE,먹기 편,intake_convenience:convenient,intake_convenience,convenient,EXISTING_FACET,,,병 포장이 심플하고 이뻐요. 사이즈도 병 포장이 심플하고 이뻐요. 사이즈도 작아서 먹기 편해요 ^^,HIGH,False
35,,,UNKNOWN,병 포장이 심플하고 이뻐요. 사이즈도 작아서 먹기 편해요 ^^,UNMAPPED_REFERENCE,포장,packaging:packaging,packaging,packaging,EXISTING_FACET,,,병 포장이 심플하고 이뻐요. 사이즈도 병 포장이 심플하고 이뻐요. 사이즈도 작아서 먹기 편해요 ^^,HIGH,False
34,17,혈압밸런스 코엔자임 Q10,health-functional-food,전체적으로 알이 작아서 먹기 편해요,HFF_MAPPED,먹기 편,intake_convenience:convenient,intake_convenience,convenient,EXISTING_FACET,,,전체적으로 알이 작아서 먹기 편해요 전체적으로 알이 작아서 먹기 편해요,HIGH,False
34,17,혈압밸런스 코엔자임 Q10,health-functional-food,전체적으로 알이 작아서 먹기 편해요,HFF_MAPPED,알이 작,tablet_size:small,tablet_size,small,EXISTING_FACET,,,전체적으로 알이 작아서 먹기 편해요 전체적으로 알이 작아서 먹기 편해요,HIGH,False
33,16,뉴트리미 오메가3 (500정),health-functional-food,"상품이 너무 예뻐서 세트는 선물하고, 저 먹으려고 하나 더 주문했어요! 2알 먹기 너무 쉬워요~ 예뻐서 먹어요! 먹기도 아까와요 ㅋㅋ",HFF_MAPPED,선물,non_facet,,,NON_FACET,,,"상품이 너무 예뻐서 세트는 선물하고, 상품이 너무 예뻐서 세트는 선물하고, 저 먹으려고 하나 더 주문했어요! 2알 먹기 너무 쉬워요~ 예뻐서 먹어요! 먹기도 아까와요 ㅋㅋ",LOW,False
32,,,UNKNOWN,한번에 먹는 양이 많지 않아 부담이 없어요. 무엇보다 맛이 좋네요~,UNMAPPED_REFERENCE,맛,taste:taste,taste,taste,NEW_ALIAS,taste,taste,한번에 먹는 양이 많지 않아 부담이 한번에 먹는 양이 많지 않아 부담이 없어요. 무엇보다 맛이 좋네요~,HIGH,False
31,17,혈압밸런스 코엔자임 Q10,health-functional-food,코큐텐이랑 오메가3랑 종합비타민 같이 샀어요~ 3개 너무 예쁘게 포장해서 와서 넘 좋아요!,HFF_MAPPED,포장,packaging:packaging,packaging,packaging,EXISTING_FACET,,,코큐텐이랑 오메가3랑 종합비타민 같이 코큐텐이랑 오메가3랑 종합비타민 같이 샀어요~ 3개 너무 예쁘게 포장해서 와서 넘 좋아요!,HIGH,False
30,1,"뉴트리미 에센셜 팩, 1개 150정(30포)",health-functional-food,멀티비타민무기질이랑 오메가랑 코큐텐 샀어요~ 거기에 추석 할인기간이라 무료로 선물포장해서 너무 좋아요~,HFF_MAPPED,포장,packaging:packaging,packaging,packaging,EXISTING_FACET,,,멀티비타민무기질이랑 오메가랑 코큐텐 멀티비타민무기질이랑 오메가랑 코큐텐 샀어요~ 거기에 추석 할인기간이라 무료로 선물포장해서 너무 좋아요~,HIGH,False
29,15,칼마디앤K2,health-functional-food,작은 알이라 먹기 좋고 특히 칼마디 원료가 좋아서 구매했어요~ 좋은 가격으로 사서 좋아요오!,HFF_MAPPED,원료,ingredient_inclusion:ingredient_mentioned,ingredient_inclusion,ingredient_mentioned,EXISTING_FACET,,,작은 알이라 먹기 좋고 특히 칼마디 작은 알이라 먹기 좋고 특히 칼마디 원료가 좋아서 구매했어요~ 좋은 가격으로 사서 좋아요오!,HIGH,False
29,15,칼마디앤K2,health-functional-food,작은 알이라 먹기 좋고 특히 칼마디 원료가 좋아서 구매했어요~ 좋은 가격으로 사서 좋아요오!,HFF_MAPPED,작은 알,tablet_size:small,tablet_size,small,EXISTING_FACET,,,작은 알이라 먹기 좋고 특히 칼마디 작은 알이라 먹기 좋고 특히 칼마디 원료가 좋아서 구매했어요~ 좋은 가격으로 사서 좋아요오!,HIGH,False
28,16,뉴트리미 오메가3 (500정),health-functional-food,뉴트리미 에센셜팩 매니아입니다! 단품을 하나씩 구매할 수 있어서 좋아요! 3개 같이 사서 예쁘게 선물해드렸어용,HFF_MAPPED,선물,non_facet,,,NON_FACET,,,뉴트리미 에센셜팩 매니아입니다! 단품 뉴트리미 에센셜팩 매니아입니다! 단품을 하나씩 구매할 수 있어서 좋아요! 3개 같이 사서 예쁘게 선물해드렸어용,LOW,False
27,22,뉴트리미 프로바이오텍트 플러스 이뮨,health-functional-food,"1. 환경을 생각한 포장 2.아담한 크기의 귀여운 병 3. 작은 알약 사이즈 외관은 뭐 이정도로 귀엽고 깜찍한 디자인 입니다. 변비가 심해서 10년간 유산균을 이것저것 정말 많이 먹어본 1인입니다. (1억마리 유산균 제품부터, 유산균 많이 들어있다는 비싼 유산균까지 ) 저에겐 비싼 유산균보다 괜챦은것 같아요. 정말 편안히 매일",HFF_MAPPED,알약,product_form:tablet,product_form,tablet,EXISTING_FACET,,,"1. 환경을 생각한 포장 1. 환경을 생각한 포장 2.아담한 크기의 귀여운 병 3. 작은 알약 사이즈 외관은 뭐 이정도로 귀엽고 깜찍한 디자인 입니다. 변비가 심해서 10년간 유산균을 이것저것 정말 많이 먹어본 1인입니다. (1억마리 유산균 제품부터, 유산균 많이 들어있다",HIGH,False
27,22,뉴트리미 프로바이오텍트 플러스 이뮨,health-functional-food,"1. 환경을 생각한 포장 2.아담한 크기의 귀여운 병 3. 작은 알약 사이즈 외관은 뭐 이정도로 귀엽고 깜찍한 디자인 입니다. 변비가 심해서 10년간 유산균을 이것저것 정말 많이 먹어본 1인입니다. (1억마리 유산균 제품부터, 유산균 많이 들어있다는 비싼 유산균까지 ) 저에겐 비싼 유산균보다 괜챦은것 같아요. 정말 편안히 매일",HFF_MAPPED,작은 알,tablet_size:small,tablet_size,small,EXISTING_FACET,,,"1. 환경을 생각한 포장 1. 환경을 생각한 포장 2.아담한 크기의 귀여운 병 3. 작은 알약 사이즈 외관은 뭐 이정도로 귀엽고 깜찍한 디자인 입니다. 변비가 심해서 10년간 유산균을 이것저것 정말 많이 먹어본 1인입니다. (1억마리 유산균 제품부터, 유산균 많이 들어있",HIGH,False
27,22,뉴트리미 프로바이오텍트 플러스 이뮨,health-functional-food,"1. 환경을 생각한 포장 2.아담한 크기의 귀여운 병 3. 작은 알약 사이즈 외관은 뭐 이정도로 귀엽고 깜찍한 디자인 입니다. 변비가 심해서 10년간 유산균을 이것저것 정말 많이 먹어본 1인입니다. (1억마리 유산균 제품부터, 유산균 많이 들어있다는 비싼 유산균까지 ) 저에겐 비싼 유산균보다 괜챦은것 같아요. 정말 편안히 매일",HFF_MAPPED,포장,packaging:packaging,packaging,packaging,EXISTING_FACET,,,1. 환경을 생각한 포장 1. 환경을 생각한 포장 2.아담한 크기의 귀여운 병 3. 작은 알약 사이즈 외관은 뭐 이정도로 귀엽고 깜찍한 디자인 입니다. 변비가 심해서 10년간 유산균을 이것저것 정말 많이,HIGH,False
26,22,뉴트리미 프로바이오텍트 플러스 이뮨,health-functional-food,"뉴트리미 제품 하나하나 잘 먹고 있어요! 여러 영양제를 먹게되니 0 칼로리에 비건캅셀인것도 마음에 들고요, 역시 작은 캅셀이 아주 맘에 들어요~ 베름사 포스트바이오틱스 들었고 종이박스가 안 와서 쓰레기도 적고 병이 귀엽고 예뻐요!",HFF_MAPPED,,non_facet,,,NON_FACET,,,"뉴트리미 제품 하나하나 잘 먹고 있어 뉴트리미 제품 하나하나 잘 먹고 있어요! 여러 영양제를 먹게되니 0 칼로리에 비건캅셀인것도 마음에 들고요, 역시 작은 캅셀이 아주 맘에 들어요~ 베름사 포스트바이오틱스 들었고 종이박스가 안 와서 쓰레기도 적고 병이 귀엽고 예뻐요!",LOW,False
25,1,"뉴트리미 에센셜 팩, 1개 150정(30포)",health-functional-food,부모님 선물로 사드렸는데 먹기도 편하고 체력이 훨씬 좋아진거 같다고 앞으로 꾸준히 드시고 싶으시대요~! 좋은 제품 만들어주셔서 감사합니다,HFF_MAPPED,선물,non_facet,,,NON_FACET,,,부모님 선물로 사드렸는데 먹기도 편하 부모님 선물로 사드렸는데 먹기도 편하고 체력이 훨씬 좋아진거 같다고 앞으로 꾸준히 드시고 싶으시대요~! 좋은 제품 만들어주셔서 감사합니다,LOW,False
24,,,UNKNOWN,프로틴 챙겨 먹고 싶어도 큰 통에 있어서 귀찮으면 안 먹고 그랬는데 뉴트리미 자연방목프로틴은 휴대하기에도 좋고 물만 넣어도 맛있어서 진짜 잘 챙겨먹고 있어요! 차가운 물에 넣어도 부드럽게 녹아서 짱짱,UNMAPPED_REFERENCE,챙겨,intake_convenience:convenient,intake_convenience,convenient,EXISTING_FACET,,,프로틴 챙겨 먹고 싶어도 큰 통에 있 프로틴 챙겨 먹고 싶어도 큰 통에 있어서 귀찮으면 안 먹고 그랬는데 뉴트리미 자연방목프로틴은 휴대하기에도 좋고 물만 넣어도 맛있어서 진짜 잘 챙겨먹고 있,HIGH,False
24,,,UNKNOWN,프로틴 챙겨 먹고 싶어도 큰 통에 있어서 귀찮으면 안 먹고 그랬는데 뉴트리미 자연방목프로틴은 휴대하기에도 좋고 물만 넣어도 맛있어서 진짜 잘 챙겨먹고 있어요! 차가운 물에 넣어도 부드럽게 녹아서 짱짱,UNMAPPED_REFERENCE,맛,taste:taste,taste,taste,NEW_ALIAS,taste,taste,프로틴 챙겨 먹고 싶어도 큰 통에 있 프로틴 챙겨 먹고 싶어도 큰 통에 있어서 귀찮으면 안 먹고 그랬는데 뉴트리미 자연방목프로틴은 휴대하기에도 좋고 물만 넣어도 맛있어서 진짜 잘 챙겨먹고 있어요! 차가운 물에 넣어도 부드럽게 녹아서 짱짱,HIGH,False
24,,,UNKNOWN,프로틴 챙겨 먹고 싶어도 큰 통에 있어서 귀찮으면 안 먹고 그랬는데 뉴트리미 자연방목프로틴은 휴대하기에도 좋고 물만 넣어도 맛있어서 진짜 잘 챙겨먹고 있어요! 차가운 물에 넣어도 부드럽게 녹아서 짱짱,UNMAPPED_REFERENCE,휴대,packaging:portable,packaging,portable,EXISTING_FACET,,,프로틴 챙겨 먹고 싶어도 큰 통에 있 프로틴 챙겨 먹고 싶어도 큰 통에 있어서 귀찮으면 안 먹고 그랬는데 뉴트리미 자연방목프로틴은 휴대하기에도 좋고 물만 넣어도 맛있어서 진짜 잘 챙겨먹고 있어요! 차가운 물에 넣어도 부드럽게 녹아서 짱짱,HIGH,False
23,,,UNKNOWN,너무 괜찮아요 맛도 괜찮고 영양성분조 좋고 무엇보다도 가방에 쏙 들어가서 휴대가능한게 좋아요 회사에서 마시기도 좋네용,UNMAPPED_REFERENCE,성분,ingredient_inclusion:ingredient_mentioned,ingredient_inclusion,ingredient_mentioned,EXISTING_FACET,,,너무 괜찮아요 맛도 괜찮고 영양성분조 너무 괜찮아요 맛도 괜찮고 영양성분조 좋고 무엇보다도 가방에 쏙 들어가서 휴대가능한게 좋아요 회사에서 마시기도 좋네용,HIGH,False
23,,,UNKNOWN,너무 괜찮아요 맛도 괜찮고 영양성분조 좋고 무엇보다도 가방에 쏙 들어가서 휴대가능한게 좋아요 회사에서 마시기도 좋네용,UNMAPPED_REFERENCE,맛,taste:taste,taste,taste,NEW_ALIAS,taste,taste,너무 괜찮아요 맛도 괜찮고 영양성분조 너무 괜찮아요 맛도 괜찮고 영양성분조 좋고 무엇보다도 가방에 쏙 들어가서 휴대가능한게 좋아요 회사에서 마시기도 좋네용,HIGH,False
23,,,UNKNOWN,너무 괜찮아요 맛도 괜찮고 영양성분조 좋고 무엇보다도 가방에 쏙 들어가서 휴대가능한게 좋아요 회사에서 마시기도 좋네용,UNMAPPED_REFERENCE,휴대,packaging:portable,packaging,portable,EXISTING_FACET,,,너무 괜찮아요 맛도 괜찮고 영양성분조 너무 괜찮아요 맛도 괜찮고 영양성분조 좋고 무엇보다도 가방에 쏙 들어가서 휴대가능한게 좋아요 회사에서 마시기도 좋네용,HIGH,False
22,,,UNKNOWN,"맛이 자극적이고 인공적인 향, 맛이 아니라 진짜 자연 그대로의 원유에서 나오는 맛이라 좋아요. 단백질 대부분 다챙길수 있고, 칼슘도 들어있어서 부모님도 같이 챙겨드릴려구요!!",UNMAPPED_REFERENCE,챙겨,intake_convenience:convenient,intake_convenience,convenient,EXISTING_FACET,,,"인공적인 향, 맛이 맛이 자극적이고 인공적인 향, 맛이 아니라 진짜 자연 그대로의 원유에서 나오는 맛이라 좋아요. 단백질 대부분 다챙길수 있고, 칼슘도 들어있어서 부모님도 같이 챙겨드릴려구요!!",HIGH,False
22,,,UNKNOWN,"맛이 자극적이고 인공적인 향, 맛이 아니라 진짜 자연 그대로의 원유에서 나오는 맛이라 좋아요. 단백질 대부분 다챙길수 있고, 칼슘도 들어있어서 부모님도 같이 챙겨드릴려구요!!",UNMAPPED_REFERENCE,향,odor:odor,odor,odor,NEW_ALIAS,odor,odor,"맛이 자극적이고 인공적인 향, 맛이 맛이 자극적이고 인공적인 향, 맛이 아니라 진짜 자연 그대로의 원유에서 나오는 맛이라 좋아요. 단백질 대부분 다챙길수 있고, 칼슘도 들어있어서 부모님도 같이 챙겨드릴려구요",HIGH,False
22,,,UNKNOWN,"맛이 자극적이고 인공적인 향, 맛이 아니라 진짜 자연 그대로의 원유에서 나오는 맛이라 좋아요. 단백질 대부분 다챙길수 있고, 칼슘도 들어있어서 부모님도 같이 챙겨드릴려구요!!",UNMAPPED_REFERENCE,맛,taste:taste,taste,taste,NEW_ALIAS,taste,taste,"맛이 자극적이고 인공적인 향, 맛이 맛이 자극적이고 인공적인 향, 맛이 아니라 진짜 자연 그대로의 원유에서 나오는 맛이라 좋아요. 단백질 대부분 다챙길수 있고, 칼슘도 들어있어서 부",HIGH,False
21,1,"뉴트리미 에센셜 팩, 1개 150정(30포)",health-functional-food,"알약이 작아서 5알이지만 삼키기에 무리가 없어요 여러가지 챙겨먹기 귀찮았는데 한 포에 다 담겨있어서 편해요 특히나 여행갈 때 바리바리 싸들고 다니기 귀찮았는데 깔끔하고 위생적으로 포장되어 있어서 휴대하기에 간편합니다 여행가서도 건강은 꼭 챙겨야하니까요~ 복잡하지 않고 간편하게 섭취 할 수 있어서 귀차니즘이 심한 분들이나 사랑하는 가족, 지인들에게 좋",HFF_MAPPED,간편,intake_convenience:convenient,intake_convenience,convenient,EXISTING_FACET,,,"키기에 무리가 없어요 여러가지 챙겨먹기 귀찮았는데 한 포에 다 담겨있어서 편해요 특히나 여행갈 때 바리바리 싸들고 다니기 귀찮았는데 깔끔하고 위생적으로 포장되어 있어서 휴대하기에 간편합니다 여행가서도 건강은 꼭 챙겨야하니까요~ 복잡하지 않고 간편하게 섭취 할 수 있어서 귀차니즘이 심한 분들이나 사랑하는 가족, 지인들에게 좋",HIGH,False
21,1,"뉴트리미 에센셜 팩, 1개 150정(30포)",health-functional-food,"알약이 작아서 5알이지만 삼키기에 무리가 없어요 여러가지 챙겨먹기 귀찮았는데 한 포에 다 담겨있어서 편해요 특히나 여행갈 때 바리바리 싸들고 다니기 귀찮았는데 깔끔하고 위생적으로 포장되어 있어서 휴대하기에 간편합니다 여행가서도 건강은 꼭 챙겨야하니까요~ 복잡하지 않고 간편하게 섭취 할 수 있어서 귀차니즘이 심한 분들이나 사랑하는 가족, 지인들에게 좋",HFF_MAPPED,챙겨,intake_convenience:convenient,intake_convenience,convenient,EXISTING_FACET,,,알약이 작아서 5알이지만 삼키기에 무 알약이 작아서 5알이지만 삼키기에 무리가 없어요 여러가지 챙겨먹기 귀찮았는데 한 포에 다 담겨있어서 편해요 특히나 여행갈 때 바리바리 싸들고 다니기 귀찮았는데 깔끔하고 위생적으로 포장되어 있어서 휴대하기에 간편합니다 여행가서도 건강은 꼭 챙,HIGH,False
21,1,"뉴트리미 에센셜 팩, 1개 150정(30포)",health-functional-food,"알약이 작아서 5알이지만 삼키기에 무리가 없어요 여러가지 챙겨먹기 귀찮았는데 한 포에 다 담겨있어서 편해요 특히나 여행갈 때 바리바리 싸들고 다니기 귀찮았는데 깔끔하고 위생적으로 포장되어 있어서 휴대하기에 간편합니다 여행가서도 건강은 꼭 챙겨야하니까요~ 복잡하지 않고 간편하게 섭취 할 수 있어서 귀차니즘이 심한 분들이나 사랑하는 가족, 지인들에게 좋",HFF_MAPPED,알약,product_form:tablet,product_form,tablet,EXISTING_FACET,,,알약이 작아서 5알이지만 삼키기에 무 알약이 작아서 5알이지만 삼키기에 무리가 없어요 여러가지 챙겨먹기 귀찮았는데 한 포에 다 담겨있어서 편해요 특히나 여행갈 때 바리바리 싸들고 다니,HIGH,False
21,1,"뉴트리미 에센셜 팩, 1개 150정(30포)",health-functional-food,"알약이 작아서 5알이지만 삼키기에 무리가 없어요 여러가지 챙겨먹기 귀찮았는데 한 포에 다 담겨있어서 편해요 특히나 여행갈 때 바리바리 싸들고 다니기 귀찮았는데 깔끔하고 위생적으로 포장되어 있어서 휴대하기에 간편합니다 여행가서도 건강은 꼭 챙겨야하니까요~ 복잡하지 않고 간편하게 섭취 할 수 있어서 귀차니즘이 심한 분들이나 사랑하는 가족, 지인들에게 좋",HFF_MAPPED,삼키기,swallowability:easy,swallowability,easy,EXISTING_FACET,,,알약이 작아서 5알이지만 삼키기에 무 알약이 작아서 5알이지만 삼키기에 무리가 없어요 여러가지 챙겨먹기 귀찮았는데 한 포에 다 담겨있어서 편해요 특히나 여행갈 때 바리바리 싸들고 다니기 귀찮았는데 깔끔하고 위생,HIGH,False
21,1,"뉴트리미 에센셜 팩, 1개 150정(30포)",health-functional-food,"알약이 작아서 5알이지만 삼키기에 무리가 없어요 여러가지 챙겨먹기 귀찮았는데 한 포에 다 담겨있어서 편해요 특히나 여행갈 때 바리바리 싸들고 다니기 귀찮았는데 깔끔하고 위생적으로 포장되어 있어서 휴대하기에 간편합니다 여행가서도 건강은 꼭 챙겨야하니까요~ 복잡하지 않고 간편하게 섭취 할 수 있어서 귀차니즘이 심한 분들이나 사랑하는 가족, 지인들에게 좋",HFF_MAPPED,포장,packaging:packaging,packaging,packaging,EXISTING_FACET,,,"알약이 작아서 5알이지만 삼키기에 무리가 없어요 여러가지 챙겨먹기 귀찮았는데 한 포에 다 담겨있어서 편해요 특히나 여행갈 때 바리바리 싸들고 다니기 귀찮았는데 깔끔하고 위생적으로 포장되어 있어서 휴대하기에 간편합니다 여행가서도 건강은 꼭 챙겨야하니까요~ 복잡하지 않고 간편하게 섭취 할 수 있어서 귀차니즘이 심한 분들이나 사랑하는 가족, 지인들에게 좋",HIGH,False
21,1,"뉴트리미 에센셜 팩, 1개 150정(30포)",health-functional-food,"알약이 작아서 5알이지만 삼키기에 무리가 없어요 여러가지 챙겨먹기 귀찮았는데 한 포에 다 담겨있어서 편해요 특히나 여행갈 때 바리바리 싸들고 다니기 귀찮았는데 깔끔하고 위생적으로 포장되어 있어서 휴대하기에 간편합니다 여행가서도 건강은 꼭 챙겨야하니까요~ 복잡하지 않고 간편하게 섭취 할 수 있어서 귀차니즘이 심한 분들이나 사랑하는 가족, 지인들에게 좋",HFF_MAPPED,휴대,packaging:portable,packaging,portable,EXISTING_FACET,,,"알이지만 삼키기에 무리가 없어요 여러가지 챙겨먹기 귀찮았는데 한 포에 다 담겨있어서 편해요 특히나 여행갈 때 바리바리 싸들고 다니기 귀찮았는데 깔끔하고 위생적으로 포장되어 있어서 휴대하기에 간편합니다 여행가서도 건강은 꼭 챙겨야하니까요~ 복잡하지 않고 간편하게 섭취 할 수 있어서 귀차니즘이 심한 분들이나 사랑하는 가족, 지인들에게 좋",HIGH,False
20,,,UNKNOWN,매일 꾸준히 단백질과 칼슘을 섭취하는 것이 어려워 뉴트리미 자연방목 프로틴을 겟했어요 귀여운 미니 보틀도 같이 보내주셨던데 너무 귀염뽀쨕해요!! 뉴트리미 자연방목 프로틴은 거부감 없이 먹을 수 있어서 요즘 매일 섭취하고 있답니다^^ 물에 타먹어도 되고 요거트에 뿌려 먹어도 굿~~,UNMAPPED_REFERENCE,,non_facet,,,NON_FACET,,,매일 꾸준히 단백질과 칼슘을 섭취하는 매일 꾸준히 단백질과 칼슘을 섭취하는 것이 어려워 뉴트리미 자연방목 프로틴을 겟했어요 귀여운 미니 보틀도 같이 보내주셨던데 너무 귀염뽀쨕해요!! 뉴트리미 자연방목 프로틴은 거부감 없이 먹을 수 있어서 요즘 매일 섭취하고 있답니다^^ 물에 타먹어도 되고 요거트에 뿌려 먹어도 굿~~,LOW,False
19,1,"뉴트리미 에센셜 팩, 1개 150정(30포)",health-functional-food,여러개 가지고 다니면서 챙겨 먹기 힘들었는데 에센셜팩은 한포씩 담겨 있어서 가지고 다니면서 먹기 편해요 필수로 챙겨먹어야할 비타민 ㅁㅣ네랄 오메가 루테인 코엔자임 까지 한포로 챙길수 있어서 너무 좋아요,HFF_MAPPED,먹기 편,intake_convenience:convenient,intake_convenience,convenient,EXISTING_FACET,,,여러개 가지고 다니면서 챙겨 먹기 힘 여러개 가지고 다니면서 챙겨 먹기 힘들었는데 에센셜팩은 한포씩 담겨 있어서 가지고 다니면서 먹기 편해요 필수로 챙겨먹어야할 비타민 ㅁㅣ네랄 오메가 루테인 코엔자임 까지 한포로 챙길수 있어서 너무 좋아요,HIGH,False
19,1,"뉴트리미 에센셜 팩, 1개 150정(30포)",health-functional-food,여러개 가지고 다니면서 챙겨 먹기 힘들었는데 에센셜팩은 한포씩 담겨 있어서 가지고 다니면서 먹기 편해요 필수로 챙겨먹어야할 비타민 ㅁㅣ네랄 오메가 루테인 코엔자임 까지 한포로 챙길수 있어서 너무 좋아요,HFF_MAPPED,챙겨,intake_convenience:convenient,intake_convenience,convenient,EXISTING_FACET,,,여러개 가지고 다니면서 챙겨 먹기 힘 여러개 가지고 다니면서 챙겨 먹기 힘들었는데 에센셜팩은 한포씩 담겨 있어서 가지고 다니면서 먹기 편해요 필수로 챙겨먹어야할 비타민 ㅁㅣ네랄 오메가 루테인 코엔자임 까지,HIGH,False
19,1,"뉴트리미 에센셜 팩, 1개 150정(30포)",health-functional-food,여러개 가지고 다니면서 챙겨 먹기 힘들었는데 에센셜팩은 한포씩 담겨 있어서 가지고 다니면서 먹기 편해요 필수로 챙겨먹어야할 비타민 ㅁㅣ네랄 오메가 루테인 코엔자임 까지 한포로 챙길수 있어서 너무 좋아요,HFF_MAPPED,먹기 힘,intake_convenience:inconvenient,intake_convenience,inconvenient,EXISTING_FACET,,,여러개 가지고 다니면서 챙겨 먹기 힘 여러개 가지고 다니면서 챙겨 먹기 힘들었는데 에센셜팩은 한포씩 담겨 있어서 가지고 다니면서 먹기 편해요 필수로 챙겨먹어야할 비타민 ㅁㅣ네랄 오메가 루테인 코엔자임 까지 한포로 챙,HIGH,False
18,,,UNKNOWN,"출처를 알 수 없는 단백질 제품이 우후죽순으로 출시되는데, 원료를 꼼꼼히 보는 편이라 뉴트리미 자연방목 프로틴으로 선택했어요~ 저는 외부 활동을 많이해서 타 제품에 비해 간편하고 휴대성이 좋은 점도 마음에 들었고, 소량의 물로도 만들 수 있어서 단백질음료 먹기 힘드신 분들도 부담없이 드실 수 있는 제품이에요:)",UNMAPPED_REFERENCE,원료,ingredient_inclusion:ingredient_mentioned,ingredient_inclusion,ingredient_mentioned,EXISTING_FACET,,,"출처를 알 수 없는 단백질 제품이 우 출처를 알 수 없는 단백질 제품이 우후죽순으로 출시되는데, 원료를 꼼꼼히 보는 편이라 뉴트리미 자연방목 프로틴으로 선택했어요~ 저는 외부 활동을 많이해서 타 제품에 비해 간편하고 휴대성이 좋은 점도 마음에 들었고, 소량의 물로도 만들 수 있어",HIGH,False
18,,,UNKNOWN,"출처를 알 수 없는 단백질 제품이 우후죽순으로 출시되는데, 원료를 꼼꼼히 보는 편이라 뉴트리미 자연방목 프로틴으로 선택했어요~ 저는 외부 활동을 많이해서 타 제품에 비해 간편하고 휴대성이 좋은 점도 마음에 들었고, 소량의 물로도 만들 수 있어서 단백질음료 먹기 힘드신 분들도 부담없이 드실 수 있는 제품이에요:)",UNMAPPED_REFERENCE,간편,intake_convenience:convenient,intake_convenience,convenient,EXISTING_FACET,,,"품이 우 출처를 알 수 없는 단백질 제품이 우후죽순으로 출시되는데, 원료를 꼼꼼히 보는 편이라 뉴트리미 자연방목 프로틴으로 선택했어요~ 저는 외부 활동을 많이해서 타 제품에 비해 간편하고 휴대성이 좋은 점도 마음에 들었고, 소량의 물로도 만들 수 있어서 단백질음료 먹기 힘드신 분들도 부담없이 드실 수 있는 제품이에요:)",HIGH,False
18,,,UNKNOWN,"출처를 알 수 없는 단백질 제품이 우후죽순으로 출시되는데, 원료를 꼼꼼히 보는 편이라 뉴트리미 자연방목 프로틴으로 선택했어요~ 저는 외부 활동을 많이해서 타 제품에 비해 간편하고 휴대성이 좋은 점도 마음에 들었고, 소량의 물로도 만들 수 있어서 단백질음료 먹기 힘드신 분들도 부담없이 드실 수 있는 제품이에요:)",UNMAPPED_REFERENCE,먹기 힘,intake_convenience:inconvenient,intake_convenience,inconvenient,EXISTING_FACET,,,"편이라 뉴트리미 자연방목 프로틴으로 선택했어요~ 저는 외부 활동을 많이해서 타 제품에 비해 간편하고 휴대성이 좋은 점도 마음에 들었고, 소량의 물로도 만들 수 있어서 단백질음료 먹기 힘드신 분들도 부담없이 드실 수 있는 제품이에요:)",HIGH,False
18,,,UNKNOWN,"출처를 알 수 없는 단백질 제품이 우후죽순으로 출시되는데, 원료를 꼼꼼히 보는 편이라 뉴트리미 자연방목 프로틴으로 선택했어요~ 저는 외부 활동을 많이해서 타 제품에 비해 간편하고 휴대성이 좋은 점도 마음에 들었고, 소량의 물로도 만들 수 있어서 단백질음료 먹기 힘드신 분들도 부담없이 드실 수 있는 제품이에요:)",UNMAPPED_REFERENCE,휴대,packaging:portable,packaging,portable,EXISTING_FACET,,,"출처를 알 수 없는 단백질 제품이 우후죽순으로 출시되는데, 원료를 꼼꼼히 보는 편이라 뉴트리미 자연방목 프로틴으로 선택했어요~ 저는 외부 활동을 많이해서 타 제품에 비해 간편하고 휴대성이 좋은 점도 마음에 들었고, 소량의 물로도 만들 수 있어서 단백질음료 먹기 힘드신 분들도 부담없이 드실 수 있는 제품이에요:)",HIGH,False
17,,,UNKNOWN,"다이어트를 하면서 단백질을 여러번 먹어보았는데, 특유의 비린맛이 나서 먹기 거부감이 들어서 잘 안먹게 되었었는데, 뉴트리미 자연방목프로틴은 비린맛은 전혀 없고, 우유나 두유보다 더 진한맛이 느껴지면서 맛있더라구요. 아이들이 딱 좋아할만이예요. 아이들, 부모님께 선물해도 좋은 단백질영양제 좋은건 같이 나눠먹어야겠어요 ^^",UNMAPPED_REFERENCE,번 먹,intake_frequency,,,NEW_FACET_CANDIDATE,intake_frequency,,"다이어트를 하면서 단백질을 여러번 먹 다이어트를 하면서 단백질을 여러번 먹어보았는데, 특유의 비린맛이 나서 먹기 거부감이 들어서 잘 안먹게 되었었는데, 뉴트리미 자연방목프로틴은 비린맛은 전혀 없고, 우유나 두유보다",MEDIUM,False
17,,,UNKNOWN,"다이어트를 하면서 단백질을 여러번 먹어보았는데, 특유의 비린맛이 나서 먹기 거부감이 들어서 잘 안먹게 되었었는데, 뉴트리미 자연방목프로틴은 비린맛은 전혀 없고, 우유나 두유보다 더 진한맛이 느껴지면서 맛있더라구요. 아이들이 딱 좋아할만이예요. 아이들, 부모님께 선물해도 좋은 단백질영양제 좋은건 같이 나눠먹어야겠어요 ^^",UNMAPPED_REFERENCE,비린,odor:fishy,odor,fishy,EXISTING_FACET,,,"다이어트를 하면서 단백질을 여러번 먹 다이어트를 하면서 단백질을 여러번 먹어보았는데, 특유의 비린맛이 나서 먹기 거부감이 들어서 잘 안먹게 되었었는데, 뉴트리미 자연방목프로틴은 비린맛은 전혀 없고, 우유나 두유보다 더 진한맛이 느껴지면서 맛있더라구요. 아이들이 딱 좋아할만이예",HIGH,False
17,,,UNKNOWN,"다이어트를 하면서 단백질을 여러번 먹어보았는데, 특유의 비린맛이 나서 먹기 거부감이 들어서 잘 안먹게 되었었는데, 뉴트리미 자연방목프로틴은 비린맛은 전혀 없고, 우유나 두유보다 더 진한맛이 느껴지면서 맛있더라구요. 아이들이 딱 좋아할만이예요. 아이들, 부모님께 선물해도 좋은 단백질영양제 좋은건 같이 나눠먹어야겠어요 ^^",UNMAPPED_REFERENCE,맛,taste:taste,taste,taste,NEW_ALIAS,taste,taste,"다이어트를 하면서 단백질을 여러번 먹 다이어트를 하면서 단백질을 여러번 먹어보았는데, 특유의 비린맛이 나서 먹기 거부감이 들어서 잘 안먹게 되었었는데, 뉴트리미 자연방목프로틴은 비린맛은 전혀 없고, 우유나 두유보다 더 진한맛이 느껴지면서 맛있더라구요. 아이들이 딱 좋아할만이예요",HIGH,False
16,,,UNKNOWN,요즘 운동을 시작했는데 근육이 잘 안 붙어서 근육 형성하려고 구매했어요! 다른 단백질 파우더에 비해서 인공적인 향도 안 나고 담백하고 고소해서 너무 먹기 좋았어요! 물보다는 우유에 섞어먹는게 더 맛있는 것 같아요 ㅋㅋ 열심히 먹고 근육이 많이 많이 붙었으면 좋겠어요 ㅠㅠ 하루 한 포씩 먹고 있는 중인데 맛있어서 벌써 절반이나 먹었어요 ㅋㅋ,UNMAPPED_REFERENCE,하루 한,intake_frequency,,,NEW_FACET_CANDIDATE,intake_frequency,,비해서 인공적인 향도 안 나고 담백하고 고소해서 너무 먹기 좋았어요! 물보다는 우유에 섞어먹는게 더 맛있는 것 같아요 ㅋㅋ 열심히 먹고 근육이 많이 많이 붙었으면 좋겠어요 ㅠㅠ 하루 한 포씩 먹고 있는 중인데 맛있어서 벌써 절반이나 먹었어요 ㅋㅋ,MEDIUM,False
16,,,UNKNOWN,요즘 운동을 시작했는데 근육이 잘 안 붙어서 근육 형성하려고 구매했어요! 다른 단백질 파우더에 비해서 인공적인 향도 안 나고 담백하고 고소해서 너무 먹기 좋았어요! 물보다는 우유에 섞어먹는게 더 맛있는 것 같아요 ㅋㅋ 열심히 먹고 근육이 많이 많이 붙었으면 좋겠어요 ㅠㅠ 하루 한 포씩 먹고 있는 중인데 맛있어서 벌써 절반이나 먹었어요 ㅋㅋ,UNMAPPED_REFERENCE,향,odor:odor,odor,odor,NEW_ALIAS,odor,odor,요즘 운동을 시작했는데 근육이 잘 안 요즘 운동을 시작했는데 근육이 잘 안 붙어서 근육 형성하려고 구매했어요! 다른 단백질 파우더에 비해서 인공적인 향도 안 나고 담백하고 고소해서 너무 먹기 좋았어요! 물보다는 우유에 섞어먹는게 더 맛있는 것 같아요 ㅋㅋ 열심히 먹고 근육이 많이 많이 붙었으면 좋겠어요 ㅠㅠ 하루 한 포씩 먹고,HIGH,False
16,,,UNKNOWN,요즘 운동을 시작했는데 근육이 잘 안 붙어서 근육 형성하려고 구매했어요! 다른 단백질 파우더에 비해서 인공적인 향도 안 나고 담백하고 고소해서 너무 먹기 좋았어요! 물보다는 우유에 섞어먹는게 더 맛있는 것 같아요 ㅋㅋ 열심히 먹고 근육이 많이 많이 붙었으면 좋겠어요 ㅠㅠ 하루 한 포씩 먹고 있는 중인데 맛있어서 벌써 절반이나 먹었어요 ㅋㅋ,UNMAPPED_REFERENCE,맛,taste:taste,taste,taste,NEW_ALIAS,taste,taste,했는데 근육이 잘 안 붙어서 근육 형성하려고 구매했어요! 다른 단백질 파우더에 비해서 인공적인 향도 안 나고 담백하고 고소해서 너무 먹기 좋았어요! 물보다는 우유에 섞어먹는게 더 맛있는 것 같아요 ㅋㅋ 열심히 먹고 근육이 많이 많이 붙었으면 좋겠어요 ㅠㅠ 하루 한 포씩 먹고 있는 중인데 맛있어서 벌써 절반이나 먹었어요 ㅋㅋ,HIGH,False
15,,,UNKNOWN,"몸에좋은 유청단백질! 100% 유청단백질을 비롯해서 칼슘까지 한포에 몸에 채울 수 있어서 넘 편하고 든든해요! 매번 먹다보면 정량 맞추기가 귀찮아서 대충 직감으로 먹곤 했는데 50ml가 체크되어있는 보틀까지 있어서 정량에 맞춰서 먹을 수 있어요! 맛이첨가되지 않은 단백질분말같은 경우에는 뭔가 특유에 비릿한 맛이 느껴져서 초코맛,딸기맛 등등 맛",UNMAPPED_REFERENCE,번 먹,intake_frequency,,,NEW_FACET_CANDIDATE,intake_frequency,,몸에좋은 유청단백질! 1 몸에좋은 유청단백질! 100% 유청단백질을 비롯해서 칼슘까지 한포에 몸에 채울 수 있어서 넘 편하고 든든해요! 매번 먹다보면 정량 맞추기가 귀찮아서 대충 직감으로 먹곤 했는데 50ml가 체크되어있는 보틀까지 있어서 정량에 맞춰서 먹을 수 있어요! 맛이첨가되지 않은 단백질분말같은 경우에는 뭔가 특유,MEDIUM,False
15,,,UNKNOWN,"몸에좋은 유청단백질! 100% 유청단백질을 비롯해서 칼슘까지 한포에 몸에 채울 수 있어서 넘 편하고 든든해요! 매번 먹다보면 정량 맞추기가 귀찮아서 대충 직감으로 먹곤 했는데 50ml가 체크되어있는 보틀까지 있어서 정량에 맞춰서 먹을 수 있어요! 맛이첨가되지 않은 단백질분말같은 경우에는 뭔가 특유에 비릿한 맛이 느껴져서 초코맛,딸기맛 등등 맛",UNMAPPED_REFERENCE,분말,product_form:powder,product_form,powder,EXISTING_FACET,,,"편하고 든든해요! 매번 먹다보면 정량 맞추기가 귀찮아서 대충 직감으로 먹곤 했는데 50ml가 체크되어있는 보틀까지 있어서 정량에 맞춰서 먹을 수 있어요! 맛이첨가되지 않은 단백질분말같은 경우에는 뭔가 특유에 비릿한 맛이 느껴져서 초코맛,딸기맛 등등 맛",HIGH,False
15,,,UNKNOWN,"몸에좋은 유청단백질! 100% 유청단백질을 비롯해서 칼슘까지 한포에 몸에 채울 수 있어서 넘 편하고 든든해요! 매번 먹다보면 정량 맞추기가 귀찮아서 대충 직감으로 먹곤 했는데 50ml가 체크되어있는 보틀까지 있어서 정량에 맞춰서 먹을 수 있어요! 맛이첨가되지 않은 단백질분말같은 경우에는 뭔가 특유에 비릿한 맛이 느껴져서 초코맛,딸기맛 등등 맛",UNMAPPED_REFERENCE,맛,taste:taste,taste,taste,NEW_ALIAS,taste,taste,"몸에 채울 수 있어서 넘 편하고 든든해요! 매번 먹다보면 정량 맞추기가 귀찮아서 대충 직감으로 먹곤 했는데 50ml가 체크되어있는 보틀까지 있어서 정량에 맞춰서 먹을 수 있어요! 맛이첨가되지 않은 단백질분말같은 경우에는 뭔가 특유에 비릿한 맛이 느껴져서 초코맛,딸기맛 등등 맛",HIGH,False
14,1,"뉴트리미 에센셜 팩, 1개 150정(30포)",health-functional-food,하루 한팩에 필요한게 다 담겨있어 복잡하게 이것저것 챙겨먹을 필요 없이 한번에 해결돼서 편합니다 알약이 먹기 좋은 크기라 부담없어요 : ),HFF_MAPPED,하루 한,intake_frequency,,,NEW_FACET_CANDIDATE,intake_frequency,,하루 한팩에 필요한게 다 담겨있어 복 하루 한팩에 필요한게 다 담겨있어 복잡하게 이것저것 챙겨먹을 필요 없이 한번에 해결돼서 편합니다 알약이 먹기 좋은 크기라 부담없어요 : ),MEDIUM,False
14,1,"뉴트리미 에센셜 팩, 1개 150정(30포)",health-functional-food,하루 한팩에 필요한게 다 담겨있어 복잡하게 이것저것 챙겨먹을 필요 없이 한번에 해결돼서 편합니다 알약이 먹기 좋은 크기라 부담없어요 : ),HFF_MAPPED,챙겨,intake_convenience:convenient,intake_convenience,convenient,EXISTING_FACET,,,하루 한팩에 필요한게 다 담겨있어 복 하루 한팩에 필요한게 다 담겨있어 복잡하게 이것저것 챙겨먹을 필요 없이 한번에 해결돼서 편합니다 알약이 먹기 좋은 크기라 부담없어요 : ),HIGH,False
14,1,"뉴트리미 에센셜 팩, 1개 150정(30포)",health-functional-food,하루 한팩에 필요한게 다 담겨있어 복잡하게 이것저것 챙겨먹을 필요 없이 한번에 해결돼서 편합니다 알약이 먹기 좋은 크기라 부담없어요 : ),HFF_MAPPED,알약,product_form:tablet,product_form,tablet,EXISTING_FACET,,,하루 한팩에 필요한게 다 담겨있어 복 하루 한팩에 필요한게 다 담겨있어 복잡하게 이것저것 챙겨먹을 필요 없이 한번에 해결돼서 편합니다 알약이 먹기 좋은 크기라 부담없어요 : ),HIGH,False
13,1,"뉴트리미 에센셜 팩, 1개 150정(30포)",health-functional-food,"-집에 좋은 영양제를 가져다놔도 밖에 서둘러 나갈 때 챙기는 것을 까먹기도 하고 습기가 많은 요즘 날씨에, 큰 통에 담긴 영양제는 찜찜하기도 해서 에센셜 팩 구입했어요 -2주 정도 먹었는데, 제가 요즘 일도 하고 운동도 하고 살림도 하고 공부까지 하고 있어서 너무 힘들었는데 전반적으로 체력이 개선된 거 같아요 피곤한게 많이 좋아졌어요 역시 사람은 잘 먹어",HFF_MAPPED,개선,medical_outcome,,,SUBJECTIVE_MEDICAL_OUTCOME,,,"담긴 영양제는 찜찜하기도 해서 에센셜 팩 구입했어요 -2주 정도 먹었는데, 제가 요즘 일도 하고 운동도 하고 살림도 하고 공부까지 하고 있어서 너무 힘들었는데 전반적으로 체력이 개선된 거 같아요 피곤한게 많이 좋아졌어요 역시 사람은 잘 먹어",HIGH,True
12,,,UNKNOWN,"먹기에 편하고 나를 위해 좋은 일 한 느낌이 나요~~~~! 하나도 안 달고, 먹고 시간이 지나면 입술이 딱 붙어버리는 거 ㅎㅎ 아주 좋습니다! 칼슘까지 같이 먹고, 유당은 없다보니 우유먹고 배 안 좋은 저는 배가 안 아프니까~~ 감사할 따름입니다!!",UNMAPPED_REFERENCE,,non_facet,,,NON_FACET,,,"먹기에 편하고 나를 위해 좋은 일 한 먹기에 편하고 나를 위해 좋은 일 한 느낌이 나요~~~~! 하나도 안 달고, 먹고 시간이 지나면 입술이 딱 붙어버리는 거 ㅎㅎ 아주 좋습니다! 칼슘까지 같이 먹고, 유당은 없다보니 우유먹고 배 안 좋은 저는 배가 안 아프니까~~ 감사할 따름입니다!!",LOW,False
11,1,"뉴트리미 에센셜 팩, 1개 150정(30포)",health-functional-food,하루에 한포로 모든 영양소를 섭취할 수 있어서 좋았습니다. 그동안 다양한 영양제들을 섭취하면서 종류가 많아 챙겨먹기도 힘들고 식탁위가 항상 지저분 했었는데 뉴트리미 에센셜팩 하나로 모든게 해결되니 식탁위가 깔끔해졌어요- 한포씩 개별 포장되어 있어 위생적이고 휴대하기 좋아 매일매일 영양제를 챙겨먹는데 전혀 문제가 없습니다! 가격적인 면도 영양제 한개의 가격으,HFF_MAPPED,하루에,intake_frequency,,,NEW_FACET_CANDIDATE,intake_frequency,,하루에 한포로 모든 영양소를 섭취할 하루에 한포로 모든 영양소를 섭취할 수 있어서 좋았습니다. 그동안 다양한 영양제들을 섭취하면서 종류가 많아 챙겨먹기도 힘들고 식탁위가 항상 지저분 했,MEDIUM,False
11,1,"뉴트리미 에센셜 팩, 1개 150정(30포)",health-functional-food,하루에 한포로 모든 영양소를 섭취할 수 있어서 좋았습니다. 그동안 다양한 영양제들을 섭취하면서 종류가 많아 챙겨먹기도 힘들고 식탁위가 항상 지저분 했었는데 뉴트리미 에센셜팩 하나로 모든게 해결되니 식탁위가 깔끔해졌어요- 한포씩 개별 포장되어 있어 위생적이고 휴대하기 좋아 매일매일 영양제를 챙겨먹는데 전혀 문제가 없습니다! 가격적인 면도 영양제 한개의 가격으,HFF_MAPPED,챙겨,intake_convenience:convenient,intake_convenience,convenient,EXISTING_FACET,,,하루에 한포로 모든 영양소를 섭취할 하루에 한포로 모든 영양소를 섭취할 수 있어서 좋았습니다. 그동안 다양한 영양제들을 섭취하면서 종류가 많아 챙겨먹기도 힘들고 식탁위가 항상 지저분 했었는데 뉴트리미 에센셜팩 하나로 모든게 해결되니 식탁위가 깔끔해졌어요- 한포씩 개별 포장되어 있어 위생적이고 휴대하기 좋아 매일매일 영양제를,HIGH,False
11,1,"뉴트리미 에센셜 팩, 1개 150정(30포)",health-functional-food,하루에 한포로 모든 영양소를 섭취할 수 있어서 좋았습니다. 그동안 다양한 영양제들을 섭취하면서 종류가 많아 챙겨먹기도 힘들고 식탁위가 항상 지저분 했었는데 뉴트리미 에센셜팩 하나로 모든게 해결되니 식탁위가 깔끔해졌어요- 한포씩 개별 포장되어 있어 위생적이고 휴대하기 좋아 매일매일 영양제를 챙겨먹는데 전혀 문제가 없습니다! 가격적인 면도 영양제 한개의 가격으,HFF_MAPPED,포장,packaging:packaging,packaging,packaging,EXISTING_FACET,,,다. 그동안 다양한 영양제들을 섭취하면서 종류가 많아 챙겨먹기도 힘들고 식탁위가 항상 지저분 했었는데 뉴트리미 에센셜팩 하나로 모든게 해결되니 식탁위가 깔끔해졌어요- 한포씩 개별 포장되어 있어 위생적이고 휴대하기 좋아 매일매일 영양제를 챙겨먹는데 전혀 문제가 없습니다! 가격적인 면도 영양제 한개의 가격으,HIGH,False
11,1,"뉴트리미 에센셜 팩, 1개 150정(30포)",health-functional-food,하루에 한포로 모든 영양소를 섭취할 수 있어서 좋았습니다. 그동안 다양한 영양제들을 섭취하면서 종류가 많아 챙겨먹기도 힘들고 식탁위가 항상 지저분 했었는데 뉴트리미 에센셜팩 하나로 모든게 해결되니 식탁위가 깔끔해졌어요- 한포씩 개별 포장되어 있어 위생적이고 휴대하기 좋아 매일매일 영양제를 챙겨먹는데 전혀 문제가 없습니다! 가격적인 면도 영양제 한개의 가격으,HFF_MAPPED,휴대,packaging:portable,packaging,portable,EXISTING_FACET,,,들을 섭취하면서 종류가 많아 챙겨먹기도 힘들고 식탁위가 항상 지저분 했었는데 뉴트리미 에센셜팩 하나로 모든게 해결되니 식탁위가 깔끔해졌어요- 한포씩 개별 포장되어 있어 위생적이고 휴대하기 좋아 매일매일 영양제를 챙겨먹는데 전혀 문제가 없습니다! 가격적인 면도 영양제 한개의 가격으,HIGH,False
10,22,뉴트리미 프로바이오텍트 플러스 이뮨,health-functional-food,뉴트리미알게되어 너무좋아요~~ 육십대시골할머니인데요..오른쪽 **가 잘 **서 걱정이되어 여러가지*도 먹어보고 ***도 **어봤는데 시원하게 해결할수가 없었는데 뉴트리미를 몇개월 먹었는데 어느때부터 그**이 없어져서 지금은 너무 감사하게 생각하며 복용중이네요~~ 영양제를 어떻게 먹어야 좋은지를 몰라 이거저거 먹어보다 여기 선생님들이 좋은것들을 만들어,HFF_MAPPED,,non_facet,,,NON_FACET,,,뉴트리미알게되어 너무좋아요~~ 뉴트리미알게되어 너무좋아요~~ 육십대시골할머니인데요..오른쪽 **가 잘 **서 걱정이되어 여러가지*도 먹어보고 ***도 **어봤는데 시원하게 해결할수가 없었는데 뉴트리미를 몇개월 먹었는데 어느때부터 그**이 없어져서 지금은 너무 감사하게 생각하며 복용중이네요~~ 영양제를 어떻게 먹어야 좋은지를 몰라 이거저거 먹어보다 여기 선생님들이 좋은것들을 만들어,LOW,False
9,1,"뉴트리미 에센셜 팩, 1개 150정(30포)",health-functional-food,"한 손에 다 들어오는 앙증맞은 사이즈의 알약이에요 5가지인데도 한 번에 목 넘김이 편해요 종합 비타민 무기질이 살짝 변색이 있는데, 제품의 특성상 정제의 색상이 다소 진해질 수 있고 품질에는 영향이 없다고 합니다. 무엇보다 낱개 포장으로 휴대하기 간편해서 가지고 다니면서 먹기도 좋은 거 같아요 꾸준히 먹",HFF_MAPPED,간편,intake_convenience:convenient,intake_convenience,convenient,EXISTING_FACET,,,"에 목 넘김이 편해요 종합 비타민 무기질이 살짝 변색이 있는데, 제품의 특성상 정제의 색상이 다소 진해질 수 있고 품질에는 영향이 없다고 합니다. 무엇보다 낱개 포장으로 휴대하기 간편해서 가지고 다니면서 먹기도 좋은 거 같아요 꾸준히 먹",HIGH,False
9,1,"뉴트리미 에센셜 팩, 1개 150정(30포)",health-functional-food,"한 손에 다 들어오는 앙증맞은 사이즈의 알약이에요 5가지인데도 한 번에 목 넘김이 편해요 종합 비타민 무기질이 살짝 변색이 있는데, 제품의 특성상 정제의 색상이 다소 진해질 수 있고 품질에는 영향이 없다고 합니다. 무엇보다 낱개 포장으로 휴대하기 간편해서 가지고 다니면서 먹기도 좋은 거 같아요 꾸준히 먹",HFF_MAPPED,향,odor:odor,odor,odor,NEW_ALIAS,odor,odor,"어오는 앙증맞은 사이즈의 알약이에요 5가지인데도 한 번에 목 넘김이 편해요 종합 비타민 무기질이 살짝 변색이 있는데, 제품의 특성상 정제의 색상이 다소 진해질 수 있고 품질에는 영향이 없다고 합니다. 무엇보다 낱개 포장으로 휴대하기 간편해서 가지고 다니면서 먹기도 좋은 거 같아요 꾸준히 먹",HIGH,False
9,1,"뉴트리미 에센셜 팩, 1개 150정(30포)",health-functional-food,"한 손에 다 들어오는 앙증맞은 사이즈의 알약이에요 5가지인데도 한 번에 목 넘김이 편해요 종합 비타민 무기질이 살짝 변색이 있는데, 제품의 특성상 정제의 색상이 다소 진해질 수 있고 품질에는 영향이 없다고 합니다. 무엇보다 낱개 포장으로 휴대하기 간편해서 가지고 다니면서 먹기도 좋은 거 같아요 꾸준히 먹",HFF_MAPPED,알약,product_form:tablet,product_form,tablet,EXISTING_FACET,,,"한 손에 다 들어오는 앙증맞은 사이즈 한 손에 다 들어오는 앙증맞은 사이즈의 알약이에요 5가지인데도 한 번에 목 넘김이 편해요 종합 비타민 무기질이 살짝 변색이 있는데, 제품의 특성상 정제의 색상이 다소 진해질 수 있고 품질에는 영향이 없다고 합니다. 무엇보다",HIGH,False
9,1,"뉴트리미 에센셜 팩, 1개 150정(30포)",health-functional-food,"한 손에 다 들어오는 앙증맞은 사이즈의 알약이에요 5가지인데도 한 번에 목 넘김이 편해요 종합 비타민 무기질이 살짝 변색이 있는데, 제품의 특성상 정제의 색상이 다소 진해질 수 있고 품질에는 영향이 없다고 합니다. 무엇보다 낱개 포장으로 휴대하기 간편해서 가지고 다니면서 먹기도 좋은 거 같아요 꾸준히 먹",HFF_MAPPED,정제,product_form:tablet,product_form,tablet,EXISTING_FACET,,,"에 다 들어오는 앙증맞은 사이즈 한 손에 다 들어오는 앙증맞은 사이즈의 알약이에요 5가지인데도 한 번에 목 넘김이 편해요 종합 비타민 무기질이 살짝 변색이 있는데, 제품의 특성상 정제의 색상이 다소 진해질 수 있고 품질에는 영향이 없다고 합니다. 무엇보다 낱개 포장으로 휴대하기 간편해서 가지고 다니면서 먹기도 좋은 거 같아요 꾸준히 먹",HIGH,False
9,1,"뉴트리미 에센셜 팩, 1개 150정(30포)",health-functional-food,"한 손에 다 들어오는 앙증맞은 사이즈의 알약이에요 5가지인데도 한 번에 목 넘김이 편해요 종합 비타민 무기질이 살짝 변색이 있는데, 제품의 특성상 정제의 색상이 다소 진해질 수 있고 품질에는 영향이 없다고 합니다. 무엇보다 낱개 포장으로 휴대하기 간편해서 가지고 다니면서 먹기도 좋은 거 같아요 꾸준히 먹",HFF_MAPPED,포장,packaging:packaging,packaging,packaging,EXISTING_FACET,,,"5가지인데도 한 번에 목 넘김이 편해요 종합 비타민 무기질이 살짝 변색이 있는데, 제품의 특성상 정제의 색상이 다소 진해질 수 있고 품질에는 영향이 없다고 합니다. 무엇보다 낱개 포장으로 휴대하기 간편해서 가지고 다니면서 먹기도 좋은 거 같아요 꾸준히 먹",HIGH,False
9,1,"뉴트리미 에센셜 팩, 1개 150정(30포)",health-functional-food,"한 손에 다 들어오는 앙증맞은 사이즈의 알약이에요 5가지인데도 한 번에 목 넘김이 편해요 종합 비타민 무기질이 살짝 변색이 있는데, 제품의 특성상 정제의 색상이 다소 진해질 수 있고 품질에는 영향이 없다고 합니다. 무엇보다 낱개 포장으로 휴대하기 간편해서 가지고 다니면서 먹기도 좋은 거 같아요 꾸준히 먹",HFF_MAPPED,휴대,packaging:portable,packaging,portable,EXISTING_FACET,,,"도 한 번에 목 넘김이 편해요 종합 비타민 무기질이 살짝 변색이 있는데, 제품의 특성상 정제의 색상이 다소 진해질 수 있고 품질에는 영향이 없다고 합니다. 무엇보다 낱개 포장으로 휴대하기 간편해서 가지고 다니면서 먹기도 좋은 거 같아요 꾸준히 먹",HIGH,False
8,,,UNKNOWN,단백질과 칼슘 등 기능 성분 외 불필요한 첨가물들을 최소화하여 깨끗한 프로틴을 섭취할 수 있는 것 같아서 너무 좋아요 물 50ml에 1포를 타서 슥 저어주기만 하면 끝이라 섭취도 간단하고 물에도 쉽게 녹아서 운동한 뒤 꼭 먹고 있어요ㅎㅎ,UNMAPPED_REFERENCE,타서,mixability,,,NEW_FACET_CANDIDATE,mixability,,단백질과 칼슘 등 기능 성분 외 불필 단백질과 칼슘 등 기능 성분 외 불필요한 첨가물들을 최소화하여 깨끗한 프로틴을 섭취할 수 있는 것 같아서 너무 좋아요 물 50ml에 1포를 타서 슥 저어주기만 하면 끝이라 섭취도 간단하고 물에도 쉽게 녹아서 운동한 뒤 꼭 먹고 있어요ㅎㅎ,MEDIUM,False
8,,,UNKNOWN,단백질과 칼슘 등 기능 성분 외 불필요한 첨가물들을 최소화하여 깨끗한 프로틴을 섭취할 수 있는 것 같아서 너무 좋아요 물 50ml에 1포를 타서 슥 저어주기만 하면 끝이라 섭취도 간단하고 물에도 쉽게 녹아서 운동한 뒤 꼭 먹고 있어요ㅎㅎ,UNMAPPED_REFERENCE,성분,ingredient_inclusion:ingredient_mentioned,ingredient_inclusion,ingredient_mentioned,EXISTING_FACET,,,단백질과 칼슘 등 기능 성분 외 불필 단백질과 칼슘 등 기능 성분 외 불필요한 첨가물들을 최소화하여 깨끗한 프로틴을 섭취할 수 있는 것 같아서 너무 좋아요 물 50ml에 1포를 타서 슥 저어주기만 하면 끝이,HIGH,False
7,,,UNKNOWN,일단 배송이 빨리 왔어요. 물 50ml만 있으면 되어서 먹기 참 간편해요. 개별 포장되어서 가지고 다니기도 좋아요. 전용 보틀도 같이 왔고요. 만족해요.,UNMAPPED_REFERENCE,간편,intake_convenience:convenient,intake_convenience,convenient,EXISTING_FACET,,,일단 배송이 빨리 왔어요. 일단 배송이 빨리 왔어요. 물 50ml만 있으면 되어서 먹기 참 간편해요. 개별 포장되어서 가지고 다니기도 좋아요. 전용 보틀도 같이 왔고요. 만족해요.,HIGH,False
7,,,UNKNOWN,일단 배송이 빨리 왔어요. 물 50ml만 있으면 되어서 먹기 참 간편해요. 개별 포장되어서 가지고 다니기도 좋아요. 전용 보틀도 같이 왔고요. 만족해요.,UNMAPPED_REFERENCE,포장,packaging:packaging,packaging,packaging,EXISTING_FACET,,,일단 배송이 빨리 왔어요. 일단 배송이 빨리 왔어요. 물 50ml만 있으면 되어서 먹기 참 간편해요. 개별 포장되어서 가지고 다니기도 좋아요. 전용 보틀도 같이 왔고요. 만족해요.,HIGH,False
6,1,"뉴트리미 에센셜 팩, 1개 150정(30포)",health-functional-food,필요한 영양제들이 간편하게 한팩으로 포장되어서 챙겨먹기 편리합니다~ 특히 목넘임도 굉장히 좋습니다!,HFF_MAPPED,먹기 편,intake_convenience:convenient,intake_convenience,convenient,EXISTING_FACET,,,필요한 영양제들이 간편하게 한팩으로 필요한 영양제들이 간편하게 한팩으로 포장되어서 챙겨먹기 편리합니다~ 특히 목넘임도 굉장히 좋습니다!,HIGH,False
6,1,"뉴트리미 에센셜 팩, 1개 150정(30포)",health-functional-food,필요한 영양제들이 간편하게 한팩으로 포장되어서 챙겨먹기 편리합니다~ 특히 목넘임도 굉장히 좋습니다!,HFF_MAPPED,간편,intake_convenience:convenient,intake_convenience,convenient,EXISTING_FACET,,,필요한 영양제들이 간편하게 한팩으로 필요한 영양제들이 간편하게 한팩으로 포장되어서 챙겨먹기 편리합니다~ 특히 목넘임도 굉장히 좋습니다!,HIGH,False
6,1,"뉴트리미 에센셜 팩, 1개 150정(30포)",health-functional-food,필요한 영양제들이 간편하게 한팩으로 포장되어서 챙겨먹기 편리합니다~ 특히 목넘임도 굉장히 좋습니다!,HFF_MAPPED,챙겨,intake_convenience:convenient,intake_convenience,convenient,EXISTING_FACET,,,필요한 영양제들이 간편하게 한팩으로 필요한 영양제들이 간편하게 한팩으로 포장되어서 챙겨먹기 편리합니다~ 특히 목넘임도 굉장히 좋습니다!,HIGH,False
6,1,"뉴트리미 에센셜 팩, 1개 150정(30포)",health-functional-food,필요한 영양제들이 간편하게 한팩으로 포장되어서 챙겨먹기 편리합니다~ 특히 목넘임도 굉장히 좋습니다!,HFF_MAPPED,포장,packaging:packaging,packaging,packaging,EXISTING_FACET,,,필요한 영양제들이 간편하게 한팩으로 필요한 영양제들이 간편하게 한팩으로 포장되어서 챙겨먹기 편리합니다~ 특히 목넘임도 굉장히 좋습니다!,HIGH,False
5,134,뉴트리미 마이팩 하루 한 포 맞춤영양제,health-functional-food,자세하게 상담도 해주시고 친절하게 도와주셔서 감사해요^^ 꾸준히 잘 먹고 있습니다^^,HFF_MAPPED,,non_facet,,,NON_FACET,,,자세하게 상담도 해주시고 친절하게 도 자세하게 상담도 해주시고 친절하게 도와주셔서 감사해요^^ 꾸준히 잘 먹고 있습니다^^,LOW,False
4,1,"뉴트리미 에센셜 팩, 1개 150정(30포)",health-functional-food,한번에 포장이 되어 있어 먹기 좋아요,HFF_MAPPED,포장,packaging:packaging,packaging,packaging,EXISTING_FACET,,,한번에 포장이 되어 있어 먹기 좋아요 한번에 포장이 되어 있어 먹기 좋아요,HIGH,False
3,116,[마이팩] 뉴트리미 하이key팩,health-functional-food,영양제를 사서 챙겨 먹은 적은 없었고 (누군가 외국 다녀오며 선물로 준 거 먹어보기만) 규칙적인 운동(매일 수영) 해서 컨디션 항상성() 이 나름 있었는데 코로나로 집에 있다보니 ㅜㅜ 먹음 많이 살찌고 적게 먹음 컨디션 유지가 안 돼 보충 영양제 뭔가 먹어야 겠다 생각했던 차에 추천받아 사 먹은 영양제이고 2번째 재구매 입니다 편식하는(생선류,HFF_MAPPED,챙겨,intake_convenience:convenient,intake_convenience,convenient,EXISTING_FACET,,,영양제를 사서 챙겨 먹은 적은 없었고 영양제를 사서 챙겨 먹은 적은 없었고 (누군가 외국 다녀오며 선물로 준 거 먹어보기만) 규칙적인 운동(매일 수영) 해서 컨디션 항상성() 이 나름 있었는데 코로,HIGH,False
2,126,[마이팩] 뉴트리미 데일리팩,health-functional-food,"건강에 꼭 필요한 것들만 첨가물을 줄여서 작게 만들어서인지 먹기 넘 편하고, 가지고 다니기 완전 좋아요! 믿을 수 있는 전문가가 챙겨주니 믿음도 갑니다^^ 열심히 먹어보겠습니당~",HFF_MAPPED,챙겨,intake_convenience:convenient,intake_convenience,convenient,EXISTING_FACET,,,"건강에 꼭 필요한 것들만 첨가물을 줄 건강에 꼭 필요한 것들만 첨가물을 줄여서 작게 만들어서인지 먹기 넘 편하고, 가지고 다니기 완전 좋아요! 믿을 수 있는 전문가가 챙겨주니 믿음도 갑니다^^ 열심히 먹어보겠습니당~",HIGH,False
1,1,"뉴트리미 에센셜 팩, 1개 150정(30포)",health-functional-food,늘 먹던 제품들 병병이 열어서 정말 싫었는데 편해서 좋음요! 나갈때 가져나갈 수 있구 가방에 두면 잊지않고 먹어서 좋음요! 첨가물을 줄였다더니 ㅎ 모든 사이즈가 새끼손톱보다 작아서 먹기에 딱이구 귀엽고 예쁨요! 원료는 모두 유명한 회사꺼라서~ 소중한 나한테 딱이어요! 강추드려영,HFF_MAPPED,원료,ingredient_inclusion:ingredient_mentioned,ingredient_inclusion,ingredient_mentioned,EXISTING_FACET,,,말 싫었는데 편해서 좋음요! 나갈때 가져나갈 수 있구 가방에 두면 잊지않고 먹어서 좋음요! 첨가물을 줄였다더니 ㅎ 모든 사이즈가 새끼손톱보다 작아서 먹기에 딱이구 귀엽고 예쁨요! 원료는 모두 유명한 회사꺼라서~ 소중한 나한테 딱이어요! 강추드려영,HIGH,False
